claim_id,passage_id,ticker,report_period,source_file,source_line,evidence_quote,ai_relevance,focal_firm_evidence,actor,temporal_status,use_case_id,use_case,application_scope,ai_technology_type,strategic_orientation,ai_commitment,forward_looking,strategy_specificity,adoption_stage,reported_deployment,pilot_reported,ai_investment,ai_partnership,ai_risk,ai_governance,quantified_outcome,outcome_attribution,outcome_metric,coding_confidence,needs_human_review,annotation_rationale,uncertainty_reason,human_validated,stage_eligible,operational_stage,use_case_identity_status,is_strategy_claim,risk_category,context_reviewed,context_reference,evidence_start_char,evidence_end_char,evidence_start_line,evidence_end_line,duplicate_group_id,record_type,annotation_version
MSFT_claim_362d58e565c7e6070513,MSFT_10K_2026-07-29:L124:cba32c2084f48265,MSFT,2026-06-30,MSFT_10K_2026-07-29.txt,124,Microsoft is a technology company committed to making digital technology and artificial intelligence (“AI”) available broadly and doing so responsibly.,substantive,yes,focal_firm,current,NA,NA,unclear_or_other,unspecified_ai,responsible_ai,NA,yes,1,1,NA,NA,no,no,no,no,no,NA,NA,medium,yes,Corporate AI mission and responsibility ambition; no application identified.,Whether mission-level 'committed' language is an actionable management undertaking.,no,yes,1,NA,yes,NA,no,NA,11067,11218,124,124,msft_ai_mission,claim,first_pass_2026_10_08_v1
MSFT_claim_6f74e3ceed49d7a6154a,MSFT_10K_2026-07-29:L126:099f2984aec36957,MSFT,2026-06-30,MSFT_10K_2026-07-29.txt,126,"We develop and support a broad portfolio of technology solutions for individuals and businesses, focusing on secure, trusted, and innovative platforms and applications that meet evolving customer needs across AI, cloud computing, productivity and collaboration, and personal computing.",substantive,yes,focal_firm,current,NA,NA,unclear_or_other,unspecified_ai,customer_experience|innovation,no,no,2,1,NA,NA,no,no,no,no,no,NA,NA,high,no,"Firm-wide AI portfolio focus, without an identifiable implementation action.",NA,no,yes,1,NA,yes,NA,no,NA,11315,11600,126,126,NA,claim,first_pass_2026_10_08_v1
MSFT_claim_1952561872808549c3c8,MSFT_10K_2026-07-29:L128:8b82d7c71beec676,MSFT,2026-06-30,MSFT_10K_2026-07-29.txt,128,"AI is fundamentally transforming productivity for every individual, organization, and industry.",context_only,no,industry,current,NA,NA,NA,NA,NA,NA,NA,NA,NA,NA,NA,NA,NA,NA,NA,NA,NA,NA,high,no,"Industry-wide productivity assertion, not a focal application.",NA,no,no,NA,NA,NA,NA,no,NA,11691,11786,128,128,NA,screening,first_pass_2026_10_08_v1
MSFT_claim_c91be562ea5d4d5490b7,MSFT_10K_2026-07-29:L128:8b82d7c71beec676,MSFT,2026-06-30,MSFT_10K_2026-07-29.txt,128,"Microsoft's AI offerings span every layer of the technology stack, enabling transformative outcomes across sectors and unlocking opportunity for every country, community, and individual.",substantive,yes,focal_firm,current,NA,NA,unclear_or_other,unspecified_ai,innovation,no,no,1,1,NA,NA,no,no,no,no,no,NA,NA,high,no,Broad focal-firm offerings and transformative ambition lack an application.,NA,no,yes,1,NA,yes,NA,no,NA,11787,11973,128,128,NA,claim,first_pass_2026_10_08_v1
MSFT_claim_55f4136ac9be3c8b9592,MSFT_10K_2026-07-29:L130:592d60126f389ab5,MSFT,2026-06-30,MSFT_10K_2026-07-29.txt,130,"We believe AI should be as empowering as it is powerful, and we’re committed to designing and deploying AI responsibly with safety and security from the outset.",substantive,yes,focal_firm,planned,NA,NA,unclear_or_other,unspecified_ai,responsible_ai|security,yes,yes,2,1,NA,NA,no,no,no,yes,no,NA,NA,high,no,"Explicit responsible-design undertaking, without concrete deployment evidence.",NA,no,yes,1,NA,yes,NA,no,NA,11977,12137,130,130,NA,claim,first_pass_2026_10_08_v1
MSFT_claim_4dea18238c95289fc45f,MSFT_10K_2026-07-29:L136:3567704567ee96bb,MSFT,2026-06-30,MSFT_10K_2026-07-29.txt,136,"We offer an array of services, including cloud-based solutions that provide customers with AI, software, services, platforms, and content, and we provide solution support and consulting services.",substantive,yes,focal_firm,current,NA,NA,customer_facing_product,unspecified_ai,NA,no,no,2,NA,NA,NA,no,no,no,no,NA,NA,NA,medium,yes,"Current generic AI service provision is reported, but no independently identifiable AI application.",Service catalogue too broad to assign an application-level stage.,no,uncertain,NA,NA,no,NA,no,NA,12342,12537,136,136,NA,claim,first_pass_2026_10_08_v1
MSFT_claim_393142aba782ac13c46c,MSFT_10K_2026-07-29:L140:9790d3d1baf5589e,MSFT,2026-06-30,MSFT_10K_2026-07-29.txt,140,"Digital transformation and adoption of AI continues to revolutionize more business workstreams for organizations in every sector across the globe. For enterprises, digital technology empowers employees, optimizes operations, engages customers, and in some cases, changes the very core of products and services.",context_only,no,industry,current,NA,NA,NA,NA,NA,NA,NA,NA,NA,NA,NA,NA,NA,NA,NA,NA,NA,NA,high,no,General cross-industry transformation discussion.,NA,no,no,NA,NA,NA,NA,no,NA,12929,13239,140,140,NA,screening,first_pass_2026_10_08_v1
MSFT_claim_e13aae2614a75baed8d8,MSFT_10K_2026-07-29:L148:ed3dd9a75c893f81,MSFT,2026-06-30,MSFT_10K_2026-07-29.txt,148,"We prioritize security above all else and we offer our customers integrated AI-driven products addressing security, compliance, identity, management, and privacy across customers’ multi-cloud, application, and device assets.",substantive,yes,focal_firm,current,NA,Integrated AI-driven security/compliance/identity products; individual applications unspecified,customer_facing_product,unspecified_ai,security,no,no,2,4,yes,no,no,no,no,no,no,NA,NA,medium,yes,Explicit present-tense offer of integrated AI-driven security/compliance products.,One product-family record; individual security applications are not separately identified.,no,yes,4,not_identified,yes,NA,no,NA,13841,14065,148,148,NA,claim,first_pass_2026_10_08_v1
MSFT_claim_986fadfee2666243f995,MSFT_10K_2026-07-29:L156:3310c0a71d25ae3a,MSFT,2026-06-30,MSFT_10K_2026-07-29.txt,156,"• Build the intelligent cloud and intelligent edge platform to provide a foundation for our customers’ digital workloads, including hybrid consistency, developer productivity, data and AI capabilities, and trusted security and compliance.",substantive,yes,focal_firm,current,NA,NA,infrastructure_or_platform,unspecified_ai,infrastructure_capacity|security|workforce_productivity,no,no,2,1,NA,NA,no,no,no,no,no,NA,NA,high,no,"Research ambitions describe AI-enabling platform direction, not a particular application.",NA,no,yes,1,NA,yes,NA,yes,MSFT_10K_2026-07-29.txt:L150-L205,14344,14582,156,156,NA,claim,first_pass_2026_10_08_v1
MSFT_claim_f9d9a5fe82ef22dd796c,MSFT_10K_2026-07-29:L162:6eb024ff8d49dbe1,MSFT,2026-06-30,MSFT_10K_2026-07-29.txt,162,We are focused on helping customers use the breadth and depth of the Microsoft Cloud to get the most value out of their digital spend while leading the AI platform wave across our solution areas.,substantive,yes,focal_firm,current,NA,NA,unclear_or_other,unspecified_ai,competitive_positioning|efficiency,no,no,2,1,NA,NA,no,no,no,no,no,NA,NA,high,no,Firm-specific cloud/AI leadership and customer-value objectives.,NA,no,yes,1,NA,yes,NA,no,NA,14773,14968,162,162,NA,claim,first_pass_2026_10_08_v1
MSFT_claim_fa7f41c1bdee9ff71242,MSFT_10K_2026-07-29:L162:6eb024ff8d49dbe1,MSFT,2026-06-30,MSFT_10K_2026-07-29.txt,162,"Our goal is to lead the industry in several distinct areas of technology over the long term, which we expect will translate to sustained growth. We are investing significant resources in:",substantive,yes,focal_firm,current,NA,NA,unclear_or_other,unspecified_ai,competitive_positioning|revenue_growth,no,yes,2,NA,NA,NA,yes,no,no,no,NA,NA,NA,medium,yes,Long-term growth objective and resource allocation introduce AI-related investment bullets.,AI linkage depends on following list; no application-specific plan.,no,no,NA,NA,yes,NA,yes,MSFT_10K_2026-07-29.txt:L150-L205,15157,15344,162,162,NA,claim,first_pass_2026_10_08_v1
MSFT_claim_4841ea30988f8a488ae7,MSFT_10K_2026-07-29:L170:e9073322437f5a93,MSFT,2026-06-30,MSFT_10K_2026-07-29.txt,170,"• Applying AI and ambient intelligence to drive insights, revolutionize many types of work and business processes, and provide substantive productivity gains using Microsoft 365 Copilot and agents.",substantive,yes,focal_firm,current,MSFT_uc_m365_commercial_copilot,Microsoft 365 Copilot commercial productivity assistance,customer_facing_product,unspecified_ai,efficiency|workforce_productivity,no,no,3,1,NA,NA,yes,no,no,no,no,NA,NA,medium,yes,Copilot appears in a list of investment ambitions; productivity gains are unquantified and not reported realized.,Task-unspecified product-family strategy; not an internal-use or production statement.,no,yes,1,resolved,yes,NA,yes,MSFT_10K_2026-07-29.txt:L150-L205,15888,16085,170,170,NA,claim,first_pass_2026_10_08_v1
MSFT_claim_68754600025e77263a69,MSFT_10K_2026-07-29:L172:6e3b3ebd567585ee,MSFT,2026-06-30,MSFT_10K_2026-07-29.txt,172,"• Helping customers drive frontier transformation by applying frontier AI capabilities, engineering expertise, and trusted platforms to reinvent how their organizations operate, improve decision-making, create new value, and deliver measurable business outcomes from AI.",substantive,yes,focal_firm,current,NA,NA,customer_adoption_claim,unspecified_ai,customer_experience|efficiency|innovation,no,no,2,1,NA,NA,yes,no,no,no,no,NA,NA,high,no,"Customer-transformation objective in investment priorities, without a named operational application.",NA,no,yes,1,NA,yes,NA,yes,MSFT_10K_2026-07-29.txt:L150-L205,16089,16359,172,172,NA,claim,first_pass_2026_10_08_v1
MSFT_claim_763fefe4c1b2d42d69cd,MSFT_10K_2026-07-29:L174:dfc503abd104e41e,MSFT,2026-06-30,MSFT_10K_2026-07-29.txt,174,• Providing a unified intelligence layer for enterprise AI to ground AI in a continuously evolving understanding of an organization’s data.,substantive,yes,focal_firm,unclear,MSFT_uc_enterprise_ai_data_grounding,Grounding enterprise AI in organizational data,infrastructure_or_platform,unspecified_ai,innovation,no,yes,3,NA,NA,NA,yes,no,no,no,NA,NA,NA,medium,yes,"Enterprise grounding in organizational data is named in investment priorities, but planned versus currently offered status is not explicit.",Future-opportunity heading plus 'Providing' wording does not unambiguously establish intended rollout or current production.,no,uncertain,NA,provisional,yes,NA,yes,MSFT_10K_2026-07-29.txt:L150-L205,16363,16502,174,174,NA,claim,first_pass_2026_10_08_v1
MSFT_claim_faad8c81b0aab06d75ee,MSFT_10K_2026-07-29:L176:c3ce6c456733964d,MSFT,2026-06-30,MSFT_10K_2026-07-29.txt,176,"• Providing training on generative AI and greater access to digital learning and resources through skilling programs and initiatives, grants, and LinkedIn learning pathways.",substantive,yes,focal_firm,current,NA,NA,unclear_or_other,genai,workforce_productivity,no,no,3,1,NA,NA,yes,no,no,no,no,NA,NA,high,no,Generative-AI training direction; training about AI is not itself an AI-deployed application.,NA,no,yes,1,NA,yes,NA,yes,MSFT_10K_2026-07-29.txt:L150-L205,16506,16679,176,176,NA,claim,first_pass_2026_10_08_v1
MSFT_claim_6d5f0f6f0af1cbda4f57,MSFT_10K_2026-07-29:L180:979f13f8233a221a,MSFT,2026-06-30,MSFT_10K_2026-07-29.txt,180,"• Leveraging Windows to fuel our cloud business, grow our share of the PC market, and drive increased engagement with our services like Microsoft Edge, Bing, Copilot, Microsoft Teams, Microsoft 365 Consumer, XBOX Game Pass, and more.",uncertain,yes,focal_firm,current,NA,NA,NA,NA,NA,NA,NA,NA,NA,NA,NA,NA,NA,NA,NA,NA,NA,NA,low,yes,Generic Copilot brand appears among non-AI services; AI identity for this particular service is not explicitly established.,Commercial Microsoft 365 Copilot AI context does not independently establish the identity of every Copilot-branded service.,no,uncertain,NA,NA,NA,NA,yes,MSFT_10K_2026-07-29.txt:L150-L205,16866,17099,180,180,NA,screening,first_pass_2026_10_08_v1
MSFT_claim_4f7b817e16da2d14af3a,MSFT_10K_2026-07-29:L204:067e83934a3d544b,MSFT,2026-06-30,MSFT_10K_2026-07-29.txt,204,"• Microsoft 365 Commercial products and cloud services, including Microsoft 365 Commercial cloud, comprising Microsoft 365 Commercial, Enterprise Mobility + Security, the cloud portion of Windows Commercial, the per-user portion of Power BI, Exchange, SharePoint, Microsoft Teams, Microsoft 365 Security and Compliance, and Microsoft 365 Copilot; and Microsoft 365 Commercial products, comprising Windows Commercial on-premises and Office licensed on-premises.",substantive,yes,focal_firm,current,MSFT_uc_m365_commercial_copilot,Microsoft 365 Copilot commercial productivity assistance,customer_facing_product,unspecified_ai,NA,no,no,2,NA,NA,NA,no,no,no,no,NA,NA,NA,medium,yes,Lists Copilot as a commercial cloud component; catalogue alone supplies no operational-use statement.,"Stage requires corroborating current provision/usage, retained in separate claims.",no,uncertain,NA,resolved,no,NA,yes,MSFT_10K_2026-07-29.txt:L150-L205,18874,19334,204,204,msft_m365_catalogue,claim,first_pass_2026_10_08_v1
MSFT_claim_e5718470e218da476600,MSFT_10K_2026-07-29:L214:7e1f9194201b448f,MSFT,2026-06-30,MSFT_10K_2026-07-29.txt,214,"Microsoft 365 Commercial is an AI-powered business and productivity solutions platform that brings together Office, Windows, Microsoft 365 Copilot, and Enterprise Mobility + Security to help organizations empower their employees.",substantive,yes,focal_firm,current,MSFT_uc_m365_commercial_copilot,Microsoft 365 Copilot commercial productivity assistance,customer_facing_product,unspecified_ai,workforce_productivity,no,no,2,NA,NA,NA,no,no,no,no,NA,NA,NA,medium,yes,AI-powered commercial suite description identifies Copilot but describes capabilities rather than demonstrated production use.,Current suite description versus deployed feature; later usage claims provide separate support.,no,uncertain,NA,resolved,no,NA,no,NA,19881,20110,214,214,NA,claim,first_pass_2026_10_08_v1
MSFT_claim_7ca947a4e0f9e09e7f93,MSFT_10K_2026-07-29:L214:7e1f9194201b448f,MSFT,2026-06-30,MSFT_10K_2026-07-29.txt,214,"Growth depends on our ability to reach new users in new markets such as frontline workers, small and medium businesses, and growth markets, as well as add AI-enabled tools, features, and agentic scenarios to our core product and service offerings across communication, collaboration, analytics, security, compliance, and other AI business productivity categories.",substantive,yes,focal_firm,hypothetical,NA,Additional commercial-suite AI features; tasks unspecified,customer_facing_product,unspecified_ai,innovation|revenue_growth,no,yes,2,NA,NA,NA,no,no,no,no,NA,NA,NA,medium,yes,"Growth depends on adding AI features; this is a condition for growth, not an explicit implementation undertaking.",No specific feature/task or unambiguous committed rollout.,no,uncertain,NA,not_identified,yes,NA,no,NA,20111,20474,214,214,NA,claim,first_pass_2026_10_08_v1
MSFT_claim_63b8d95161f49a2e85fc,MSFT_10K_2026-07-29:L218:3bdeced2087163e5,MSFT,2026-06-30,MSFT_10K_2026-07-29.txt,218,"Growth depends on our ability to reach new users, add value to our core product set with new features including AI tools, and continue to expand our product and service offerings into new markets.",substantive,yes,focal_firm,hypothetical,NA,Additional consumer-suite AI tools; tasks unspecified,customer_facing_product,unspecified_ai,innovation|revenue_growth,no,yes,2,NA,NA,NA,no,no,no,no,NA,NA,NA,medium,yes,Consumer growth condition mentions new AI tools but specifies neither task nor actual rollout.,Conditional feature expansion is not a concrete application plan.,no,uncertain,NA,not_identified,yes,NA,no,NA,20884,21080,218,218,NA,claim,first_pass_2026_10_08_v1
MSFT_claim_bfb0eb2a5ca534846ddd,MSFT_10K_2026-07-29:L226:2f2a64b3e3376048,MSFT,2026-06-30,MSFT_10K_2026-07-29.txt,226,Growth will depend on our ability to increase LinkedIn member engagement on the platform and our ability to continue offering insight and AI-enabled services that provide value for our members and customers.,substantive,yes,focal_firm,hypothetical,NA,"Continued LinkedIn AI-enabled services, specific product not stated",customer_facing_product,unspecified_ai,customer_experience|revenue_growth,no,yes,2,1,NA,NA,no,no,no,no,no,NA,NA,high,no,"Future growth depends on continued AI-enabled services, distinct from current offer claim.",NA,no,yes,1,not_identified,yes,NA,no,NA,21935,22142,226,226,NA,claim,first_pass_2026_10_08_v1
MSFT_claim_c2c6d09e4c09088a0650,MSFT_10K_2026-07-29:L226:2f2a64b3e3376048,MSFT,2026-06-30,MSFT_10K_2026-07-29.txt,226,"In addition to LinkedIn’s free services, LinkedIn offers monetized solutions designed to offer AI-enabled insights and productivity: Talent Solutions, Marketing Solutions, Premium Subscriptions, and Sales Solutions.",substantive,yes,focal_firm,current,MSFT_uc_linkedin_talent_ai_insights,AI-enabled insights/productivity in LinkedIn Talent Solutions,customer_facing_product,unspecified_ai,workforce_productivity,no,no,2,4,yes,no,no,no,no,no,no,NA,NA,medium,yes,LinkedIn lists Talent Solutions among currently offered monetized AI-enabled insights/productivity solutions.,"AI-insight features are not individually described; named product-level identity, not a count of underlying algorithms/tasks.",no,yes,4,resolved,no,NA,no,NA,21719,21934,226,226,NA,claim,first_pass_2026_10_08_v1
MSFT_claim_d70c7a37e35d934724c6,MSFT_10K_2026-07-29:L226:2f2a64b3e3376048,MSFT,2026-06-30,MSFT_10K_2026-07-29.txt,226,"In addition to LinkedIn’s free services, LinkedIn offers monetized solutions designed to offer AI-enabled insights and productivity: Talent Solutions, Marketing Solutions, Premium Subscriptions, and Sales Solutions.",substantive,yes,focal_firm,current,MSFT_uc_linkedin_marketing_ai_insights,AI-enabled insights/productivity in LinkedIn Marketing Solutions,customer_facing_product,unspecified_ai,workforce_productivity,no,no,2,4,yes,no,no,no,no,no,no,NA,NA,medium,yes,LinkedIn lists Marketing Solutions among currently offered monetized AI-enabled insights/productivity solutions.,"AI-insight features are not individually described; named product-level identity, not a count of underlying algorithms/tasks.",no,yes,4,resolved,no,NA,no,NA,21719,21934,226,226,NA,claim,first_pass_2026_10_08_v1
MSFT_claim_494f5331be44f979c9f5,MSFT_10K_2026-07-29:L226:2f2a64b3e3376048,MSFT,2026-06-30,MSFT_10K_2026-07-29.txt,226,"In addition to LinkedIn’s free services, LinkedIn offers monetized solutions designed to offer AI-enabled insights and productivity: Talent Solutions, Marketing Solutions, Premium Subscriptions, and Sales Solutions.",substantive,yes,focal_firm,current,MSFT_uc_linkedin_premium_ai_insights,AI-enabled insights/productivity in LinkedIn Premium Subscriptions,customer_facing_product,unspecified_ai,workforce_productivity,no,no,2,4,yes,no,no,no,no,no,no,NA,NA,medium,yes,LinkedIn lists Premium Subscriptions among currently offered monetized AI-enabled insights/productivity solutions.,"AI-insight features are not individually described; named product-level identity, not a count of underlying algorithms/tasks.",no,yes,4,resolved,no,NA,no,NA,21719,21934,226,226,NA,claim,first_pass_2026_10_08_v1
MSFT_claim_8735653c7f354ecdb99d,MSFT_10K_2026-07-29:L226:2f2a64b3e3376048,MSFT,2026-06-30,MSFT_10K_2026-07-29.txt,226,"In addition to LinkedIn’s free services, LinkedIn offers monetized solutions designed to offer AI-enabled insights and productivity: Talent Solutions, Marketing Solutions, Premium Subscriptions, and Sales Solutions.",substantive,yes,focal_firm,current,MSFT_uc_linkedin_sales_ai_insights,AI-enabled insights/productivity in LinkedIn Sales Solutions,customer_facing_product,unspecified_ai,workforce_productivity,no,no,2,4,yes,no,no,no,no,no,no,NA,NA,medium,yes,LinkedIn lists Sales Solutions among currently offered monetized AI-enabled insights/productivity solutions.,"AI-insight features are not individually described; named product-level identity, not a count of underlying algorithms/tasks.",no,yes,4,resolved,no,NA,no,NA,21719,21934,226,226,NA,claim,first_pass_2026_10_08_v1
MSFT_claim_b1a35acc766ab0b4b3a2,MSFT_10K_2026-07-29:L230:d07b453384419b15,MSFT,2026-06-30,MSFT_10K_2026-07-29.txt,230,"Dynamics provides cloud-based and on-premises business solutions for financial management, enterprise resource planning (“ERP”), customer relationship management (“CRM”), and supply chain management, as well as agentic AI and other low code application development platforms, for small and medium businesses, large organizations, and divisions of global enterprises.",substantive,yes,focal_firm,current,MSFT_uc_dynamics_agentic_development,Dynamics agentic-AI application-development platform,customer_facing_product,unspecified_ai,NA,no,no,4,4,yes,no,no,no,no,no,no,NA,NA,medium,yes,Dynamics explicitly provides agentic-AI application development platforms to stated customer groups.,AI platform provision does not establish internal adoption or AI in every listed ERP/CRM function.,no,yes,4,resolved,no,NA,no,NA,22487,22853,230,230,NA,claim,first_pass_2026_10_08_v1
MSFT_claim_00453100862120d0a305,MSFT_10K_2026-07-29:L234:0f4d30d5ea7451c5,MSFT,2026-06-30,MSFT_10K_2026-07-29.txt,234,"Competitors to Office include software and global application vendors, web-based and mobile application companies, AI-first application companies, as well as local application developers.",context_only,no,competitor,current,NA,NA,NA,NA,NA,NA,NA,NA,NA,NA,NA,NA,NA,NA,NA,NA,NA,NA,high,no,"AI-first competitors are described, not focal AI adoption.",NA,no,no,NA,NA,NA,NA,no,NA,23187,23374,234,234,NA,screening,first_pass_2026_10_08_v1
MSFT_claim_f1149b9eac087c52c3d4,MSFT_10K_2026-07-29:L248:77e2d4c192c96aa0,MSFT,2026-06-30,MSFT_10K_2026-07-29.txt,248,"• Server products and cloud services, including Azure and other cloud services, comprising cloud and AI consumption-based services, GitHub cloud services, Health and Life Sciences cloud services (formerly Nuance Healthcare cloud services), virtual desktop offerings, and other cloud services; and Server products, comprising SQL Server, Windows Server, Visual Studio, System Center, related Client Access Licenses (“CALs”), and other on-premises offerings.",substantive,yes,focal_firm,current,NA,NA,infrastructure_or_platform,unspecified_ai,NA,no,no,2,NA,NA,NA,no,no,no,no,NA,NA,NA,medium,yes,AI consumption-based services appear in a segment catalogue without an independent application.,Broad service category cannot establish task-specific deployment.,no,uncertain,NA,NA,no,NA,no,NA,24726,25182,248,248,msft_azure_catalogue,claim,first_pass_2026_10_08_v1
MSFT_claim_d529f4881ef845726235,MSFT_10K_2026-07-29:L258:0a8fdfb83d29df0d,MSFT,2026-06-30,MSFT_10K_2026-07-29.txt,258,"Customers can use Azure through our global network of datacenters for computing, networking, storage, mobile and web application services, AI, and Internet of Things.",substantive,yes,focal_firm,current,MSFT_uc_azure_ai_workload_compute,Azure AI-workload compute service,infrastructure_or_platform,unspecified_ai,NA,no,no,2,4,yes,no,no,no,no,no,no,NA,NA,medium,yes,"Customers can currently use Azure datacenters for AI services; this is platform availability, not customer or internal actual use.",Infrastructure/platform application at service-family granularity.,no,yes,4,resolved,no,NA,no,NA,25574,25740,258,258,NA,claim,first_pass_2026_10_08_v1
MSFT_claim_07688397bf279e650c4b,MSFT_10K_2026-07-29:L260:f76ff6ada6fd8bf9,MSFT,2026-06-30,MSFT_10K_2026-07-29.txt,260,Azure AI offerings provide a competitive advantage as companies seek ways to optimize and scale their business with AI.,substantive,yes,focal_firm,current,NA,NA,unclear_or_other,unspecified_ai,competitive_positioning|efficiency,no,no,2,1,NA,NA,no,no,no,no,no,NA,NA,high,no,AI offerings are positioned as competitive advantage; no new operational case.,NA,no,yes,1,NA,yes,NA,no,NA,26040,26159,260,260,NA,claim,first_pass_2026_10_08_v1
MSFT_claim_ecbb9a4b7a7d1245ba23,MSFT_10K_2026-07-29:L260:f76ff6ada6fd8bf9,MSFT,2026-06-30,MSFT_10K_2026-07-29.txt,260,"We offer supercomputing power for AI at scale to run large workloads, complemented by our rapidly expanding portfolio of AI cloud services (including the latest models) and hardware, which includes custom-built silicon and strong partnerships with chip manufacturers.",substantive,yes,focal_firm,current,MSFT_uc_azure_ai_workload_compute,Azure AI-workload compute service,infrastructure_or_platform,unspecified_ai,infrastructure_capacity,no,no,3,4,yes,no,no,no,no,no,no,NA,NA,high,no,Explicit current supercomputing offer for AI workloads; operational platform provision.,NA,no,yes,4,resolved,no,NA,no,NA,26160,26427,260,260,NA,claim,first_pass_2026_10_08_v1
MSFT_claim_af628482b32954b024a9,MSFT_10K_2026-07-29:L260:f76ff6ada6fd8bf9,MSFT,2026-06-30,MSFT_10K_2026-07-29.txt,260,strong partnerships with chip manufacturers,substantive,yes,focal_firm,current,NA,NA,partnership_or_investment,unspecified_ai,NA,no,no,2,NA,NA,NA,no,yes,no,no,NA,NA,NA,high,no,Explicit chip-manufacturer partnerships supporting AI offerings; relationship alone is not deployment.,NA,no,no,NA,NA,no,NA,no,NA,26383,26426,260,260,NA,claim,first_pass_2026_10_08_v1
MSFT_claim_fd45466092cbbc338758,MSFT_10K_2026-07-29:L260:f76ff6ada6fd8bf9,MSFT,2026-06-30,MSFT_10K_2026-07-29.txt,260,"We offer supercomputing power for AI at scale to run large workloads, complemented by our rapidly expanding portfolio of AI cloud services (including the latest models) and hardware, which includes custom-built silicon and strong partnerships with chip manufacturers. Azure AI Foundry is a unified platform for developers to design, customize, and manage AI applications and agents.",substantive,yes,focal_firm,current,MSFT_uc_azure_ai_foundry,"Azure AI Foundry application/agent design, customization and management",infrastructure_or_platform,unspecified_ai,NA,no,no,4,4,yes,no,no,no,no,no,no,NA,NA,medium,yes,Explicit offer of Azure AI services supplies context for the named Foundry application/agent design platform.,Availability inferred from same-paragraph explicit offer; standalone capability sentence would be insufficient.,no,yes,4,resolved,no,NA,yes,MSFT_10K_2026-07-29.txt:L260 (full parent passage),26160,26542,260,260,NA,claim,first_pass_2026_10_08_v1
MSFT_claim_3df4b30d0d2983ba12dc,MSFT_10K_2026-07-29:L264:0d4cc6822c8f08c2,MSFT,2026-06-30,MSFT_10K_2026-07-29.txt,264,GitHub provides a collaboration platform for developers to manage code and incorporate AI and agent-based tools across the software development lifecycle.,substantive,yes,focal_firm,current,MSFT_uc_github_ai_development_candidate,GitHub AI/agent support for software development; tool unspecified,customer_facing_product,unspecified_ai,NA,no,no,3,NA,NA,NA,no,no,no,no,NA,NA,NA,medium,yes,"GitHub platform allows incorporating AI/agents in development; this is capability wording, not explicit deployed AI tool use.",No named AI tool or confirmation of use by GitHub/customers.,no,uncertain,NA,provisional,no,NA,no,NA,27513,27667,264,264,NA,claim,first_pass_2026_10_08_v1
MSFT_claim_8f888583cde9b4a12a44,MSFT_10K_2026-07-29:L264:0d4cc6822c8f08c2,MSFT,2026-06-30,MSFT_10K_2026-07-29.txt,264,Health and Life Sciences cloud services provides AI solutions to the healthcare industry.,substantive,yes,focal_firm,current,NA,Healthcare AI solutions; specific application not identified,customer_facing_product,unspecified_ai,NA,no,no,2,NA,NA,NA,no,no,no,no,NA,NA,NA,medium,yes,"Healthcare AI solution provision is stated generically, without a named application or operational task.",Generic solution provision is insufficient for application-specific production status.,no,uncertain,NA,not_identified,no,NA,no,NA,27668,27757,264,264,NA,claim,first_pass_2026_10_08_v1
MSFT_claim_01bc04f49e147332fe82,MSFT_10K_2026-07-29:L268:4c53c48f77a5b097,MSFT,2026-06-30,MSFT_10K_2026-07-29.txt,268,"Enterprise and partner services assist customers in developing, deploying, and managing Microsoft server solutions, Microsoft desktop solutions, and conversational AI and ambient intelligent solutions, along with providing training and certification to developers and IT professionals on various Microsoft products.",substantive,yes,focal_firm,current,MSFT_uc_conversational_ai_services_candidate,Customer conversational/ambient-AI solution assistance; task unspecified,customer_facing_product,unspecified_ai,NA,no,no,3,NA,NA,NA,no,no,no,no,NA,NA,NA,medium,yes,Assistance for customers developing/deploying conversational AI is a reported consulting capability.,No named deployed application or verified customer adoption; conversational does not establish GenAI.,no,uncertain,NA,provisional,no,NA,no,NA,27796,28111,268,268,NA,claim,first_pass_2026_10_08_v1
MSFT_claim_db3055bd9b8521eb4893,MSFT_10K_2026-07-29:L272:56aca2c5670d617c,MSFT,2026-06-30,MSFT_10K_2026-07-29.txt,272,"Our AI offerings compete with AI products from hyperscalers, as well as products from other emerging competitors and other open-source offerings, many of which are also current or potential partners.",substantive,yes,focal_firm,current,NA,NA,unclear_or_other,unspecified_ai,competitive_positioning,no,no,2,1,NA,NA,no,no,no,no,no,NA,NA,high,no,"Focal AI offerings compete with suppliers and open-source offerings; positioning, not a deployment event.",NA,no,yes,1,NA,yes,NA,no,NA,28488,28687,272,272,NA,claim,first_pass_2026_10_08_v1
MSFT_claim_5b1c09d3698978026dd7,MSFT_10K_2026-07-29:L296:3b2e86614e06d86d,MSFT,2026-06-30,MSFT_10K_2026-07-29.txt,296,"• Search advertising (formerly Search and news advertising), comprising Bing, Copilot, Microsoft News, Microsoft Edge, and third-party affiliates.",uncertain,yes,focal_firm,current,NA,NA,NA,NA,NA,NA,NA,NA,NA,NA,NA,NA,NA,NA,NA,NA,NA,NA,low,yes,Generic Copilot brand appears among non-AI services; AI identity for this particular service is not explicitly established.,Commercial Microsoft 365 Copilot AI context does not independently establish the identity of every Copilot-branded service.,no,uncertain,NA,NA,NA,NA,yes,MSFT_10K_2026-07-29.txt:L285-L340,31403,31549,296,296,msft_search_catalogue,screening,first_pass_2026_10_08_v1
MSFT_claim_ecc5aac7ae8781df2183,MSFT_10K_2026-07-29:L306:cb3b1915a634aa8e,MSFT,2026-06-30,MSFT_10K_2026-07-29.txt,306,• Growth of the AI PC category.,substantive,yes,focal_firm,current,NA,NA,unclear_or_other,unspecified_ai,revenue_growth,no,no,2,NA,NA,NA,no,no,no,no,NA,NA,NA,high,no,"AI PC market growth is listed as a Windows revenue driver, not an application adoption report.",NA,no,no,NA,NA,no,NA,yes,MSFT_10K_2026-07-29.txt:L285-L340,32176,32207,306,306,NA,claim,first_pass_2026_10_08_v1
MSFT_claim_d8f8bb50d1e0e453d941,MSFT_10K_2026-07-29:L320:508881888689d8e4,MSFT,2026-06-30,MSFT_10K_2026-07-29.txt,320,"We design and sell devices, such as Surface (including Copilot+ PCs) and PC accessories.",substantive,yes,focal_firm,current,MSFT_uc_surface_copilot_plus_pcs,Surface Copilot+ AI-PC product provision,customer_facing_product,unspecified_ai,NA,no,no,2,4,yes,no,no,no,no,no,no,NA,NA,medium,yes,Surface Copilot+ devices are explicitly sold; adjacent AI-PC discussion establishes AI product context.,Hardware product provision at family level; AI application/task unspecified.,no,yes,4,resolved,no,NA,yes,MSFT_10K_2026-07-29.txt:L285-L340,32703,32791,320,320,NA,claim,first_pass_2026_10_08_v1
MSFT_claim_67424c80f7b38b1d6784,MSFT_10K_2026-07-29:L336:653bf2b2224606eb,MSFT,2026-06-30,MSFT_10K_2026-07-29.txt,336,"Microsoft Copilot is a digital companion designed to inform, entertain, and inspire.",uncertain,yes,focal_firm,current,MSFT_uc_consumer_copilot_candidate,Consumer Copilot digital companion; AI identity unclear,customer_facing_product,NA,NA,NA,NA,NA,NA,NA,NA,NA,NA,NA,NA,NA,NA,NA,low,yes,Consumer/Bing Copilot description retained for review of AI identity and current product status.,"Named consumer/Bing Copilot capability is described, but its AI identity is not explicit in this passage; no external brand knowledge substituted.",no,uncertain,NA,provisional,NA,NA,no,NA,35289,35373,336,336,NA,screening,first_pass_2026_10_08_v1
MSFT_claim_015d488fa8f41bf5fff0,MSFT_10K_2026-07-29:L336:653bf2b2224606eb,MSFT,2026-06-30,MSFT_10K_2026-07-29.txt,336,"Our Microsoft Edge browser and Bing search engine with Copilot are key tools to enable user acquisition and engagement, while our technology platform enables accelerated delivery of digital advertising solutions.",uncertain,yes,focal_firm,current,MSFT_uc_bing_copilot_candidate,Bing search with Copilot; AI identity unclear,customer_facing_product,NA,NA,NA,NA,NA,NA,NA,NA,NA,NA,NA,NA,NA,NA,NA,low,yes,Consumer/Bing Copilot description retained for review of AI identity and current product status.,"Named consumer/Bing Copilot capability is described, but its AI identity is not explicit in this passage; no external brand knowledge substituted.",no,uncertain,NA,provisional,NA,NA,no,NA,35374,35586,336,336,NA,screening,first_pass_2026_10_08_v1
MSFT_claim_7e6f7a3614ebe8950d24,MSFT_10K_2026-07-29:L360:4393b07ea63d5b22,MSFT,2026-06-30,MSFT_10K_2026-07-29.txt,360,"We have a global operations service center covering the Americas, Asia Pacific, Europe, and the Middle East that supports our business operations, including customer contract and order processing, billing, credit and collections, customer lifecycle AI and cloud operations, and vendor management and logistics.",substantive,yes,focal_firm,current,NA,Customer lifecycle AI/cloud operations; task and actor boundary unspecified,unclear_or_other,unspecified_ai,NA,no,no,2,NA,NA,NA,no,no,no,no,NA,NA,NA,medium,yes,Operations-center list mentions customer lifecycle AI/cloud operations without an AI task/mechanism.,Could denote servicing AI customers rather than using AI internally.,no,uncertain,NA,not_identified,no,NA,no,NA,38830,39140,360,360,NA,claim,first_pass_2026_10_08_v1
MSFT_claim_9b056e7435f7ea868cfb,MSFT_10K_2026-07-29:L362:6488cf7989fdd46c,MSFT,2026-06-30,MSFT_10K_2026-07-29.txt,362,"We continue to align our datacenter locations and server capacity to meet the evolving needs of our customers, particularly given the growing demand for AI services.",substantive,yes,focal_firm,current,NA,NA,infrastructure_or_platform,unspecified_ai,infrastructure_capacity,no,no,3,NA,NA,NA,yes,no,no,no,NA,NA,NA,high,no,Capacity/location alignment responds to AI demand; resource expansion does not establish a deployed application.,NA,no,no,NA,NA,no,NA,no,NA,39244,39409,362,362,NA,claim,first_pass_2026_10_08_v1
MSFT_claim_75756e88f768f6ec6300,MSFT_10K_2026-07-29:L372:1c04a8805f44b6f0,MSFT,2026-06-30,MSFT_10K_2026-07-29.txt,372,"We make significant investments in research and development for new and existing products, services, and technologies, including tools and platforms spanning digital work and life experiences, cloud computing, AI, devices, security, and operating systems.",substantive,yes,focal_firm,current,NA,NA,research_and_development,unspecified_ai,NA,no,no,2,NA,NA,NA,yes,no,no,no,NA,NA,NA,high,no,Current R&D spending includes AI among several fields; no identifiable AI implementation.,NA,no,no,NA,NA,no,NA,no,NA,40424,40679,372,372,NA,claim,first_pass_2026_10_08_v1
MSFT_claim_75c4933fc378afed288e,MSFT_10K_2026-07-29:L376:f83b74407e8e436a,MSFT,2026-06-30,MSFT_10K_2026-07-29.txt,376,"We plan to continue to make significant investments in a broad range of product research and development activities, including AI-based products and services.",substantive,yes,focal_firm,planned,NA,NA,research_and_development,unspecified_ai,NA,yes,yes,2,NA,NA,NA,yes,no,no,no,NA,NA,NA,high,no,"Explicit future AI R&D investment undertaking, not an identifiable adoption plan.",NA,no,no,NA,NA,no,NA,no,NA,41393,41551,376,376,NA,claim,first_pass_2026_10_08_v1
MSFT_claim_9f3cce27fe701ec6b8d7,MSFT_10K_2026-07-29:L481:585a0684b5523237,MSFT,2026-06-30,MSFT_10K_2026-07-29.txt,481,"Expansion of our vertically-integrated capabilities, including developing proprietary hardware, infrastructure, and artificial intelligence (“AI”) models, could increase our cost structure, reduce margins, and expose us to operational risks.",substantive,yes,focal_firm,hypothetical,NA,NA,infrastructure_or_platform,unspecified_ai,NA,no,yes,3,NA,NA,NA,yes,no,yes,no,NA,NA,NA,high,no,Potential AI-model/hardware expansion raises costs and operational exposure; no deployed application.,NA,no,no,NA,NA,no,financial|operational,no,NA,55750,55991,481,481,NA,claim,first_pass_2026_10_08_v1
MSFT_claim_1113cde214e71da5254b,MSFT_10K_2026-07-29:L497:3db293159948e972,MSFT,2026-06-30,MSFT_10K_2026-07-29.txt,497,• We are investing in AI across the entire company and infusing AI capabilities into our offerings.,substantive,yes,focal_firm,current,NA,NA,unclear_or_other,unspecified_ai,innovation,no,no,2,1,NA,NA,yes,no,no,no,no,NA,NA,high,no,Company-wide investment and infusion ambition without a specific operational application.,NA,no,yes,1,NA,yes,NA,no,NA,58170,58269,497,497,NA,claim,first_pass_2026_10_08_v1
MSFT_claim_01ffa6f4abf62d4b0e41,MSFT_10K_2026-07-29:L497:3db293159948e972,MSFT,2026-06-30,MSFT_10K_2026-07-29.txt,497,"AI technology and services are a highly competitive and rapidly evolving market, and new competitors continue to enter the market.",context_only,no,industry,current,NA,NA,NA,NA,NA,NA,NA,NA,NA,NA,NA,NA,NA,NA,NA,NA,NA,NA,high,no,General AI market competition.,NA,no,no,NA,NA,NA,NA,no,NA,58270,58400,497,497,NA,screening,first_pass_2026_10_08_v1
MSFT_claim_c7e170a9a8ee6ae7bf36,MSFT_10K_2026-07-29:L497:3db293159948e972,MSFT,2026-06-30,MSFT_10K_2026-07-29.txt,497,"Our AI offerings compete with AI products from hyperscalers, open-source offerings, and frontier model providers, some of which are also current or potential partners.",substantive,yes,focal_firm,current,NA,NA,unclear_or_other,unspecified_ai,competitive_positioning,no,no,2,1,NA,NA,no,yes,no,no,no,NA,NA,medium,yes,"Focal AI offerings compete with suppliers, some of whom are current or potential partners.",Current versus potential relationships are not individually identified.,no,yes,1,NA,yes,NA,no,NA,58401,58568,497,497,NA,claim,first_pass_2026_10_08_v1
MSFT_claim_78ce9e4e858e3575e56f,MSFT_10K_2026-07-29:L505:be6ecedcf6a6170b,MSFT,2026-06-30,MSFT_10K_2026-07-29.txt,505,"• Some companies compete with us by modifying and then distributing open-source software at little or no cost to end users, developing, making available, or using AI models that are open, and earning revenue on advertising or integrated products and services.",context_only,no,competitor,current,NA,NA,NA,NA,NA,NA,NA,NA,NA,NA,NA,NA,NA,NA,NA,NA,NA,NA,high,no,Competitors' open-model activities are not focal-firm adoption.,NA,no,no,NA,NA,NA,NA,no,NA,59836,60095,505,505,NA,screening,first_pass_2026_10_08_v1
MSFT_claim_55b1ebc950f2c31bc8f9,MSFT_10K_2026-07-29:L509:1708ad816c5487b5,MSFT,2026-06-30,MSFT_10K_2026-07-29.txt,509,"Our cloud and AI strategy requires substantial investments and depends on evolving customer demand, technological developments, competitive dynamics, and regulatory conditions, any of which could adversely affect our business, financial condition, and results of operations.",substantive,yes,focal_firm,hypothetical,NA,NA,unclear_or_other,unspecified_ai,NA,no,yes,2,NA,NA,NA,yes,no,yes,no,NA,NA,NA,high,no,"AI investment dependence and downside exposure, not an implementation claim.",NA,no,no,NA,NA,no,competitive|financial|regulatory,no,NA,60559,60833,509,509,NA,claim,first_pass_2026_10_08_v1
MSFT_claim_43c09fc2cef096ebb052,MSFT_10K_2026-07-29:L509:1708ad816c5487b5,MSFT,2026-06-30,MSFT_10K_2026-07-29.txt,509,"We have made and are continuing to make significant capital and operational investments to develop, train, deploy, and support AI models and related cloud-based services, including building and expanding datacenters, acquiring necessary components, and securing energy resources.",substantive,yes,focal_firm,current,NA,NA,infrastructure_or_platform,unspecified_ai,NA,no,no,3,NA,NA,NA,yes,no,no,no,NA,NA,NA,high,no,"Current capital/operating spending for AI models, datacenters, components and energy; deployment-purpose spending is not deployment proof.",NA,no,no,NA,NA,no,NA,no,NA,60834,61113,509,509,NA,claim,first_pass_2026_10_08_v1
MSFT_claim_0d34acf11a3ae34d2f8e,MSFT_10K_2026-07-29:L509:1708ad816c5487b5,MSFT,2026-06-30,MSFT_10K_2026-07-29.txt,509,"These investments are being made at significant scale and on an accelerated timeline, require substantial and increasing capital expenditures and continued access to capital, and are in advance of fully developed revenue streams. The associated revenue may not be realized in the expected timeframes or at expected levels. Our capital and operational investments are complex and involve projects in multiple locations around the world that expose us to increased compliance risks and political challenges, among others. Our ability to fund these investments depends on our ability to generate sufficient cash flows and obtain financing on acceptable terms. Adverse changes in interest rates, credit markets, investor sentiment, our credit ratings, or other factors affecting capital availability could increase our cost of capital or limit our ability to execute our infrastructure strategy.",substantive,yes,focal_firm,hypothetical,NA,NA,unclear_or_other,unspecified_ai,NA,no,yes,4,NA,NA,NA,no,no,yes,no,NA,NA,NA,high,no,"AI investment timing, geographic compliance and financing risks refer back to the AI projects.",NA,no,no,NA,NA,no,financial|operational|regulatory,no,NA,61114,62005,509,509,NA,claim,first_pass_2026_10_08_v1
MSFT_claim_27e77ef4d3091a2b6c6b,MSFT_10K_2026-07-29:L509:1708ad816c5487b5,MSFT,2026-06-30,MSFT_10K_2026-07-29.txt,509,"The financial success of these investments depends on a number of uncertain factors, including customer demand for cloud-based and AI products and services and continued customer use of Azure to build, train, deploy, and run AI workloads, our ability to price and monetize those services at levels sufficient to recover our costs, competitive dynamics affecting pricing, and the pace of adoption of AI.",substantive,yes,customer,current,NA,Customer Azure AI-workload activities; distinct production applications unspecified,customer_adoption_claim,unspecified_ai,NA,no,no,3,NA,NA,NA,no,no,yes,no,NA,NA,NA,medium,yes,Continued customer AI-workload use is mentioned within investment-return conditions.,Build/train/deploy/run list does not establish a distinct customer production application.,no,uncertain,NA,not_identified,no,financial,no,NA,62006,62408,509,509,NA,claim,first_pass_2026_10_08_v1
MSFT_claim_791f1d364c09594f5df1,MSFT_10K_2026-07-29:L509:1708ad816c5487b5,MSFT,2026-06-30,MSFT_10K_2026-07-29.txt,509,"Customers may reduce, delay, or shift AI workloads to competing platforms, on-premises or local deployments, or other alternatives. If adoption of our AI services develops more slowly than expected, or if customers do not continue to utilize Azure for AI workloads at anticipated levels, we may not realize the expected returns on our investments.",substantive,yes,customer,hypothetical,NA,NA,unclear_or_other,unspecified_ai,NA,no,yes,3,NA,NA,NA,no,no,yes,no,NA,NA,NA,high,no,Possible workload migration or slower uptake affects investment returns.,NA,no,no,NA,NA,no,competitive|financial,no,NA,62409,62756,509,509,NA,claim,first_pass_2026_10_08_v1
MSFT_claim_5485b071b4d25cad786f,MSFT_10K_2026-07-29:L515:d2797cfc7d5cee08,MSFT,2026-06-30,MSFT_10K_2026-07-29.txt,515,"Demand for cloud-based and AI products and services is evolving and difficult to forecast. Overestimation of demand or misalignment of capacity investments may result in underutilization of infrastructure and may lead to impairment of assets on our balance sheet. Conversely, demand exceeding available capacity limits our ability to meet customer needs in a timely manner.",substantive,yes,focal_firm,hypothetical,NA,NA,infrastructure_or_platform,unspecified_ai,NA,no,yes,3,NA,NA,NA,no,no,yes,no,NA,NA,NA,high,no,AI-demand/capacity mismatch can impair assets or service capacity.,NA,no,no,NA,NA,no,capacity|financial,no,NA,62781,63154,515,515,NA,claim,first_pass_2026_10_08_v1
MSFT_claim_973ba68c20fb92983ab5,MSFT_10K_2026-07-29:L517:e14af7c166776879,MSFT,2026-06-30,MSFT_10K_2026-07-29.txt,517,"The cost structure for AI products and services is subject to significant uncertainty, including with respect to model training and inference costs, the availability and pricing of components, and energy costs. If these costs increase, remain elevated, or fail to decline, or if pricing for AI products and services declines as a result of competition, commoditization, or other market forces, our margins, financial condition, and results of operations could be adversely affected.",substantive,yes,focal_firm,hypothetical,NA,NA,unclear_or_other,unspecified_ai,NA,no,yes,3,NA,NA,NA,no,no,yes,no,NA,NA,NA,high,no,AI training/inference and component costs threaten margins; no application-linked result.,NA,no,no,NA,NA,no,competitive|financial,no,NA,63158,63640,517,517,NA,claim,first_pass_2026_10_08_v1
MSFT_claim_19f5e86a1c61b8ba63e0,MSFT_10K_2026-07-29:L519:cd782d383f96b5ed,MSFT,2026-06-30,MSFT_10K_2026-07-29.txt,519,"Our AI strategy also depends in part on strategic relationships with third parties that provide technologies, models, products, and services that enhance our offerings.",substantive,yes,focal_firm,current,NA,NA,partnership_or_investment,unspecified_ai,NA,no,no,2,NA,NA,NA,no,yes,no,no,NA,NA,NA,high,no,Strategic dependencies on third-party AI technologies and models are expressly stated.,NA,no,no,NA,NA,no,NA,no,NA,63644,63812,519,519,NA,claim,first_pass_2026_10_08_v1
MSFT_claim_fd3b553935947279fa29,MSFT_10K_2026-07-29:L519:cd782d383f96b5ed,MSFT,2026-06-30,MSFT_10K_2026-07-29.txt,519,"These relationships may change over time, and many of these partners compete with us with respect to certain products and services. Changes in strategic priorities, contractual arrangements, our access to third-party technologies, or key commercial relationships could adversely affect the competitiveness of our AI products and services. In some cases, these parties are significant customers of Azure and other cloud services. The economic benefits we expect to derive from these relationships, including through commercial arrangements, technology access, and Azure consumption, may not be realized or sustained.",substantive,yes,focal_firm,hypothetical,NA,NA,unclear_or_other,unspecified_ai,NA,no,yes,3,NA,NA,NA,no,yes,yes,no,NA,NA,NA,high,no,"Partner rivalry, access changes and unrealized relationship benefits create risks.",NA,no,no,NA,NA,no,competitive|financial|third_party,no,NA,63813,64428,519,519,NA,claim,first_pass_2026_10_08_v1
MSFT_claim_820fb743f74146d851af,MSFT_10K_2026-07-29:L519:cd782d383f96b5ed,MSFT,2026-06-30,MSFT_10K_2026-07-29.txt,519,"As we manage infrastructure capacity constraints and evolving customer demand, we may modify capacity allocations, deployment priorities, pricing, or other commercial arrangements. Strategic partners and other customers may likewise adjust their purchasing decisions, deployment strategies, workloads, or anticipated use of our products and services. As a result, expected consumption or anticipated demand may not materialize, may be delayed or reduced, or may decline over time. Any such developments could adversely affect our business, financial condition, and results of operations.",substantive,yes,focal_firm,hypothetical,NA,NA,unclear_or_other,unspecified_ai,NA,no,yes,3,NA,NA,NA,no,no,yes,no,NA,NA,NA,high,no,Possible capacity allocation and purchasing changes can reduce demand.,NA,no,no,NA,NA,no,capacity|financial,no,NA,64429,65016,519,519,NA,claim,first_pass_2026_10_08_v1
MSFT_claim_cfe5629e6da4732bdb65,MSFT_10K_2026-07-29:L521:5e88d42548da59b4,MSFT,2026-06-30,MSFT_10K_2026-07-29.txt,521,"Our success depends on our ability to develop, deliver, and maintain competitive cloud-based and AI products and services that achieve broad customer adoption and sustainable revenue growth. Our ability to succeed depends on our ability to develop and deliver differentiated products and services that meet evolving customer needs, achieve broad adoption, maintain customer trust, and generate sustainable revenue and growth.",substantive,yes,focal_firm,hypothetical,NA,NA,unclear_or_other,unspecified_ai,competitive_positioning|customer_experience|revenue_growth,no,yes,2,1,NA,NA,no,no,no,no,no,NA,NA,medium,yes,AI business success objectives and conditions do not identify a completed application.,"Risk-section success conditions are interpreted as broad strategic objectives, not adoption plans; researcher should confirm this boundary.",no,yes,1,NA,yes,NA,no,NA,65020,65445,521,521,NA,claim,first_pass_2026_10_08_v1
MSFT_claim_352b6ac88e2ab1fb0905,MSFT_10K_2026-07-29:L521:5e88d42548da59b4,MSFT,2026-06-30,MSFT_10K_2026-07-29.txt,521,"The markets for cloud-based and AI products and services are highly dynamic, characterized by shifting customer expectations, increasing regulatory and governmental scrutiny, intense competition, and rapid technological change, such as the accelerating importance of agentic computing.",substantive,yes,focal_firm,hypothetical,NA,NA,unclear_or_other,unspecified_ai,NA,no,yes,2,NA,NA,NA,no,no,yes,no,NA,NA,NA,high,no,"Cloud/AI market exposure to competition, regulation and technology change.",NA,no,no,NA,NA,no,competitive|regulatory,no,NA,65446,65731,521,521,NA,claim,first_pass_2026_10_08_v1
MSFT_claim_a9a06f1328ad17a9e8b1,MSFT_10K_2026-07-29:L523:c02117237ba64029,MSFT,2026-06-30,MSFT_10K_2026-07-29.txt,523,• Continuing to bring to market compelling cloud-based and AI products and services that generate increasing traffic and market share.,substantive,yes,focal_firm,hypothetical,NA,NA,unclear_or_other,unspecified_ai,innovation|revenue_growth,no,yes,2,1,NA,NA,no,no,no,no,no,NA,NA,medium,yes,"Success-condition bullet about products/market share, not a named rollout.","Risk-section success conditions are interpreted as broad strategic objectives, not adoption plans; researcher should confirm this boundary.",no,yes,1,NA,yes,NA,yes,MSFT_10K_2026-07-29.txt:L519-L535,65852,65986,523,523,NA,claim,first_pass_2026_10_08_v1
MSFT_claim_209fdfab679287170342,MSFT_10K_2026-07-29:L525:7f911f07d848f195,MSFT,2026-06-30,MSFT_10K_2026-07-29.txt,525,"• Driving customer adoption, usage, and retention of our cloud-based and AI products and services.",substantive,yes,focal_firm,hypothetical,NA,NA,unclear_or_other,unspecified_ai,customer_experience|revenue_growth,no,yes,2,1,NA,NA,no,no,no,no,no,NA,NA,medium,yes,Adoption/retention goal; customer uptake objective is not a deployment event.,"Risk-section success conditions are interpreted as broad strategic objectives, not adoption plans; researcher should confirm this boundary.",no,yes,1,NA,yes,NA,yes,MSFT_10K_2026-07-29.txt:L519-L535,65990,66088,525,525,NA,claim,first_pass_2026_10_08_v1
MSFT_claim_3a1f263b58c016dca4f0,MSFT_10K_2026-07-29:L527:9a14a9f5404fc736,MSFT,2026-06-30,MSFT_10K_2026-07-29.txt,527,• Effectively monetizing our cloud-based and AI products through pricing models that reflect their value while remaining competitive.,substantive,yes,focal_firm,hypothetical,NA,NA,unclear_or_other,unspecified_ai,revenue_growth,no,yes,2,1,NA,NA,no,no,no,no,no,NA,NA,medium,yes,"Monetization objective, not operational adoption or quantified benefit.","Risk-section success conditions are interpreted as broad strategic objectives, not adoption plans; researcher should confirm this boundary.",no,yes,1,NA,yes,NA,yes,MSFT_10K_2026-07-29.txt:L519-L535,66092,66225,527,527,NA,claim,first_pass_2026_10_08_v1
MSFT_claim_3aee0f68490abeddf286,MSFT_10K_2026-07-29:L529:c089aaf32ba412f2,MSFT,2026-06-30,MSFT_10K_2026-07-29.txt,529,"• Attracting third parties to utilize, build on, and extend our cloud and AI platforms.",substantive,yes,focal_firm,hypothetical,NA,NA,unclear_or_other,unspecified_ai,customer_experience|revenue_growth,no,yes,2,1,NA,NA,no,no,no,no,no,NA,NA,medium,yes,"Third-party platform participation objective, not proof of customer production use.","Risk-section success conditions are interpreted as broad strategic objectives, not adoption plans; researcher should confirm this boundary.",no,yes,1,NA,yes,NA,yes,MSFT_10K_2026-07-29.txt:L519-L535,66229,66316,529,529,NA,claim,first_pass_2026_10_08_v1
MSFT_claim_0e7746bbd35baa8d50b1,MSFT_10K_2026-07-29:L531:c1daa05c6c0c0db3,MSFT,2026-06-30,MSFT_10K_2026-07-29.txt,531,• Ensuring our cloud-based and AI services meet the reliability expectations and specific requirements of our customers and maintain the security of their data as well as help them meet their own compliance needs.,substantive,yes,focal_firm,hypothetical,NA,NA,unclear_or_other,unspecified_ai,customer_experience|security,no,yes,2,1,NA,NA,no,no,no,yes,no,NA,NA,medium,yes,Reliability/security/compliance objectives in execution conditions; no installed control or application report.,"Risk-section success conditions are interpreted as broad strategic objectives, not adoption plans; researcher should confirm this boundary.",no,yes,1,NA,yes,NA,yes,MSFT_10K_2026-07-29.txt:L519-L535,66320,66533,531,531,NA,claim,first_pass_2026_10_08_v1
MSFT_claim_f225b2535014bf6b2415,MSFT_10K_2026-07-29:L533:81bd6782b07e912a,MSFT,2026-06-30,MSFT_10K_2026-07-29.txt,533,"• Making our suite of cloud-based and AI products and services platform-agnostic and maintaining the utility, compatibility, and performance of our cloud-based and AI products and services on the growing array of computing devices, including PCs, smartphones, tablets, gaming consoles, and other devices.",substantive,yes,focal_firm,hypothetical,NA,NA,unclear_or_other,unspecified_ai,customer_experience|innovation,no,yes,3,1,NA,NA,no,no,no,no,no,NA,NA,medium,yes,"Platform compatibility direction is a conditional success requirement, not a specific AI rollout.","Risk-section success conditions are interpreted as broad strategic objectives, not adoption plans; researcher should confirm this boundary.",no,yes,1,NA,yes,NA,yes,MSFT_10K_2026-07-29.txt:L519-L535,66537,66841,533,533,NA,claim,first_pass_2026_10_08_v1
MSFT_claim_ae7e61343cfc913a43b1,MSFT_10K_2026-07-29:L537:9566ff0b9d71caf0,MSFT,2026-06-30,MSFT_10K_2026-07-29.txt,537,"Our cloud-based and AI products and services may be misused by customers, users, or malicious actors for unintended, fraudulent, abusive, or unlawful purposes.",substantive,yes,focal_firm,hypothetical,NA,NA,unclear_or_other,unspecified_ai,NA,no,yes,3,NA,NA,NA,no,no,yes,no,NA,NA,NA,high,no,Possible unlawful/fraudulent AI-service misuse; not a focal adoption statement.,NA,no,no,NA,NA,no,misuse|regulatory|reputational,no,NA,67456,67615,537,537,NA,claim,first_pass_2026_10_08_v1
MSFT_claim_7be72f660d2d214178d4,MSFT_10K_2026-07-29:L537:9566ff0b9d71caf0,MSFT,2026-06-30,MSFT_10K_2026-07-29.txt,537,"Our efforts to detect, prevent, and mitigate such misuse may not be successful, which could result in reputational harm, regulatory scrutiny, service disruptions, or adverse impacts on our business, financial condition, and results of operations.",substantive,yes,focal_firm,hypothetical,NA,NA,unclear_or_other,unspecified_ai,NA,no,yes,3,NA,NA,NA,no,no,yes,yes,NA,NA,NA,high,no,Reported detection/mitigation efforts may fail; no AI application deployment identified.,NA,no,no,NA,NA,no,misuse|regulatory|reputational,no,NA,67616,67862,537,537,NA,claim,first_pass_2026_10_08_v1
MSFT_claim_9574e0496800539eb8b7,MSFT_10K_2026-07-29:L545:90963dbbab842407,MSFT,2026-06-30,MSFT_10K_2026-07-29.txt,545,"We will continue to make significant investments in research, development, and marketing for existing products, services, and technologies, including AI-based products and services.",substantive,yes,focal_firm,planned,NA,NA,research_and_development,unspecified_ai,NA,yes,yes,2,NA,NA,NA,yes,no,no,no,NA,NA,NA,high,no,"Explicit continuation of AI-related R&D/marketing spending, not a plan for a specific AI use.",NA,no,no,NA,NA,no,NA,no,NA,68034,68215,545,545,NA,claim,first_pass_2026_10_08_v1
MSFT_claim_c26453788a50f49d19da,MSFT_10K_2026-07-29:L545:90963dbbab842407,MSFT,2026-06-30,MSFT_10K_2026-07-29.txt,545,"Investments in new technology are speculative. Commercial success depends on many factors, including innovation, developer support, and effective distribution and marketing. If customers do not perceive our latest offerings as providing significant new functionality or other value, they may reduce their purchases of new software and hardware products or upgrades, unfavorably affecting revenue. We may not achieve significant revenue from new product, service, and distribution channel investments for several years, if at all. New products and services may not be profitable or may not achieve operating margins as high as we have experienced historically. We may not get engagement in certain features that drive post-sale monetization opportunities.",substantive,yes,focal_firm,hypothetical,NA,NA,unclear_or_other,unspecified_ai,NA,no,yes,2,NA,NA,NA,no,no,yes,no,NA,NA,NA,medium,yes,Speculative returns and uptake risks of investments that explicitly include AI.,Passage mixes AI and non-AI offerings; risk statements are not AI-exclusive.,no,no,NA,NA,no,competitive|financial,no,NA,68387,69141,545,545,NA,claim,first_pass_2026_10_08_v1
MSFT_claim_3e4481cfcc27fd42cf63,MSFT_10K_2026-07-29:L545:90963dbbab842407,MSFT,2026-06-30,MSFT_10K_2026-07-29.txt,545,"Our data-handling practices across our products and services will continue to be under scrutiny. Perceptions of mismanagement, driven by regulatory activity or negative public reaction to our practices or product experiences, could negatively impact product and feature adoption.",substantive,yes,focal_firm,hypothetical,NA,NA,unclear_or_other,unspecified_ai,NA,no,yes,2,NA,NA,NA,no,no,yes,no,NA,NA,NA,medium,yes,Data-handling scrutiny can affect uptake within an AI-inclusive investment discussion.,"Broad product portfolio, not a uniquely AI risk.",no,no,NA,NA,no,privacy|regulatory|reputational,no,NA,69142,69421,545,545,NA,claim,first_pass_2026_10_08_v1
MSFT_claim_eb4435df077fd7b7a3cd,MSFT_10K_2026-07-29:L545:90963dbbab842407,MSFT,2026-06-30,MSFT_10K_2026-07-29.txt,545,"Developing new technologies is complex. It can require long development and testing periods. We could experience significant delays in new releases or significant problems in creating new products or services. These factors could adversely affect our business, financial condition, and results of operations.",substantive,yes,focal_firm,hypothetical,NA,NA,unclear_or_other,unspecified_ai,NA,no,yes,2,NA,NA,NA,no,no,yes,no,NA,NA,NA,medium,yes,"Development/testing periods and delays are generalized product-development risks, not actual AI pilots.",AI-inclusive context does not make generalized testing an AI pilot report.,no,no,NA,NA,no,financial|operational,no,NA,69422,69730,545,545,NA,claim,first_pass_2026_10_08_v1
MSFT_claim_b9623330a7c1cfd4c2c8,MSFT_10K_2026-07-29:L547:7b6dafe00b6450a8,MSFT,2026-06-30,MSFT_10K_2026-07-29.txt,547,"Additionally, we have a long-term strategic partnership with OpenAI.",substantive,yes,focal_firm,current,NA,NA,partnership_or_investment,unspecified_ai,NA,no,no,3,NA,NA,NA,no,yes,no,no,NA,NA,NA,high,no,Existing OpenAI relationship is reported; partnership alone cannot prove adoption.,NA,no,no,NA,NA,no,NA,yes,MSFT_10K_2026-07-29.txt:L547 (full parent passage),70064,70132,547,547,msft_openai_relationship,claim,first_pass_2026_10_08_v1
MSFT_claim_1e94ea499e8028785e5e,MSFT_10K_2026-07-29:L547:7b6dafe00b6450a8,MSFT,2026-06-30,MSFT_10K_2026-07-29.txt,547,"The success of these transactions and arrangements depend in part on our ability to leverage them to enhance our existing products and services or develop compelling new ones, as well as the acquired companies’ ability to meet our policies and processes in areas such as data governance, privacy, digital safety, responsible AI, and cybersecurity.",substantive,yes,focal_firm,hypothetical,NA,NA,unclear_or_other,unspecified_ai,NA,no,yes,3,NA,NA,NA,no,no,yes,yes,NA,NA,NA,high,no,Transaction success depends on acquired firms meeting responsible-AI/data policies; no application stage.,NA,no,no,NA,NA,no,privacy|regulatory|third_party,no,NA,70953,71300,547,547,NA,claim,first_pass_2026_10_08_v1
MSFT_claim_2db3832194619d4da6fe,MSFT_10K_2026-07-29:L555:20668752edccb635,MSFT,2026-06-30,MSFT_10K_2026-07-29.txt,555,"These actors use a wide variety of methods, which include developing and deploying malicious software; exploiting known, latent, or potential vulnerabilities or intentionally designed processes in our or third-party hardware, software, or other infrastructure to attack our products and services or gain access to our networks and datacenters; using social engineering and AI-assisted techniques to induce our employees, users, partners, suppliers, or customers to disclose sensitive information, such as passwords, or take other actions to gain access to our data or our users’ or customers’ data; or acting in a coordinated manner or conducting coordinated attacks.",substantive,yes,other,current,NA,NA,unclear_or_other,unspecified_ai,NA,no,no,3,NA,NA,NA,no,no,yes,no,NA,NA,NA,high,no,Threat actors' AI-assisted social engineering targets company/users; no focal-firm adoption.,NA,no,no,NA,NA,no,cybersecurity|privacy,no,NA,72859,73526,555,555,NA,claim,first_pass_2026_10_08_v1
MSFT_claim_991cf7370ec88a3521a0,MSFT_10K_2026-07-29:L563:ef1a0dcd893bdafe,MSFT,2026-06-30,MSFT_10K_2026-07-29.txt,563,"Threat actors also utilize emerging technologies such as AI and machine learning to, among other things, increase the speed and scale of attacks by generating and refining malicious content and code, automate reconnaissance and targeting, accelerate their ability to detect or exploit vulnerabilities, and rapidly iterate on attack techniques, which can broaden the scope, intensity, and sophistication of campaigns and reduce the time we have to identify and mitigate emerging threats.",substantive,yes,other,current,NA,NA,unclear_or_other,unspecified_ai,NA,no,no,3,NA,NA,NA,no,no,yes,no,NA,NA,NA,medium,yes,Attackers use AI/ML for content/code generation and other techniques; no focal adoption.,"Generative behavior is described, but GenAI versus traditional-ML attribution to individual attack techniques is unresolved.",no,no,NA,NA,no,cybersecurity,no,NA,75408,75894,563,563,NA,claim,first_pass_2026_10_08_v1
MSFT_claim_ef3d47c0b8f2b2d3b5af,MSFT_10K_2026-07-29:L565:2af5be8f4ed06113,MSFT,2026-06-30,MSFT_10K_2026-07-29.txt,565,"Increasing use of AI, including models, algorithms, copilots, and autonomous or semi-autonomous agents, in our internal or third-party systems may create new attack surfaces or methods for adversaries.",substantive,yes,focal_firm,unclear,NA,Internal or third-party AI systems; task/actor boundary unresolved,unclear_or_other,unspecified_ai,NA,no,yes,3,NA,NA,NA,no,no,yes,no,NA,NA,NA,medium,yes,Internal or third-party AI systems may create attack surfaces; no task or unambiguous current focal deployment.,Actor boundary and factual versus conditional 'increasing use' are unresolved.,no,uncertain,NA,not_identified,no,cybersecurity,no,NA,77927,78128,565,565,NA,claim,first_pass_2026_10_08_v1
MSFT_claim_32bd0c1e8c84787f1781,MSFT_10K_2026-07-29:L567:b0e44a3908efc77b,MSFT,2026-06-30,MSFT_10K_2026-07-29.txt,567,"Further, third parties that we utilize may also face the AI-based enhanced cybersecurity risk as described elsewhere in these risk factors.",substantive,yes,partner,hypothetical,NA,NA,unclear_or_other,unspecified_ai,NA,no,yes,2,NA,NA,NA,no,no,yes,no,NA,NA,NA,high,no,Suppliers' AI-enhanced security exposure can affect the focal firm.,NA,no,no,NA,NA,no,cybersecurity|third_party,no,NA,78642,78781,567,567,NA,claim,first_pass_2026_10_08_v1
MSFT_claim_b479ce066d2cf74de9a3,MSFT_10K_2026-07-29:L575:d3d19fd425477b06,MSFT,2026-06-30,MSFT_10K_2026-07-29.txt,575,"Product vulnerabilities can persist even after we have issued security patches if customers have not installed the most recent updates, or if attackers, potentially with the assistance of artificial intelligence, reconstruct and exploit the vulnerabilities before patching.",substantive,yes,other,hypothetical,NA,NA,unclear_or_other,unspecified_ai,NA,no,yes,3,NA,NA,NA,no,no,yes,no,NA,NA,NA,high,no,AI-assisted reconstruction of vulnerabilities is a potential attack scenario.,NA,no,no,NA,NA,no,cybersecurity,no,NA,80754,81027,575,575,NA,claim,first_pass_2026_10_08_v1
MSFT_claim_4286fae67ccd14351d99,MSFT_10K_2026-07-29:L575:d3d19fd425477b06,MSFT,2026-06-30,MSFT_10K_2026-07-29.txt,575,"For example, code generated by AI could include errors, deficiencies, or vulnerabilities that increase our exposure to cyberattacks.",substantive,yes,focal_firm,hypothetical,NA,NA,unclear_or_other,genai,NA,no,yes,3,NA,NA,NA,no,no,yes,no,NA,NA,NA,high,no,AI-generated code could introduce vulnerabilities; hypothetical risk is not internal code-generation use.,NA,no,no,NA,NA,no,cybersecurity|model_quality,no,NA,81685,81817,575,575,NA,claim,first_pass_2026_10_08_v1
MSFT_claim_c3364158bdc090970c74,MSFT_10K_2026-07-29:L577:38092dcb4b3591fb,MSFT,2026-06-30,MSFT_10K_2026-07-29.txt,577,"Further, the rapid evolution of AI technologies and use cases may outpace the development, deployment, and effectiveness of security products, controls, and industry standards, particularly in complex customer environments, increasing the risk that security measures will be insufficient to address newly emerging threats.",substantive,yes,focal_firm,hypothetical,NA,NA,unclear_or_other,unspecified_ai,NA,no,yes,3,NA,NA,NA,no,no,yes,no,NA,NA,NA,high,no,Rapid AI evolution could outpace controls in customer environments.,NA,no,no,NA,NA,no,cybersecurity|model_quality,no,NA,82732,83054,577,577,NA,claim,first_pass_2026_10_08_v1
MSFT_claim_7ff3113b1375e306668b,MSFT_10K_2026-07-29:L585:2ff41eb0c89e415f,MSFT,2026-06-30,MSFT_10K_2026-07-29.txt,585,"To defend against security threats to our internal infrastructure, our cloud-based services, and our customers’ systems, we must take a complex and multifaceted approach. This includes continuously engineering more secure products and services, and enhancing security, threat detection, and reliability features, including through the deployment of AI-based and automated defenses.",substantive,yes,focal_firm,unclear,MSFT_uc_ai_security_defenses_candidate,AI-based security defenses covering internal/customer targets; production status unclear,customer_facing_product|internal_operations,unspecified_ai,NA,no,yes,3,NA,NA,NA,no,no,no,NA,NA,NA,NA,medium,yes,"AI-based defense deployment is included in what the firm 'must' do, not a clear current production report.",Normative risk-section wording and overlapping internal/customer targets prevent an unqualified deployment stage. No AI-specific oversight/control policy is described.,no,uncertain,NA,provisional,no,NA,yes,MSFT_10K_2026-07-29.txt:L581-L595,84584,84965,585,585,NA,claim,first_pass_2026_10_08_v1
MSFT_claim_0e85ec1949fad93df0a5,MSFT_10K_2026-07-29:L593:1d555728f9ffaceb,MSFT,2026-06-30,MSFT_10K_2026-07-29.txt,593,"Customers and third parties granted access to customer systems may fail to update their systems, continue to run software or operating systems we no longer support, may fail to timely install or enable security patches, or may otherwise fail to adopt adequate security practices, including in response to enhanced AI-based threats.",substantive,yes,customer,hypothetical,NA,NA,unclear_or_other,unspecified_ai,NA,no,yes,3,NA,NA,NA,no,no,yes,no,NA,NA,NA,high,no,Customers may fail to update defenses against AI-based threats; not focal adoption.,NA,no,no,NA,NA,no,cybersecurity|third_party,no,NA,86149,86480,593,593,NA,claim,first_pass_2026_10_08_v1
MSFT_claim_6dd2541d3e8e9421c166,MSFT_10K_2026-07-29:L599:15e2280990aee6fd,MSFT,2026-06-30,MSFT_10K_2026-07-29.txt,599,"Limitations on our ability to prevent third parties from scraping or gathering information or content through use of bots or other measures and using it for their own benefit due to, among other things, changes in the law, interpretations of law, or increasing use of agentic AI, could adversely affect our business, financial condition, and results of operations.",substantive,yes,other,hypothetical,NA,NA,unclear_or_other,unspecified_ai,NA,no,yes,3,NA,NA,NA,no,no,yes,no,NA,NA,NA,high,no,Potential agentic-AI scraping undermines protected information; no operational claim.,NA,no,no,NA,NA,no,intellectual_property|privacy|third_party,no,NA,90118,90482,599,599,NA,claim,first_pass_2026_10_08_v1
MSFT_claim_253767ce5da5fcbd8d6c,MSFT_10K_2026-07-29:L609:da68adaf5933b616,MSFT,2026-06-30,MSFT_10K_2026-07-29.txt,609,"For platform products and services that provide content or host ads that come from or can be influenced by third parties, our reputation or user engagement may be negatively affected by activity that is hostile or inappropriate. This activity may come from users impersonating other people or organizations, including through the use of AI technologies, dissemination of information that may be viewed as misleading or intended to manipulate the opinions of our users, or the use of our products or services that violates our terms of service or otherwise for objectionable or illegal ends.",substantive,yes,other,hypothetical,NA,NA,unclear_or_other,unspecified_ai,NA,no,yes,3,NA,NA,NA,no,no,yes,no,NA,NA,NA,high,no,AI impersonation/manipulation threatens platform reputation; not company AI use.,NA,no,no,NA,NA,no,misuse|reputational,no,NA,90647,91237,609,609,NA,claim,first_pass_2026_10_08_v1
MSFT_claim_89c07ed95cff26161236,MSFT_10K_2026-07-29:L613:2b9ed9e910e48ae4,MSFT,2026-06-30,MSFT_10K_2026-07-29.txt,613,"In addition, certain AI technologies, including conversational or emotionally engaging AI systems, may present distinct risks for children and adolescents. Failure to comply with these requirements may subject us to enhanced regulatory oversight, civil or criminal liability, fines and penalties, or other reputational damage, which could adversely affect our business, financial condition, and results of operations.",substantive,yes,focal_firm,hypothetical,NA,NA,unclear_or_other,unspecified_ai,NA,no,yes,3,NA,NA,NA,no,no,yes,no,NA,NA,NA,high,no,Conversational/engaging AI creates child-safety and compliance exposure; not deployment evidence.,NA,no,no,NA,NA,no,regulatory|reputational|safety,no,NA,92276,92693,613,613,NA,claim,first_pass_2026_10_08_v1
MSFT_claim_218569c1c0c59d7803f7,MSFT_10K_2026-07-29:L615:7f31da8a7b9444cc,MSFT,2026-06-30,MSFT_10K_2026-07-29.txt,615,"For example, customers control our products and services, including our AI products, within their environments, and may deploy them in high-risk scenarios or utilize them inappropriately.",substantive,yes,customer,hypothetical,NA,NA,unclear_or_other,unspecified_ai,NA,no,yes,3,NA,NA,NA,no,no,yes,no,NA,NA,NA,high,no,Customers may deploy AI in high-risk scenarios; conditional behavior is not reported production.,NA,no,no,NA,NA,no,misuse|safety,no,NA,93021,93208,615,615,NA,claim,first_pass_2026_10_08_v1
MSFT_claim_c9164f8e5c656ab8faeb,MSFT_10K_2026-07-29:L617:7bf09618e4708f2c,MSFT,2026-06-30,MSFT_10K_2026-07-29.txt,617,We are providing access to AI across our offerings and enabling customers and partners to build AI-based solutions using our platforms.,substantive,yes,focal_firm,current,NA,NA,customer_facing_product,unspecified_ai,NA,no,no,2,NA,NA,NA,no,no,no,no,NA,NA,NA,medium,yes,AI access across platforms is reported without an independently specified application.,Access and customer enablement are not actual internal/customer operational use.,no,uncertain,NA,NA,no,NA,no,NA,94007,94142,617,617,NA,claim,first_pass_2026_10_08_v1
MSFT_claim_048639e914e11c4bad81,MSFT_10K_2026-07-29:L617:7bf09618e4708f2c,MSFT,2026-06-30,MSFT_10K_2026-07-29.txt,617,"Our AI models and the methodologies used to train them may be flawed. Datasets may be overbroad, insufficient, or contain biased or inaccurate information. Content generated by AI systems may be offensive, illegal, inaccurate, or otherwise harmful.",substantive,yes,focal_firm,hypothetical,NA,NA,unclear_or_other,genai,NA,no,yes,3,NA,NA,NA,no,no,yes,no,NA,NA,NA,high,no,Models/data/output may be flawed or harmful; generation is explicit but no application or realized result.,NA,no,no,NA,NA,no,bias|misuse|model_quality,no,NA,94444,94692,617,617,NA,claim,first_pass_2026_10_08_v1
MSFT_claim_f5fbc54bf929d4498139,MSFT_10K_2026-07-29:L617:7bf09618e4708f2c,MSFT,2026-06-30,MSFT_10K_2026-07-29.txt,617,"Ineffective or inadequate AI development or deployment practices by Microsoft or others could result in incidents that impair the acceptance of AI solutions, cause harm to individuals, customers, or society, or result in our products and services not working as intended.",substantive,yes,focal_firm,hypothetical,NA,NA,unclear_or_other,unspecified_ai,NA,no,yes,3,NA,NA,NA,no,no,yes,no,NA,NA,NA,high,no,Inadequate AI practices could harm users or product acceptance.,NA,no,no,NA,NA,no,model_quality|reputational|safety,no,NA,94693,94964,617,617,NA,claim,first_pass_2026_10_08_v1
MSFT_claim_64aa999f98d55b40f884,MSFT_10K_2026-07-29:L617:7bf09618e4708f2c,MSFT,2026-06-30,MSFT_10K_2026-07-29.txt,617,"Human review of certain inputs and outputs or other forms of human oversight may be required, including for agentic AI systems that can take actions autonomously.",substantive,yes,focal_firm,hypothetical,NA,NA,unclear_or_other,unspecified_ai,NA,no,yes,3,NA,NA,NA,no,no,no,yes,NA,NA,NA,high,no,Human oversight may be required for autonomous agents; requirement is not an implemented oversight control.,NA,no,no,NA,NA,no,NA,no,NA,94965,95127,617,617,NA,claim,first_pass_2026_10_08_v1
MSFT_claim_b1791e57e5fd8ce5d164,MSFT_10K_2026-07-29:L617:7bf09618e4708f2c,MSFT,2026-06-30,MSFT_10K_2026-07-29.txt,617,Companion or highly-personalized AI systems may result in over-reliance or dependence by users that is harmful.,substantive,yes,focal_firm,hypothetical,NA,NA,unclear_or_other,unspecified_ai,NA,no,yes,3,NA,NA,NA,no,no,yes,no,NA,NA,NA,high,no,"Potential dependence on companion AI, not product-specific adoption.",NA,no,no,NA,NA,no,misuse|safety,no,NA,95128,95239,617,617,NA,claim,first_pass_2026_10_08_v1
MSFT_claim_9599777660fceeba5a87,MSFT_10K_2026-07-29:L617:7bf09618e4708f2c,MSFT,2026-06-30,MSFT_10K_2026-07-29.txt,617,"Our implementation of AI systems could result in legal liability, regulatory action, litigation, brand, reputational, or competitive harm, or other adverse impacts. These risks may stem from issues related to AI model and system capabilities, intellectual property, data privacy, product liability, and other claims associated with AI training, outputs, and system behavior. They are further compounded by the evolving regulatory landscape, with new laws emerging globally and increased scrutiny from regulators and lawmakers.",substantive,yes,focal_firm,hypothetical,NA,NA,unclear_or_other,unspecified_ai,NA,no,yes,3,NA,NA,NA,no,no,yes,no,NA,NA,NA,high,no,AI implementation can create legal/privacy/IP liabilities in an evolving regulatory environment.,NA,no,no,NA,NA,no,intellectual_property|privacy|regulatory|reputational,no,NA,95240,95766,617,617,NA,claim,first_pass_2026_10_08_v1
MSFT_claim_220e5b27f61735f4eb1c,MSFT_10K_2026-07-29:L617:7bf09618e4708f2c,MSFT,2026-06-30,MSFT_10K_2026-07-29.txt,617,"Certain AI technologies and use cases present ethical issues or may have broad or uneven impacts on society or vulnerable groups within society. There is also rising divergence globally in how to address these issues and impacts, with the result that we will need to navigate a web of different tensions across geographies.",substantive,yes,focal_firm,hypothetical,NA,NA,unclear_or_other,unspecified_ai,NA,no,yes,3,NA,NA,NA,no,no,yes,no,NA,NA,NA,high,no,Ethical/societal impacts and geographic regulatory divergence.,NA,no,no,NA,NA,no,bias|regulatory|safety,no,NA,95767,96090,617,617,NA,claim,first_pass_2026_10_08_v1
MSFT_claim_e7965b4c54f1967730d9,MSFT_10K_2026-07-29:L617:7bf09618e4708f2c,MSFT,2026-06-30,MSFT_10K_2026-07-29.txt,617,"We have experienced, and expect to continue to experience, instances in which the AI solutions we enable or offer produce unintended consequences, are used or customized in unforeseen ways by customers or partners, or operate in a

PART I

Item 1A

manner inconsistent with our responsible AI policies and practices.",substantive,yes,focal_firm,current,NA,NA,unclear_or_other,unspecified_ai,NA,no,yes,3,NA,NA,NA,no,no,yes,yes,NA,NA,NA,medium,yes,"Reported unintended AI consequences, with sentence completed across page header; no identified application or magnitude.",Past/current incidents are unspecified and do not establish production status for a distinct use case.,no,no,NA,NA,no,misuse|model_quality,yes,MSFT_10K_2026-07-29.txt:L615-L627|MSFT_10K_2026-07-29.txt:L617-L623,96091,96413,617,623,NA,claim,first_pass_2026_10_08_v1
MSFT_claim_106f9d2d6096f9eea240,MSFT_10K_2026-07-29:L623:f918aa5888e07d4e,MSFT,2026-06-30,MSFT_10K_2026-07-29.txt,623,"These outcomes may give rise to public controversy, societal concerns, or regulatory actions relating to human rights, privacy, employment, or other social, economic, or political issues, and could adversely affect our reputation, competitive position, business, financial condition, and results of operations.",substantive,yes,focal_firm,hypothetical,NA,NA,unclear_or_other,unspecified_ai,NA,no,yes,3,NA,NA,NA,no,no,yes,no,NA,NA,NA,high,no,Continuation refers to AI consequences in line 617; no standalone application or quantitative result.,NA,no,no,NA,NA,no,privacy|regulatory|reputational|workforce,yes,MSFT_10K_2026-07-29.txt:L615-L627,96414,96724,623,623,NA,claim,first_pass_2026_10_08_v1
MSFT_claim_a1e9929912abc9ad78cb,MSFT_10K_2026-07-29:L623:f918aa5888e07d4e,MSFT,2026-06-30,MSFT_10K_2026-07-29.txt,623,manner inconsistent with our responsible AI policies and practices.,substantive,yes,focal_firm,current,NA,NA,unclear_or_other,unspecified_ai,NA,no,no,2,NA,NA,NA,no,no,no,yes,NA,NA,NA,medium,yes,Page continuation explicitly references responsible-AI policies; antecedent confirmed in preceding paragraph.,Fragment depends on preceding AI-incidents sentence; policies are not implementation evidence.,no,no,NA,NA,no,NA,yes,MSFT_10K_2026-07-29.txt:L615-L627,96346,96413,623,623,NA,claim,first_pass_2026_10_08_v1
MSFT_claim_abac642e5b9fce4d96f1,MSFT_10K_2026-07-29:L627:46d4656519f0e1e7,MSFT,2026-06-30,MSFT_10K_2026-07-29.txt,627,"We have spent and will continue to spend substantial amounts to build, purchase, or lease datacenters and equipment and to upgrade our technology and network infrastructure. Our infrastructure capacity depends on the availability of permitted and buildable land, predictable and affordable energy, networking supplies, and servers, including graphics processing units and other components. These demands continue to increase as we introduce new products and services and support the growth and the augmentation of existing services, and scale further the incorporation of AI features and/or functionality.",substantive,yes,focal_firm,current,NA,NA,infrastructure_or_platform,unspecified_ai,NA,yes,yes,3,NA,NA,NA,yes,no,no,no,NA,NA,NA,high,no,Continuing infrastructure spend supports increasing AI features; resources do not establish a deployed application.,NA,no,no,NA,NA,no,NA,no,NA,96971,97576,627,627,NA,claim,first_pass_2026_10_08_v1
MSFT_claim_627d0740c9fdf2525c93,MSFT_10K_2026-07-29:L627:46d4656519f0e1e7,MSFT,2026-06-30,MSFT_10K_2026-07-29.txt,627,"We may be unable to develop and expand adequate infrastructure. Our increasing user traffic, our growth in services, and the complexity of our products and services demand more infrastructure capacity and computing power.",substantive,yes,focal_firm,hypothetical,NA,NA,unclear_or_other,unspecified_ai,NA,no,yes,2,NA,NA,NA,no,no,yes,no,NA,NA,NA,high,no,AI-linked infrastructure needs may exceed available expansion.,NA,no,no,NA,NA,no,capacity|operational,no,NA,96749,96970,627,627,NA,claim,first_pass_2026_10_08_v1
MSFT_claim_e0dc0a4141afa5440715,MSFT_10K_2026-07-29:L635:0c57d2a310f0a8c1,MSFT,2026-06-30,MSFT_10K_2026-07-29.txt,635,"We continue to identify and evaluate opportunities to expand our datacenter locations and increase our server capacity to meet the evolving needs of our customers, particularly given the growing demand for AI products and services.",substantive,yes,focal_firm,current,NA,NA,infrastructure_or_platform,unspecified_ai,NA,no,no,3,NA,NA,NA,yes,no,no,no,NA,NA,NA,high,no,Datacenter/server expansion is being evaluated in response to AI demand; evaluation of capacity is not an AI pilot.,NA,no,no,NA,NA,no,NA,no,NA,100421,100652,635,635,msft_datacenter_expansion_evaluation,claim,first_pass_2026_10_08_v1
MSFT_claim_d40a394c7813b6e605d4,MSFT_10K_2026-07-29:L635:0c57d2a310f0a8c1,MSFT,2026-06-30,MSFT_10K_2026-07-29.txt,635,"Our competitors are also scaling their infrastructure and use some of the same suppliers and materials for hardware components as we do, which impacts price and availability. We depend on the timely availability of critical hardware, equipment, and components used to construct and operate datacenters and related infrastructure. We have experienced and may continue to experience supply constraints, including shortages of semiconductors, networking equipment, power systems, cooling equipment, and other key components. Expanding manufacturing or supply capacity for certain components may require significant investments and multi-year lead times. As components are delayed or become unavailable or more expensive, whether because of supplier capacity constraint, industry shortages, legal or regulatory changes that restrict supply sources, geopolitical tensions, trade restrictions, tariffs, transportation disruptions, supplier financial distress, natural disasters, public health events, instability in regions important to our or our suppliers’ supply chains, or other reasons, we may not obtain timely replacement supplies, or may be able to obtain supplies only by entering into long-term purchase commitments, price commitments, paying prices above prevailing market rates, or other arrangements on terms that are less favorable than prevailing market terms. Any delay or inability to obtain necessary equipment, hardware, or components on acceptable terms and timelines could delay infrastructure deployments, result in reduced sales, higher costs, or",substantive,yes,focal_firm,hypothetical,NA,NA,unclear_or_other,unspecified_ai,NA,no,yes,3,NA,NA,NA,no,no,yes,no,NA,NA,NA,medium,yes,Component shortages and trade/geopolitical constraints can delay AI-linked infrastructure.,Final sentence continues on the next page; core supply-risk statement is complete.,no,no,NA,NA,no,capacity|financial|regulatory|third_party,no,NA,100653,102216,635,635,NA,claim,first_pass_2026_10_08_v1
MSFT_claim_06eca4fbaa91db38b2cd,MSFT_10K_2026-07-29:L649:f54757c866b3e7aa,MSFT,2026-06-30,MSFT_10K_2026-07-29.txt,649,"Inefficiencies or operational failures, including temporary or permanent loss of customer data, outages, insufficient Internet connectivity, insufficient or unavailable power or water supply, inefficient operation of our of our cloud-based and AI products and services on our infrastructure, or inadequate storage and compute capacity could diminish the actual or perceived quality of our products, services, and user experience, resulting in contractual liability, claims by customers and other third parties, regulatory actions, damage to our reputation, and loss of current and potential users, subscribers, and advertisers, each of which could adversely affect our business, operations, financial condition, and results of operations.",substantive,yes,focal_firm,hypothetical,NA,NA,unclear_or_other,unspecified_ai,NA,no,yes,3,NA,NA,NA,no,no,yes,no,NA,NA,NA,high,no,"AI-service infrastructure failures may degrade quality and create liability; hypothetical risk, not deployment.",NA,no,no,NA,NA,no,capacity|operational|privacy|reputational,no,NA,104145,104883,649,649,NA,claim,first_pass_2026_10_08_v1
MSFT_claim_63000b8b4199c292e297,MSFT_10K_2026-07-29:L651:bfb121e3a8d73d7a,MSFT,2026-06-30,MSFT_10K_2026-07-29.txt,651,Our AI and other software products and services also have and may in the future experience quality or reliability problems.,substantive,yes,focal_firm,current,NA,NA,unclear_or_other,unspecified_ai,NA,no,yes,2,NA,NA,NA,no,no,yes,no,NA,NA,NA,high,no,Reported and possible AI-software quality problems do not identify a current application.,NA,no,no,NA,NA,no,model_quality|operational,no,NA,104929,105052,651,651,NA,claim,first_pass_2026_10_08_v1
MSFT_claim_3755bfe83eee86848e31,MSFT_10K_2026-07-29:L651:bfb121e3a8d73d7a,MSFT,2026-06-30,MSFT_10K_2026-07-29.txt,651,"Weaknesses in our processes could result in defects we do not detect and fix in pre-release testing, which could cause reduced sales, damage to our reputation, repair or remediation costs, delays in the release of new products or versions, or legal liability, any of which could adversely affect our business, financial condition, and results of operations.",substantive,yes,focal_firm,hypothetical,NA,NA,unclear_or_other,unspecified_ai,NA,no,yes,3,NA,NA,NA,no,no,yes,no,NA,NA,NA,high,no,"Pre-release testing is discussed as a possible failure to detect defects, not a reported AI pilot.",NA,no,no,NA,NA,no,financial|model_quality|regulatory,no,NA,105721,106078,651,651,NA,claim,first_pass_2026_10_08_v1
MSFT_claim_d597ff4f8a7d4b5eda0f,MSFT_10K_2026-07-29:L669:7ce6de9103dc1cf8,MSFT,2026-06-30,MSFT_10K_2026-07-29.txt,669,"• AI: Legislative and regulatory action is evolving with respect to AI, which could increase costs or restrict opportunity. For example, the EU’s AI Act may increase costs or impact the provision or operation of our AI models and services in the European market.",substantive,yes,focal_firm,hypothetical,NA,NA,unclear_or_other,unspecified_ai,NA,no,yes,4,NA,NA,NA,no,no,yes,no,NA,NA,NA,high,no,EU AI Act is named as a source of cost and operating restrictions.,NA,no,no,NA,NA,no,financial|regulatory,no,NA,109412,109674,669,669,NA,claim,first_pass_2026_10_08_v1
MSFT_claim_e0cce6fa9aeaa25ea5c3,MSFT_10K_2026-07-29:L669:7ce6de9103dc1cf8,MSFT,2026-06-30,MSFT_10K_2026-07-29.txt,669,"In addition, governments may impose restrictions on the development, deployment, availability, or cross-border access to advanced AI models based on safety, cybersecurity, or national security or may apply laws to AI models in ways we cannot anticipate. AI regulatory areas include model and system development and deployment, frontier model safety, transparency, content provenance, digital replicas, and AI companions.",substantive,yes,focal_firm,hypothetical,NA,NA,unclear_or_other,unspecified_ai,NA,no,yes,3,NA,NA,NA,no,no,yes,no,NA,NA,NA,high,no,Model access/safety regulation may restrict advanced AI services.,NA,no,no,NA,NA,no,cybersecurity|regulatory|safety,no,NA,109675,110095,669,669,NA,claim,first_pass_2026_10_08_v1
MSFT_claim_846ffa07af9308648cbc,MSFT_10K_2026-07-29:L673:82ec2dbf7a4dd038,MSFT,2026-06-30,MSFT_10K_2026-07-29.txt,673,"U.S. tariffs, shifting AI export controls policies, and disagreements among governments on sanctions policies toward third countries, has and may continue to increase operational costs, create uncertainty in the continuity of our products, and accelerate sovereignty initiatives among international partners and customers.",substantive,yes,focal_firm,current,NA,NA,unclear_or_other,unspecified_ai,NA,no,yes,4,NA,NA,NA,no,no,yes,no,NA,NA,NA,high,no,AI export-control changes alongside tariffs affect costs and continuity; no attributed numerical outcome.,NA,no,no,NA,NA,no,financial|operational|regulatory,no,NA,111954,112276,673,673,NA,claim,first_pass_2026_10_08_v1
MSFT_claim_f89b1a9458b29fd027e0,MSFT_10K_2026-07-29:L673:82ec2dbf7a4dd038,MSFT,2026-06-30,MSFT_10K_2026-07-29.txt,673,"The potential replacement of the rescinded AI Diffusion Rule, expanded export license conditions, and other potential AI-related rulemakings could adversely affect Microsoft’s business, strategy, and operations.",substantive,yes,focal_firm,hypothetical,NA,NA,unclear_or_other,unspecified_ai,NA,no,yes,4,NA,NA,NA,no,no,yes,no,NA,NA,NA,high,no,Potential replacement of AI Diffusion Rule may affect business operations.,NA,no,no,NA,NA,no,competitive|regulatory,no,NA,112413,112624,673,673,NA,claim,first_pass_2026_10_08_v1
MSFT_claim_74688056c3bb450e5df4,MSFT_10K_2026-07-29:L683:bdad18326b9b3260,MSFT,2026-06-30,MSFT_10K_2026-07-29.txt,683,"In addition, in 2020 we announced goals to become carbon negative, water positive, and zero waste by 2030. AI development and deployment has and will likely continue to raise energy use and emissions, making it harder to meet these goals. Any failure or perceived failure to meet our sustainability goals, or to meet various sustainability regulatory requirements, could result in claims and lawsuits, regulatory actions, penalties, or damage to our reputation, each of which could adversely affect our business, operations, financial condition, and results of operations.",substantive,yes,focal_firm,current,NA,NA,unclear_or_other,unspecified_ai,NA,no,yes,3,NA,NA,NA,no,no,yes,no,NA,NA,NA,high,no,AI energy/emissions complicate sustainability goals; carbon targets are not quantified AI implementation outcomes.,NA,no,no,NA,NA,no,environmental|regulatory|reputational,no,NA,115157,115729,683,683,NA,claim,first_pass_2026_10_08_v1
MSFT_claim_b89fe0d6819381cd6a04,MSFT_10K_2026-07-29:L687:dedc79e71d50be68,MSFT,2026-06-30,MSFT_10K_2026-07-29.txt,687,"These claims may arise from a wide variety of business practices and initiatives, including major new product releases, AI products and services, significant business transactions, warranty or product claims, employment practices, and regulation. As we continue to expand our business and offerings, we may experience new and novel legal claims. Adverse outcomes in some or all of these claims may result in significant monetary damages or injunctive relief that could adversely affect our ability to conduct our business.",substantive,yes,focal_firm,hypothetical,NA,NA,unclear_or_other,unspecified_ai,NA,no,yes,2,NA,NA,NA,no,no,yes,no,NA,NA,NA,high,no,AI products are among initiatives exposed to lawsuits; no specific implementation evidence.,NA,no,no,NA,NA,no,financial|regulatory,no,NA,116726,117248,687,687,NA,claim,first_pass_2026_10_08_v1
MSFT_claim_52108b4df3e035ed3b3d,MSFT_10K_2026-07-29:L707:755509cd71dd40e0,MSFT,2026-06-30,MSFT_10K_2026-07-29.txt,707,"From time to time, others claim we infringe their intellectual property rights, including current copyright infringement and other claims arising from AI training, inference, and output.",substantive,yes,focal_firm,current,NA,NA,unclear_or_other,unspecified_ai,NA,no,no,3,NA,NA,NA,no,no,yes,no,NA,NA,NA,high,no,Current AI-training/inference/output infringement claims are reported.,NA,no,no,NA,NA,no,intellectual_property|regulatory,no,NA,122474,122660,707,707,NA,claim,first_pass_2026_10_08_v1
MSFT_claim_d3e0c3c359c41c623420,MSFT_10K_2026-07-29:L707:755509cd71dd40e0,MSFT,2026-06-30,MSFT_10K_2026-07-29.txt,707,"To resolve these claims, we may enter into royalty-bearing data access or licensing agreements on terms that are less favorable than currently available, stop selling or redesign affected products or services, or pay damages to satisfy indemnification commitments with our customers. Adverse outcomes could also include monetary damages or injunctive relief that may limit or prevent importing, marketing, and selling our products or services that have infringing technologies.",substantive,yes,focal_firm,hypothetical,NA,NA,unclear_or_other,unspecified_ai,NA,no,yes,3,NA,NA,NA,no,no,yes,no,NA,NA,NA,high,no,AI-linked IP litigation could require licensing/redesign or damages; no investment or benefit claim.,NA,no,no,NA,NA,no,financial|intellectual_property|regulatory,no,NA,122661,123138,707,707,NA,claim,first_pass_2026_10_08_v1
MSFT_claim_28f98b2f20c093f3cc81,MSFT_10K_2026-07-29:L721:5abbe1c366c87b1c,MSFT,2026-06-30,MSFT_10K_2026-07-29.txt,721,"• Public scrutiny of our decisions regarding user privacy, data practices, content, or development and deployment of AI.",substantive,yes,focal_firm,hypothetical,NA,NA,unclear_or_other,unspecified_ai,NA,no,yes,2,NA,NA,NA,no,no,yes,no,NA,NA,NA,medium,yes,"Public scrutiny of AI development/deployment is a reputation exposure, not an adoption event.",Risk-list fragment rather than an independently stated action.,no,no,NA,NA,no,privacy|reputational,no,NA,124431,124551,721,721,NA,claim,first_pass_2026_10_08_v1
MSFT_claim_2eaed3d031c9d2709c21,MSFT_10K_2026-07-29:L723:c4f18fa3197ed3f0,MSFT,2026-06-30,MSFT_10K_2026-07-29.txt,723,"• Data security breaches, cybersecurity incidents, responsible AI failures, compliance failures, or actions of partners or individual employees.",substantive,yes,focal_firm,hypothetical,NA,NA,unclear_or_other,unspecified_ai,NA,no,yes,2,NA,NA,NA,no,no,yes,no,NA,NA,NA,medium,yes,"Responsible-AI failures are enumerated as exposure, not reported implementation.",List fragment mixes AI and general security/compliance events.,no,no,NA,NA,no,model_quality|regulatory|reputational,no,NA,124555,124699,723,723,NA,claim,first_pass_2026_10_08_v1
MSFT_claim_ca79995c9e7d311136ea,MSFT_10K_2026-07-29:L761:033b091698a76d57,MSFT,2026-06-30,MSFT_10K_2026-07-29.txt,761,"We continuously monitor our computing environments, products, and services for vulnerabilities and signs of compromise, and we utilize our own security products, third-party security products, and leading artificial intelligence models to combat cybersecurity threats.",substantive,yes,focal_firm,current,MSFT_uc_internal_ai_cybersecurity,Current AI-model use to combat threats to company computing environments,internal_operations,unspecified_ai,security,no,no,4,4,yes,no,no,no,no,no,no,NA,NA,medium,yes,Explicit current use of leading AI models to combat threats across company computing environments.,Exact model type and separate product/customer boundaries are not specified.,no,yes,4,resolved,no,NA,no,NA,137305,137573,766,766,NA,claim,first_pass_2026_10_08_v1
MSFT_claim_99824bbe61556c1b23b8,MSFT_10K_2026-07-29:L774:c4738897eb6624c5,MSFT,2026-06-30,MSFT_10K_2026-07-29.txt,774,"Presentations to the Board of Directors are made by senior management, including our Chief Information Security Officer (“CISO”), our EVP of Microsoft Security, our EVP of Cloud + AI, and the head of our Customer Security and Trust organization.",irrelevant,no,focal_firm,current,NA,NA,NA,NA,NA,NA,NA,NA,NA,NA,NA,NA,NA,NA,NA,NA,NA,NA,medium,yes,AI appears only in the Cloud + AI executive title in a general cybersecurity-governance account.,Executive title does not establish AI-specific governance or adoption.,no,no,NA,NA,NA,NA,no,NA,140810,141055,777,777,NA,screening,first_pass_2026_10_08_v1
MSFT_claim_9b700baddeac0a597d38,MSFT_10K_2026-07-29:L872:77d676da0b5b3410,MSFT,2026-06-30,MSFT_10K_2026-07-29.txt,872,"Microsoft is a technology company committed to making digital technology and artificial intelligence (“AI”) available broadly and doing so responsibly, with a mission to empower every person and every organization on the planet to achieve more.",substantive,yes,focal_firm,current,NA,NA,unclear_or_other,unspecified_ai,responsible_ai,NA,yes,1,1,NA,NA,no,no,no,no,no,NA,NA,medium,yes,Repeated corporate AI-access/responsibility mission; no application.,Mission-level commitment is not clearly an actionable undertaking.,no,yes,1,NA,yes,NA,no,NA,149288,149532,872,872,msft_ai_mission,claim,first_pass_2026_10_08_v1
MSFT_claim_288e300e05429547d26a,MSFT_10K_2026-07-29:L872:77d676da0b5b3410,MSFT,2026-06-30,MSFT_10K_2026-07-29.txt,872,"We create platforms and applications, powered by AI, that deliver innovative solutions that meet the evolving needs of our customers.",substantive,yes,focal_firm,current,NA,NA,unclear_or_other,unspecified_ai,customer_experience|innovation,no,no,2,1,NA,NA,no,no,no,no,no,NA,NA,high,no,"Generic customer-oriented AI-platform creation, without a concrete deployment case.",NA,no,yes,1,NA,yes,NA,no,NA,149533,149666,872,872,NA,claim,first_pass_2026_10_08_v1
MSFT_claim_2fe83c32b530e389fcaf,MSFT_10K_2026-07-29:L902:89414b2b53d472b6,MSFT,2026-06-30,MSFT_10K_2026-07-29.txt,902,We have a long-term strategic partnership with OpenAI which was originally established in 2019.,substantive,yes,focal_firm,current,NA,NA,partnership_or_investment,unspecified_ai,NA,no,no,4,NA,NA,NA,no,yes,no,no,NA,NA,NA,high,no,Current OpenAI partnership with a stated 2019 origin; no application deployment.,NA,no,no,NA,NA,no,NA,no,NA,151453,151548,902,902,msft_openai_relationship,claim,first_pass_2026_10_08_v1
MSFT_claim_f185d96ec1504a52aa31,MSFT_10K_2026-07-29:L902:89414b2b53d472b6,MSFT,2026-06-30,MSFT_10K_2026-07-29.txt,902,"In October 2025 and April 2026, we extended this partnership and continue to build on our shared vision to advance artificial intelligence responsibly and make its benefits broadly accessible.",substantive,yes,focal_firm,current,NA,NA,unclear_or_other,unspecified_ai,responsible_ai,no,no,4,NA,NA,NA,no,yes,no,no,NA,NA,NA,high,no,Dated partnership extensions and shared responsible-access objective; not an implementation event.,NA,no,no,NA,NA,yes,NA,no,NA,151549,151741,902,902,NA,claim,first_pass_2026_10_08_v1
MSFT_claim_ab5d005a81611995977c,MSFT_10K_2026-07-29:L902:89414b2b53d472b6,MSFT,2026-06-30,MSFT_10K_2026-07-29.txt,902,Microsoft is a major investor in OpenAI and will continue to receive revenue-sharing payments.,substantive,yes,focal_firm,current,NA,NA,partnership_or_investment,unspecified_ai,NA,no,yes,3,NA,NA,NA,yes,yes,no,no,NA,NA,NA,high,no,"Equity investment and future revenue-sharing are financial relationships, not realized AI application outcomes.",NA,no,no,NA,NA,no,NA,no,NA,151742,151836,902,902,NA,claim,first_pass_2026_10_08_v1
MSFT_claim_3ad367909f80b511a792,MSFT_10K_2026-07-29:L902:89414b2b53d472b6,MSFT,2026-06-30,MSFT_10K_2026-07-29.txt,902,"We hold rights to OpenAI’s intellectual property, including models and infrastructure, for integration into our products.",substantive,yes,focal_firm,current,NA,NA,partnership_or_investment,unspecified_ai,NA,no,no,3,NA,NA,NA,no,yes,no,no,NA,NA,NA,high,no,"Rights to AI-related IP for integration are reported, but integration itself is not reported complete.",NA,no,no,NA,NA,no,NA,no,NA,151837,151958,902,902,NA,claim,first_pass_2026_10_08_v1
MSFT_claim_98ef33d89ae606a43d74,MSFT_10K_2026-07-29:L912:a501d3410f27b049,MSFT,2026-06-30,MSFT_10K_2026-07-29.txt,912,The investments we are making in cloud and AI infrastructure and devices will continue to increase our operating costs and may decrease our operating margins.,substantive,yes,focal_firm,current,NA,NA,infrastructure_or_platform,unspecified_ai,NA,no,yes,3,NA,NA,NA,yes,no,yes,no,NA,NA,NA,high,no,Current cloud/AI investment raises costs and may reduce margins; spending is not operational adoption.,NA,no,no,NA,NA,no,financial,no,NA,152712,152870,912,912,NA,claim,first_pass_2026_10_08_v1
MSFT_claim_fe2f12226b44ae18bf35,MSFT_10K_2026-07-29:L912:a501d3410f27b049,MSFT,2026-06-30,MSFT_10K_2026-07-29.txt,912,"We continue to identify and evaluate opportunities to expand our datacenter locations and increase our server capacity to meet the evolving needs of our customers, particularly given the growing demand for AI services.",substantive,yes,focal_firm,current,NA,NA,infrastructure_or_platform,unspecified_ai,NA,no,no,3,NA,NA,NA,yes,no,no,no,NA,NA,NA,high,no,Datacenter/server expansion opportunities are being evaluated for AI demand; no AI pilot.,NA,no,no,NA,NA,no,NA,no,NA,152871,153089,912,912,msft_datacenter_expansion_evaluation,claim,first_pass_2026_10_08_v1
MSFT_claim_10700601cd74c86d01c9,MSFT_10K_2026-07-29:L954:bc597386926ce32e,MSFT,2026-06-30,MSFT_10K_2026-07-29.txt,954,"Microsoft 365 Commercial cloud revenue growth      Revenue from Microsoft 365 Commercial subscriptions, comprising Microsoft 365 Commercial, Enterprise Mobility + Security, the cloud portion of Windows Commercial, the per-user portion of Power BI, Exchange, SharePoint, Microsoft Teams, Microsoft 365 Security and Compliance, and Microsoft 365 Copilot
  Microsoft 365 Commercial seat growth               The number of Microsoft 365 Commercial seats at end of period where seats are paid users covered by a Microsoft 365 Commercial subscription",substantive,yes,focal_firm,current,MSFT_uc_m365_commercial_copilot,Microsoft 365 Copilot commercial productivity assistance,customer_facing_product,unspecified_ai,NA,no,no,2,NA,NA,NA,no,no,no,no,NA,NA,NA,high,no,Definitions of suite revenue and paid-seat measures include Copilot but provide no actual AI-use quantity.,NA,no,no,NA,resolved,no,NA,no,NA,158233,158778,954,955,NA,claim,first_pass_2026_10_08_v1
MSFT_claim_d3ce15d5964e6a7e58b1,MSFT_10K_2026-07-29:L954:bc597386926ce32e,MSFT,2026-06-30,MSFT_10K_2026-07-29.txt,954,"Azure and other cloud services revenue growth      Revenue from Azure and other cloud services, including cloud and AI consumption-based services, GitHub cloud services, Health and Life Sciences cloud services (formerly Nuance Healthcare cloud services), virtual desktop offerings, and other cloud services",substantive,yes,focal_firm,current,NA,NA,infrastructure_or_platform,unspecified_ai,NA,no,no,2,NA,NA,NA,no,no,no,no,NA,NA,NA,high,no,"AI is included in a broad revenue-definition category, not a realized implementation result.",NA,no,no,NA,NA,no,NA,no,NA,159269,159575,959,959,NA,claim,first_pass_2026_10_08_v1
MSFT_claim_d21bc72eb6506e9a18a4,MSFT_10K_2026-07-29:L998:274ccaaff6e76fb0,MSFT,2026-06-30,MSFT_10K_2026-07-29.txt,998,"• Gross margin percentage decreased slightly driven by continued investments in AI infrastructure and growing AI product usage, offset in part by efficiency gains across the Microsoft Cloud.",substantive,yes,focal_firm,current,NA,NA,infrastructure_or_platform,unspecified_ai,NA,no,no,3,NA,NA,NA,yes,no,no,no,NA,NA,NA,medium,yes,AI infrastructure and unspecified product usage are associated with lower margin; no identifiable application.,Generic usage lacks actor/task identity; efficiency gains are not attributed specifically to AI.,no,uncertain,NA,NA,no,NA,no,NA,162659,162849,998,998,NA,claim,first_pass_2026_10_08_v1
MSFT_claim_4346ebdd2371fb91393b,MSFT_10K_2026-07-29:L1000:4ed64f9ef5021ed2,MSFT,2026-06-30,MSFT_10K_2026-07-29.txt,1000,"• Microsoft Cloud gross margin percentage decreased to 66% driven by continued investments in AI infrastructure and growing AI product usage, offset in part by efficiency gains in Azure and Microsoft 365 Commercial cloud.",substantive,yes,focal_firm,current,NA,NA,infrastructure_or_platform,unspecified_ai,NA,no,no,3,NA,NA,NA,yes,no,no,no,no,shared_drivers,microsoft_cloud_gross_margin,medium,yes,66% cloud margin has mixed investment/usage/efficiency drivers; not an isolated AI-application outcome.,AI product usage is unspecified; reported margin cannot be attributed to a single application.,no,uncertain,NA,NA,no,NA,no,NA,162853,163074,1000,1000,NA,claim,first_pass_2026_10_08_v1
MSFT_claim_45f18e46d02d995e7f4f,MSFT_10K_2026-07-29:L1002:b2541ce58a7a468b,MSFT,2026-06-30,MSFT_10K_2026-07-29.txt,1002,"Operating expenses increased $4.9 billion or 7% driven by continued investments in research and development compute capacity, AI talent, and data to support product development that benefits the entire portfolio, impairment and other related expenses in our XBOX business, investments in commercial sales, and higher Copilot advertising expenses.",substantive,yes,focal_firm,current,NA,NA,research_and_development,unspecified_ai,NA,no,no,3,NA,NA,NA,yes,no,no,no,no,shared_drivers,operating_expense_growth,high,no,Total expense growth has AI R&D and multiple non-AI drivers; no attributable implementation outcome.,NA,no,no,NA,NA,no,NA,no,NA,163078,163424,1002,1002,NA,claim,first_pass_2026_10_08_v1
MSFT_claim_2e72736bd6b67f741232,MSFT_10K_2026-07-29:L1050:270d687f58432d71,MSFT,2026-06-30,MSFT_10K_2026-07-29.txt,1050,Microsoft 365 Commercial cloud revenue grew 17% with growth in revenue per user driven by Microsoft 365 Copilot and Microsoft 365 E5.,substantive,yes,focal_firm,current,MSFT_uc_m365_commercial_copilot,Microsoft 365 Copilot commercial productivity assistance,customer_facing_product,unspecified_ai,NA,no,no,3,4,yes,no,no,no,no,no,no,shared_drivers,commercial_cloud_revenue_growth,medium,yes,Current Copilot contribution to revenue per user supports a commercial product; 17% suite growth is not a Copilot-only effect.,Copilot and E5 jointly drive a different metric; no isolated realized AI effect magnitude.,no,yes,4,resolved,no,NA,no,NA,166557,166690,1050,1050,NA,claim,first_pass_2026_10_08_v1
MSFT_claim_ede91399629919ee5cbf,MSFT_10K_2026-07-29:L1064:3d8bd365638132e5,MSFT,2026-06-30,MSFT_10K_2026-07-29.txt,1064,• Cost of revenue increased $2.6 billion or 12% driven by investments in AI infrastructure to support Microsoft 365 Copilot seat and usage growth.,substantive,yes,focal_firm,current,NA,NA,infrastructure_or_platform,unspecified_ai,NA,no,no,3,NA,NA,NA,yes,no,no,no,NA,NA,NA,high,no,"AI infrastructure spending drives cost growth; 12% is a spending metric, not an application outcome.",NA,no,no,NA,NA,no,NA,no,NA,167589,167735,1064,1064,NA,claim,first_pass_2026_10_08_v1
MSFT_claim_f75ea66a4f2a704c5a01,MSFT_10K_2026-07-29:L1064:3d8bd365638132e5,MSFT,2026-06-30,MSFT_10K_2026-07-29.txt,1064,Microsoft 365 Copilot seat and usage growth,substantive,yes,focal_firm,current,MSFT_uc_m365_commercial_copilot,Microsoft 365 Copilot commercial productivity assistance,customer_facing_product,unspecified_ai,NA,no,no,3,4,yes,no,no,no,no,no,no,NA,NA,medium,yes,"Named Copilot seat and usage growth supports current product uptake, not internal adoption or quantified effect.",Exact usage magnitude and task are not stated; scale number is absent.,no,yes,4,resolved,no,NA,yes,MSFT_10K_2026-07-29.txt:L1064 (full parent passage),167691,167734,1064,1064,NA,claim,first_pass_2026_10_08_v1
MSFT_claim_78cd09ae39f97d5d12b6,MSFT_10K_2026-07-29:L1066:485df04643afa0b4,MSFT,2026-06-30,MSFT_10K_2026-07-29.txt,1066,"Gross margin percentage increased slightly primarily driven by efficiency gains in Microsoft 365 Commercial cloud, offset in part by continued investments in AI infrastructure and growing AI product usage.",substantive,yes,focal_firm,current,NA,NA,infrastructure_or_platform,unspecified_ai,NA,no,no,3,NA,NA,NA,yes,no,no,no,NA,NA,NA,medium,yes,AI infrastructure/usage offsets suite efficiency; no application-linked operational result.,Product usage is unspecified and efficiency is not explicitly attributed to AI.,no,uncertain,NA,NA,no,NA,no,NA,167837,168042,1066,1066,NA,claim,first_pass_2026_10_08_v1
MSFT_claim_8080841610d1b36b58fd,MSFT_10K_2026-07-29:L1068:2ed81d8e8b78ed55,MSFT,2026-06-30,MSFT_10K_2026-07-29.txt,1068,"• Operating expenses increased $2.5 billion or 9% driven by continued investments in research and development compute capacity, AI talent, and data to support product development that benefits the entire portfolio, as well as investments in commercial sales and higher Copilot advertising expenses.",substantive,yes,focal_firm,current,NA,NA,research_and_development,unspecified_ai,NA,no,no,3,NA,NA,NA,yes,no,no,no,no,shared_drivers,operating_expense_growth,high,no,AI R&D inputs and non-AI commercial expenses jointly drive reported spending.,NA,no,no,NA,NA,no,NA,no,NA,168046,168344,1068,1068,NA,claim,first_pass_2026_10_08_v1
MSFT_claim_115d4f879c22820d24e6,MSFT_10K_2026-07-29:L1082:b04945af27b80b07,MSFT,2026-06-30,MSFT_10K_2026-07-29.txt,1082,• Cost of revenue increased $17.7 billion or 44% driven by investments in AI infrastructure to support growing customer demand.,substantive,yes,focal_firm,current,NA,NA,infrastructure_or_platform,unspecified_ai,NA,no,no,3,NA,NA,NA,yes,no,no,no,NA,NA,NA,high,no,"Cost growth is attributed to AI infrastructure investment, not to an implemented AI application's effect.",NA,no,no,NA,NA,no,NA,no,NA,169151,169278,1082,1082,NA,claim,first_pass_2026_10_08_v1
MSFT_claim_e27e5501f98850000862,MSFT_10K_2026-07-29:L1084:427bacf5c1222984,MSFT,2026-06-30,MSFT_10K_2026-07-29.txt,1084,"Gross margin percentage decreased driven by the continued investments in AI infrastructure as well as sales mix shift to Azure, offset in part by efficiency gains in Azure.",substantive,yes,focal_firm,current,NA,NA,infrastructure_or_platform,unspecified_ai,NA,no,no,3,NA,NA,NA,yes,no,no,no,NA,NA,NA,high,no,AI investment reduces cloud margin while other efficiency offsets it; no AI-specific quantified effect.,NA,no,no,NA,NA,no,NA,no,NA,169355,169527,1084,1084,NA,claim,first_pass_2026_10_08_v1
MSFT_claim_dcb4a848c429c5972a9f,MSFT_10K_2026-07-29:L1086:23ab49f88088801f,MSFT,2026-06-30,MSFT_10K_2026-07-29.txt,1086,"• Operating expenses increased $1.4 billion or 7% driven by continued investments in research and development compute capacity, AI talent, and data to support product development that benefits the entire portfolio.",substantive,yes,focal_firm,current,NA,NA,research_and_development,unspecified_ai,NA,no,no,3,NA,NA,NA,yes,no,no,no,NA,NA,NA,high,no,"R&D compute, AI talent and data spending increases; resource costs are not implementation benefits.",NA,no,no,NA,NA,no,NA,no,NA,169531,169745,1086,1086,NA,claim,first_pass_2026_10_08_v1
MSFT_claim_3d5e7d9ed7751a82ede6,MSFT_10K_2026-07-29:L1110:cfbd6c25ba25ec55,MSFT,2026-06-30,MSFT_10K_2026-07-29.txt,1110,"• Operating expenses increased $940 million or 6% driven by impairment and other related expenses in our XBOX business and continued investments in research and development compute capacity, AI talent, and data to support product development that benefits the entire portfolio.",substantive,yes,focal_firm,current,NA,NA,research_and_development,unspecified_ai,NA,no,no,3,NA,NA,NA,yes,no,no,no,no,shared_drivers,operating_expense_growth,high,no,AI resources and gaming impairment jointly drive expenses; not an attributable AI deployment outcome.,NA,no,no,NA,NA,no,NA,no,NA,171084,171361,1110,1110,NA,claim,first_pass_2026_10_08_v1
MSFT_claim_c0bbaf248e6259a63865,MSFT_10K_2026-07-29:L1126:3516d1e0315b205f,MSFT,2026-06-30,MSFT_10K_2026-07-29.txt,1126,"Research and development expenses also include technology development costs, including AI training and other infrastructure costs, third-party development and programming costs, and the depreciation and amortization of assets used to conduct research and development.",substantive,yes,focal_firm,current,NA,NA,research_and_development,unspecified_ai,NA,no,no,2,NA,NA,NA,yes,no,no,no,NA,NA,NA,high,no,"AI training/infrastructure is an R&D expense component, not a deployed use case.",NA,no,no,NA,NA,no,NA,no,NA,172187,172454,1126,1126,msft_rd_cost_definition,claim,first_pass_2026_10_08_v1
MSFT_claim_df59870de314ec88df8a,MSFT_10K_2026-07-29:L1130:4e3eacfc0c9e0da8,MSFT,2026-06-30,MSFT_10K_2026-07-29.txt,1130,"Research and development expenses increased $3.1 billion or 9% driven by continued investments in compute capacity, AI talent, and data to support product development that benefits the entire portfolio, as well as impairment and other related expenses in our XBOX business.",substantive,yes,focal_firm,current,NA,NA,research_and_development,unspecified_ai,NA,no,no,3,NA,NA,NA,yes,no,no,no,no,shared_drivers,rd_expense_growth,high,no,AI compute/talent/data and gaming impairment jointly explain R&D growth.,NA,no,no,NA,NA,no,NA,no,NA,172509,172782,1130,1130,NA,claim,first_pass_2026_10_08_v1
MSFT_claim_69732b028addccd8a30f,MSFT_10K_2026-07-29:L1146:85949db223adafa9,MSFT,2026-06-30,MSFT_10K_2026-07-29.txt,1146,Sales and marketing expenses increased $1.1 billion or 4% driven by investments in commercial sales and higher Copilot advertising expenses.,substantive,yes,focal_firm,current,NA,NA,customer_facing_product,unspecified_ai,NA,no,no,3,NA,NA,NA,yes,no,no,no,no,shared_drivers,sales_marketing_expense_growth,high,no,Copilot advertising is a commercial spending driver; it is not AI use in advertising or a productivity result.,NA,no,no,NA,NA,no,NA,no,NA,173653,173793,1146,1146,NA,claim,first_pass_2026_10_08_v1
MSFT_claim_be6128df68737261c930,MSFT_10K_2026-07-29:L1326:07c2aaba07b57bef,MSFT,2026-06-30,MSFT_10K_2026-07-29.txt,1326,We will continue to invest in capital expenditures to support growth in our cloud offerings and our investments in AI training and other infrastructure.,substantive,yes,focal_firm,planned,NA,NA,infrastructure_or_platform,unspecified_ai,NA,yes,yes,2,NA,NA,NA,yes,no,no,no,NA,NA,NA,high,no,Explicit future AI training/infrastructure capital spending; no identifiable application plan.,NA,no,no,NA,NA,no,NA,no,NA,192518,192670,1326,1326,NA,claim,first_pass_2026_10_08_v1
MSFT_claim_c45de2fc30ace3d633bd,MSFT_10K_2026-07-29:L1644:5ffef9a786c8b286,MSFT,2026-06-30,MSFT_10K_2026-07-29.txt,1644,"Service and other revenue includes sales from cloud-based solutions that provide customers with AI, software, services, platforms, and content such as Azure, Office 365, Enterprise Mobility and Security, LinkedIn, Dynamics 365, and XBOX; solution support; and consulting services.",substantive,yes,focal_firm,current,NA,NA,customer_facing_product,unspecified_ai,NA,no,no,2,NA,NA,NA,no,no,no,no,NA,NA,NA,high,no,Accounting revenue definition includes broad AI services; no independently identifiable application.,NA,no,no,NA,NA,no,NA,no,NA,230175,230455,1658,1658,NA,claim,first_pass_2026_10_08_v1
MSFT_claim_18686c1b799ede603663,MSFT_10K_2026-07-29:L1697:5b778920e1a14eba,MSFT,2026-06-30,MSFT_10K_2026-07-29.txt,1697,"Research and development expenses also include technology development costs, including AI training and other infrastructure costs, third-party development and programming costs, and the depreciation and amortization of assets used to conduct research and development.",substantive,yes,focal_firm,current,NA,NA,research_and_development,unspecified_ai,NA,no,no,2,NA,NA,NA,yes,no,no,no,NA,NA,NA,high,no,"Repeated R&D cost definition includes AI training/infrastructure, not operational application use.",NA,no,no,NA,NA,no,NA,no,NA,242374,242641,1705,1705,msft_rd_cost_definition,claim,first_pass_2026_10_08_v1
MSFT_claim_832bf8e7e52559dc75ba,MSFT_10K_2026-07-29:L2623:941f84a9ab44ac1a,MSFT,2026-06-30,MSFT_10K_2026-07-29.txt,2623,"Microsoft 365 Commercial products and cloud services, including Microsoft 365 Commercial cloud, comprising Microsoft 365 Commercial, Enterprise Mobility + Security, the cloud portion of Windows Commercial, the per-user portion of Power BI, Exchange, SharePoint, Microsoft Teams, Microsoft 365 Security and Compliance, and Microsoft 365 Copilot; and Microsoft 365 Commercial products, comprising Windows Commercial on-premises and Office licensed on-premises.",substantive,yes,focal_firm,current,MSFT_uc_m365_commercial_copilot,Microsoft 365 Copilot commercial productivity assistance,customer_facing_product,unspecified_ai,NA,no,no,2,NA,NA,NA,no,no,no,no,NA,NA,NA,high,no,Segment catalogue lists Copilot without a separate implementation statement.,NA,no,no,NA,resolved,no,NA,no,NA,313250,313708,2629,2629,msft_m365_catalogue,claim,first_pass_2026_10_08_v1
MSFT_claim_103e679272314511244b,MSFT_10K_2026-07-29:L2623:941f84a9ab44ac1a,MSFT,2026-06-30,MSFT_10K_2026-07-29.txt,2623,"Server products and cloud services, including Azure and other cloud services, comprising cloud and AI consumption-based services, GitHub cloud services, Health and Life Sciences cloud services (formerly Nuance Healthcare cloud services), virtual desktop offerings, and other cloud services; and Server products, comprising SQL Server, Windows Server, Visual Studio, System Center, related Client Access Licenses, and other on-premises offerings.",substantive,yes,focal_firm,current,NA,NA,infrastructure_or_platform,unspecified_ai,NA,no,no,2,NA,NA,NA,no,no,no,no,NA,NA,NA,high,no,Segment catalogue includes AI consumption-based services; no distinct application.,NA,no,no,NA,NA,no,NA,no,NA,314403,314848,2639,2639,msft_azure_catalogue,claim,first_pass_2026_10_08_v1
MSFT_claim_bbe3505a984178e21c8f,MSFT_10K_2026-07-29:L2623:941f84a9ab44ac1a,MSFT,2026-06-30,MSFT_10K_2026-07-29.txt,2623,"Search advertising (formerly Search and news advertising), comprising Bing, Copilot, Microsoft News, Microsoft Edge, and third-party affiliates.",uncertain,yes,focal_firm,current,NA,NA,NA,NA,NA,NA,NA,NA,NA,NA,NA,NA,NA,NA,NA,NA,NA,NA,low,yes,"Copilot appears in a search-advertising catalogue, not an independently stated AI advertising task.",Brand listing alone does not establish implementation.,no,uncertain,NA,NA,NA,NA,no,NA,315638,315782,2649,2649,msft_search_catalogue,screening,first_pass_2026_10_08_v1
MSFT_claim_f2dde195545f3a2efacd,MSFT_10K_2026-07-29:L2655:a403bcfa4890d68a,MSFT,2026-06-30,MSFT_10K_2026-07-29.txt,2655,"Operating expenses that are allocated primarily include those relating to our investments in AI infrastructure and training, as well as marketing of products and services, from which multiple segments benefit and are generally allocated based on relative gross margin.",substantive,yes,focal_firm,current,NA,NA,infrastructure_or_platform,unspecified_ai,NA,no,no,2,NA,NA,NA,yes,no,no,no,NA,NA,NA,high,no,"AI infrastructure/training expense allocations are financial accounting, not application outcomes.",NA,no,no,NA,NA,no,NA,no,NA,316373,316641,2655,2655,NA,claim,first_pass_2026_10_08_v1
WMT_claim_8d22a367e2e1fd2c4d12,WMT_10K_2026-03-13:L169:8225c34eeb938ddc,WMT,2026-01-31,WMT_10K_2026-03-13.txt,169,"• our increasing investments in eCommerce, technology (including the use of artificial intelligence ""AI""), automation, supply chain, new stores and clubs as well as remodels and other omnichannel customer initiatives, such as same day pickup and delivery;",context_only,yes,focal_firm,hypothetical,NA,NA,NA,NA,NA,NA,yes,NA,NA,NA,NA,NA,NA,NA,NA,NA,NA,NA,high,no,"Safe-harbor list of topics that forward-looking statements may concern, not a realized investment/application report.",NA,no,no,NA,NA,NA,NA,yes,WMT_10K_2026-03-13.txt:L159-L173,13607,13862,169,169,NA,screening,first_pass_2026_10_08_v1
WMT_claim_b7b7df112faa3e1a76d2,WMT_10K_2026-03-13:L214:892bdc2896d30a81,WMT,2026-01-31,WMT_10K_2026-03-13.txt,214,"We continue to heavily invest in omnichannel and eCommerce innovation, as well as supply chain capabilities, which enables us to leverage technology, talent and expertise, and expand our assortment and service offerings, including through the integration of advanced technologies such as AI.",substantive,yes,focal_firm,current,NA,NA,unclear_or_other,unspecified_ai,customer_experience|innovation,no,no,2,1,NA,NA,yes,no,no,no,no,NA,NA,high,no,Omnichannel investment and AI-integration direction without an identified operational AI task.,NA,no,yes,1,NA,yes,NA,no,NA,22710,23001,214,214,NA,claim,first_pass_2026_10_08_v1
WMT_claim_40fad2084d539b0eaa96,WMT_10K_2026-03-13:L216:e537e4354733e4be,WMT,2026-01-31,WMT_10K_2026-03-13.txt,216,"Our strategies increasingly include the use of AI-powered tools to support customer and member-facing experiences, associate productivity and operational efficiency across our ecosystem.",substantive,yes,focal_firm,current,NA,NA,unclear_or_other,unspecified_ai,customer_experience|efficiency|workforce_productivity,no,no,2,1,NA,NA,no,no,no,no,no,NA,NA,high,no,AI tools support broad customer/workforce/efficiency goals; no independently identifiable production application.,NA,no,yes,1,NA,yes,NA,no,NA,23282,23468,216,216,NA,claim,first_pass_2026_10_08_v1
WMT_claim_3f3511016802247f23f3,WMT_10K_2026-03-13:L294:5d8f27273431651b,WMT,2026-01-31,WMT_10K_2026-03-13.txt,294,"We employ many strategies and programs designed to meet competitive pressures within our industry, which increasingly incorporate the use of AI-powered tools.",substantive,yes,focal_firm,current,NA,NA,unclear_or_other,unspecified_ai,competitive_positioning,no,no,2,1,NA,NA,no,no,no,no,no,NA,NA,high,no,Strategies increasingly incorporate AI tools to meet competition; no concrete adoption task.,NA,no,yes,1,NA,yes,NA,no,NA,37116,37274,294,294,NA,claim,first_pass_2026_10_08_v1
WMT_claim_615978ec4543cf52e03f,WMT_10K_2026-03-13:L338:6f327b75d3bc6810,WMT,2026-01-31,WMT_10K_2026-03-13.txt,338,"Our workforce strategy focuses on aligning our organizational structure, talent capabilities and technology investments with the evolving needs of the business, including development of a digitally skilled, AI-enabled workforce.",substantive,yes,focal_firm,current,NA,NA,unclear_or_other,unspecified_ai,workforce_productivity,no,no,2,1,NA,NA,yes,no,no,no,no,NA,NA,high,no,"AI-enabled workforce direction and technology investment are explicit, not operational deployment.",NA,no,yes,1,NA,yes,NA,no,NA,46012,46240,338,338,NA,claim,first_pass_2026_10_08_v1
WMT_claim_8517d29c9fb9c7c8262c,WMT_10K_2026-03-13:L338:6f327b75d3bc6810,WMT,2026-01-31,WMT_10K_2026-03-13.txt,338,"As part of this effort, we are making everyday work simpler and more meaningful by reshaping roles to emphasize uniquely human strengths such as creativity and leadership and identifying areas where AI can automate repetitive tasks.",substantive,yes,focal_firm,current,NA,NA,unclear_or_other,unspecified_ai,efficiency|workforce_productivity,no,no,2,1,NA,NA,no,no,no,no,no,NA,NA,medium,yes,"Identifying where AI can automate repetitive tasks is exploratory strategic interest, not an actual pilot.","Tasks/functions are unspecified; 'can' denotes potential, not a concrete implemented action.",no,yes,1,NA,yes,NA,no,NA,46426,46658,338,338,NA,claim,first_pass_2026_10_08_v1
WMT_claim_27223e1827134cbea5ad,WMT_10K_2026-03-13:L342:abcb81bff0afb7ae,WMT,2026-01-31,WMT_10K_2026-03-13.txt,342,This includes company‑wide AI learning pathways and certifications designed to meet associates where they are.,substantive,yes,focal_firm,current,NA,NA,internal_operations,unspecified_ai,workforce_productivity,no,no,2,1,NA,NA,NA,no,no,no,no,NA,NA,medium,yes,"Company-wide AI learning/certification supports workforce preparation, not use of AI in work tasks.","AI learning programs are reported, but no explicit AI-specific spending/allocation is stated.",no,yes,1,NA,yes,NA,no,NA,47571,47681,342,342,NA,claim,first_pass_2026_10_08_v1
WMT_claim_a347b1ad78fececf8e62,WMT_10K_2026-03-13:L374:fb58726cf0041f83,WMT,2026-01-31,WMT_10K_2026-03-13.txt,374,"Daniel Danker             Executive Vice President, AI Acceleration, Product and Design, effective August 2025.",uncertain,yes,focal_firm,current,NA,NA,NA,NA,NA,NA,NA,NA,NA,NA,NA,NA,NA,NA,NA,NA,NA,NA,low,yes,"AI-focused executive title is reported, without a described AI strategy, control or application.",Whether an AI-acceleration executive appointment qualifies as substantive strategy/governance requires human judgment.,no,no,NA,NA,NA,NA,no,NA,55552,55663,377,377,NA,screening,first_pass_2026_10_08_v1
WMT_claim_f1d5fb46c008cf706e6a,WMT_10K_2026-03-13:L399:c7d23fbb400b962f,WMT,2026-01-31,WMT_10K_2026-03-13.txt,399,"Our strategy, which includes investments in eCommerce, technology, AI, talent, supply chain automation and enhancements, advertising, acquisitions, joint ventures, new store and club openings and remodels and other customer initiatives, may not adequately or effectively allow us to continue to grow our omnichannel business offerings, increase comparable sales or maintain or grow our overall market position. The success of this strategy will depend in large measure on our ability to continue building and delivering a seamless omnichannel shopping experience and interconnected ecosystem for our customers that deepens and maintains our relationships with our customers across our various businesses and partnerships.",substantive,yes,focal_firm,hypothetical,NA,NA,unclear_or_other,unspecified_ai,competitive_positioning|customer_experience|revenue_growth,no,yes,2,1,NA,NA,yes,no,yes,no,no,NA,NA,high,no,AI-inclusive omnichannel investment strategy may fail to grow sales/position; no application or numerical AI benefit.,NA,no,yes,1,NA,yes,competitive|financial,no,NA,62572,63293,399,399,NA,claim,first_pass_2026_10_08_v1
WMT_claim_a93c979039062b1d57b4,WMT_10K_2026-03-13:L399:c7d23fbb400b962f,WMT,2026-01-31,WMT_10K_2026-03-13.txt,399,"Customers are using digital means, including websites, captive and third-party digital applications, social media, and emerging agentic platforms to shop with us and our competitors and to do comparison shopping, and we use these digital means along with digital advertising, text messages and email to interact with our customers and enhance their shopping experience.",uncertain,yes,customer,current,WMT_uc_customer_agentic_shopping_candidate,Customer agentic shopping/comparison platforms; AI identity/platform unspecified,customer_adoption_claim,NA,NA,NA,NA,NA,NA,NA,NA,NA,NA,NA,NA,NA,NA,NA,low,yes,"Customers use emerging agentic platforms, but this passage does not identify the platform or expressly establish AI identity.",Agentic/digital tools span focal and competitor shopping; uncertain AI referent and actor boundary.,no,uncertain,NA,provisional,NA,NA,no,NA,63294,63663,399,399,wmt_agentic_shopping,screening,first_pass_2026_10_08_v1
WMT_claim_09a35748a7cf22ea89a5,WMT_10K_2026-03-13:L401:82db40d98dad46a7,WMT,2026-01-31,WMT_10K_2026-03-13.txt,401,"In addition, a greater concentration of eCommerce sales, including increasing online grocery sales and the increasing role of AI-enabled platforms in product search, discovery, advertising and purchasing, could result in a reduction in the amount of traffic in our stores and clubs, which would, in turn, reduce the opportunities for cross-store or cross-club sales of merchandise that such traffic creates and could reduce our sales within our stores and clubs and materially adversely affect our financial performance.",substantive,yes,industry,hypothetical,NA,NA,unclear_or_other,unspecified_ai,NA,no,yes,3,NA,NA,NA,no,no,yes,no,NA,NA,NA,high,no,AI-enabled search/discovery/advertising/purchasing may divert store traffic; not a focal application-use report.,NA,no,no,NA,NA,no,competitive|financial,no,NA,64239,64759,401,401,NA,claim,first_pass_2026_10_08_v1
WMT_claim_44b20b35783091774468,WMT_10K_2026-03-13:L407:8c064d659d6c7372,WMT,2026-01-31,WMT_10K_2026-03-13.txt,407,"In addition, to remain competitive, we must continue to develop, integrate and scale digital tools, including AI-powered search and discovery platforms and capabilities, useful interfaces and other marketing tools such as third-party recommendation engines, paid search and mobile applications.",substantive,yes,focal_firm,unclear,WMT_uc_ai_search_discovery_candidate,AI-powered search and discovery development/integration; action status unclear,customer_facing_product,unspecified_ai,competitive_positioning|customer_experience,no,yes,3,NA,NA,NA,no,no,no,no,NA,NA,NA,medium,yes,AI search/discovery development is stated as what the firm 'must' continue for competitiveness.,Normative risk-section language does not unambiguously report intended rollout or current production.,no,uncertain,NA,provisional,yes,NA,yes,WMT_10K_2026-03-13.txt:L395-L415,66825,67119,407,407,NA,claim,first_pass_2026_10_08_v1
WMT_claim_c10204d27d52b981ad80,WMT_10K_2026-03-13:L407:8c064d659d6c7372,WMT,2026-01-31,WMT_10K_2026-03-13.txt,407,"Negative incidents, including the loss of merchandise as a result of shrink or theft, ineffective use or misuse of AI technologies, inaccurate, biased or otherwise flawed

AI search and discovery results, or a data breach as a result of a cyberattack could quickly erode trust and confidence in our business and could result in customer dissatisfaction, consumer boycotts, workforce unrest and government investigations.",substantive,yes,focal_firm,hypothetical,NA,NA,unclear_or_other,unspecified_ai,NA,no,yes,3,NA,NA,NA,no,no,yes,no,NA,NA,NA,high,no,AI misuse/flawed search results can undermine trust; sentence completed in the next source block.,NA,no,no,NA,NA,no,bias|misuse|model_quality|reputational,yes,WMT_10K_2026-03-13.txt:L395-L415|WMT_10K_2026-03-13.txt:L407-L409,67342,67764,407,409,wmt_ai_search_risk,claim,first_pass_2026_10_08_v1
WMT_claim_cf9d053417592f4db2ae,WMT_10K_2026-03-13:L409:ac659111151e0535,WMT,2026-01-31,WMT_10K_2026-03-13.txt,409,"AI search and discovery results, or a data breach as a result of a cyberattack could quickly erode trust and confidence in our business and could result in customer dissatisfaction, consumer boycotts, workforce unrest and government investigations.",substantive,yes,focal_firm,hypothetical,NA,NA,unclear_or_other,unspecified_ai,NA,no,yes,3,NA,NA,NA,no,no,yes,no,NA,NA,NA,medium,yes,Continuation of the search-result risk sentence; source context resolves the missing antecedent.,Continuation overlaps evidence in preceding passage; retain parent audit without counting it as a new use case.,no,no,NA,NA,no,bias|model_quality|regulatory|reputational,yes,WMT_10K_2026-03-13.txt:L395-L415,67516,67764,409,409,wmt_ai_search_risk,claim,first_pass_2026_10_08_v1
WMT_claim_cd256e03c78db8c62f5f,WMT_10K_2026-03-13:L413:18ec55deb1943cda,WMT,2026-01-31,WMT_10K_2026-03-13.txt,413,"The omnichannel retail landscape is highly competitive and rapidly evolving, and the entry of new, well-funded competitors, or more rapid development of AI capabilities and agentic tools by these competitors to enhance productivity and the shopping experience, may increase competitive pressures.",substantive,yes,competitor,hypothetical,NA,NA,unclear_or_other,unspecified_ai,NA,no,yes,3,NA,NA,NA,no,no,yes,no,NA,NA,NA,high,no,"Competitor AI development threatens Walmart; focal exposure, not focal implementation.",NA,no,no,NA,NA,no,competitive,no,NA,70390,70686,413,413,NA,claim,first_pass_2026_10_08_v1
WMT_claim_dceb7e0b7d473f1c91f7,WMT_10K_2026-03-13:L481:0fe55dff29186fc1,WMT,2026-01-31,WMT_10K_2026-03-13.txt,481,"As noted above, customers are using digital means, including websites, captive and third-party digital applications, social media, and emerging agentic platforms to shop with us and our competitors and to do comparison shopping, and we use these digital means along with digital advertising, text messages and email to interact with our customers and enhance their shopping experience.",uncertain,yes,customer,current,WMT_uc_customer_agentic_shopping_candidate,Customer agentic shopping/comparison platforms; AI identity/platform unspecified,customer_adoption_claim,NA,NA,NA,NA,NA,NA,NA,NA,NA,NA,NA,NA,NA,NA,NA,low,yes,Repeated agentic-shopping statement without named AI platform.,AI identity/current application boundary remains unclear; repeated text is not new adoption.,no,uncertain,NA,provisional,NA,NA,yes,WMT_10K_2026-03-13.txt:L477-L485,91746,92131,481,481,wmt_agentic_shopping,screening,first_pass_2026_10_08_v1
WMT_claim_fb195ecc1d6bc2a67af4,WMT_10K_2026-03-13:L481:0fe55dff29186fc1,WMT,2026-01-31,WMT_10K_2026-03-13.txt,481,"We continue to invest in AI to enhance our customers' shopping experience and our associate work experience and to improve efficiencies of our supply chain, operations, management functions and talent recruitment and development;",substantive,yes,focal_firm,current,NA,NA,unclear_or_other,unspecified_ai,customer_experience|efficiency|workforce_productivity,no,no,2,1,NA,NA,yes,no,no,no,no,NA,NA,high,no,AI investment aims at shopping/workforce/operational improvements; functional goals do not identify individual applications.,NA,no,yes,1,NA,yes,NA,yes,WMT_10K_2026-03-13.txt:L477-L485,93078,93307,481,481,NA,claim,first_pass_2026_10_08_v1
WMT_claim_03fb4a7ac8cc761147a3,WMT_10K_2026-03-13:L483:0bbbd4390c22b2c4,WMT,2026-01-31,WMT_10K_2026-03-13.txt,483,"inherent operational and legal complexities associated with implementation of these technologies within our business, and there can be no assurance that these investments will deliver the anticipated benefits, or that we will be able to adopt and leverage these technologies as quickly or effectively as our competitors.",substantive,yes,focal_firm,hypothetical,NA,NA,unclear_or_other,unspecified_ai,NA,no,yes,3,NA,NA,NA,no,no,yes,no,NA,NA,NA,high,no,AI investment benefits/adoption may not materialize; antecedent is the preceding AI-investment sentence.,NA,no,no,NA,NA,no,competitive|financial|operational|regulatory,yes,WMT_10K_2026-03-13.txt:L477-L485,93363,93683,483,483,NA,claim,first_pass_2026_10_08_v1
WMT_claim_7d88c0add0469526976a,WMT_10K_2026-03-13:L483:0bbbd4390c22b2c4,WMT,2026-01-31,WMT_10K_2026-03-13.txt,483,"When integrating and introducing AI technologies into our platforms, processes and systems, we may be exposed to new or expanded liabilities and risks due to elevated governmental scrutiny and monitoring, litigation, data privacy risks and compliance issues in a disparate and at times conflicting regulatory environment, all of which could negatively affect our financial performance and business reputation.",substantive,yes,focal_firm,hypothetical,NA,NA,unclear_or_other,unspecified_ai,NA,no,yes,3,NA,NA,NA,no,no,yes,no,NA,NA,NA,high,no,AI introduction could create liabilities/privacy/compliance exposure; conditional integration is not deployment.,NA,no,no,NA,NA,no,privacy|regulatory|reputational,no,NA,93684,94093,483,483,NA,claim,first_pass_2026_10_08_v1
WMT_claim_7d0a4793a7c0d56e9d83,WMT_10K_2026-03-13:L491:e336b623f1aa861a,WMT,2026-01-31,WMT_10K_2026-03-13.txt,491,"Continued advancements and increased use of AI have intensified existing cybersecurity risks by enabling faster and more automated attack techniques, lowering the barrier to creating sophisticated threats, and further compressing the time in which we must detect and respond to potential threats.",substantive,yes,other,current,NA,NA,unclear_or_other,unspecified_ai,NA,no,no,3,NA,NA,NA,no,no,yes,no,NA,NA,NA,high,no,AI has intensified attacker capabilities and response pressure; no focal adoption.,NA,no,no,NA,NA,no,cybersecurity,no,NA,98719,99015,491,491,NA,claim,first_pass_2026_10_08_v1
WMT_claim_2a2d79a497253c5ee70c,WMT_10K_2026-03-13:L491:e336b623f1aa861a,WMT,2026-01-31,WMT_10K_2026-03-13.txt,491,"Advances in AI are also creating novel categories of cyber threats in which attackers use AI systems to autonomously conduct reconnaissance, generate and tailor exploit code, harvest credentials, craft highly convincing social‑engineering content, and execute large‑scale intrusion or extortion campaigns with minimal human involvement.",substantive,yes,other,current,NA,NA,unclear_or_other,genai,NA,no,no,3,NA,NA,NA,no,no,yes,no,NA,NA,NA,high,no,Attackers generate exploit code and social-engineering content with AI; not company use.,NA,no,no,NA,NA,no,cybersecurity|misuse|privacy,no,NA,99016,99352,491,491,NA,claim,first_pass_2026_10_08_v1
WMT_claim_7086a85b288b04a958eb,WMT_10K_2026-03-13:L501:e3ce099057024c13,WMT,2026-01-31,WMT_10K_2026-03-13.txt,501,"Moreover, the increasing sophistication of AI technologies poses a greater risk of identity fraud, as malicious actors may exploit AI to create convincing false identities or manipulate verification processes.",substantive,yes,other,hypothetical,NA,NA,unclear_or_other,unspecified_ai,NA,no,yes,3,NA,NA,NA,no,no,yes,no,NA,NA,NA,high,no,AI may enable identity fraud and manipulated verification; hypothetical attacker behavior.,NA,no,no,NA,NA,no,cybersecurity|misuse|privacy,no,NA,103792,104001,501,501,NA,claim,first_pass_2026_10_08_v1
WMT_claim_54dc3357b79c329e2a00,WMT_10K_2026-03-13:L513:2346f0de715e75f7,WMT,2026-01-31,WMT_10K_2026-03-13.txt,513,"A growing patchwork of AI laws and targeted privacy and consumer protection statutes may also create varying obligations around notice, customer rights and appeals, data minimization, restrictions on sensitive data, targeted advertising and certain forms of profiling, and these requirements continue to evolve. Among other obligations, breaches may trigger obligations under U.S. federal and state laws and laws in certain other countries to notify affected individuals, government agencies and the media. Consequently, cybersecurity incidents that result in a data breach or our failure to comply with such laws could subject us to fines, sanctions and other legal liability and harm our reputation.",substantive,yes,focal_firm,hypothetical,NA,NA,unclear_or_other,unspecified_ai,NA,no,yes,4,NA,NA,NA,no,no,yes,no,NA,NA,NA,high,no,AI/privacy rules create notice/profiling obligations and possible sanctions; not operational adoption.,NA,no,no,NA,NA,no,financial|privacy|regulatory|reputational,no,NA,109835,110536,513,513,NA,claim,first_pass_2026_10_08_v1
WMT_claim_468a17eeddadd233689b,WMT_10K_2026-03-13:L589:86b664b92649d82d,WMT,2026-01-31,WMT_10K_2026-03-13.txt,589,"data privacy, cybersecurity, sharing and interoperability of data and use of AI technology",substantive,yes,focal_firm,current,NA,NA,unclear_or_other,unspecified_ai,NA,no,no,2,NA,NA,NA,no,no,yes,no,NA,NA,NA,high,no,AI use is part of the company's regulatory obligations; no described application.,NA,no,no,NA,NA,no,cybersecurity|privacy|regulatory,no,NA,138697,138787,589,589,NA,claim,first_pass_2026_10_08_v1
WMT_claim_ac5f759b5d4513f777e6,WMT_10K_2026-03-13:L597:981a77ca3dc0e327,WMT,2026-01-31,WMT_10K_2026-03-13.txt,597,"The impact of new laws, regulations and policies and the related interpretations, as well as changes in enforcement practices or regulatory scrutiny as to existing laws and regulations (including, but not limited to, in the U.S., shifting enforcement priorities for existing antitrust, competition and pricing laws (including new or expanded laws relating to dynamic and algorithmic pricing), use and disposal of plastics, recycled plastics or other packaging materials, social and environmental initiatives, consumer protection and AI technology, as well as proposed new rules and regulations) generally cannot be predicted, and changes in applicable laws, regulations and policies and the related interpretations and enforcement practices of existing laws and regulations may require extensive system and operational changes, be difficult to implement, increase our operating costs, require significant capital expenditures, adversely impact the cost or attractiveness of the products or services we offer, or result in adverse publicity and harm our reputation.",substantive,yes,focal_firm,hypothetical,NA,NA,unclear_or_other,unspecified_ai,NA,no,yes,3,NA,NA,NA,no,no,yes,no,NA,NA,NA,high,no,AI technology is included in regulatory changes that may require costly operational adjustments.,NA,no,no,NA,NA,no,financial|operational|regulatory|reputational,no,NA,143011,144075,597,597,NA,claim,first_pass_2026_10_08_v1
JPM_claim_3ea50a35c5d636f2e7ed,JPM_10K_2026-02-13:L237:2693617c6724772c,JPM,2025-12-31,JPM_10K_2026-02-13.txt,237,"Data, privacy, cybersecurity and artificial intelligence regulation:",context_only,yes,focal_firm,current,NA,NA,NA,NA,NA,NA,NA,NA,NA,NA,NA,NA,NA,NA,NA,NA,NA,NA,high,no,Section heading only; the substantive regulatory assertion appears in the following passage.,NA,no,no,NA,NA,NA,NA,yes,JPM_10K_2026-02-13.txt:L233-L239,39561,39629,237,237,NA,screening,first_pass_2026_10_08_v1
JPM_claim_484a039b8c70bab63894,JPM_10K_2026-02-13:L239:3f4a9b8e247da0a0,JPM,2025-12-31,JPM_10K_2026-02-13.txt,239,"The Firm and its subsidiaries are subject to laws, rules and regulations globally concerning data, including data protection, consumer protection, privacy, cybersecurity, artificial intelligence and related matters. These laws, rules and regulations are constantly evolving, subject to interpretation, remain a focus of regulators globally, may be enforced by private parties or government bodies, and continue to have a significant impact on all of the Firm’s businesses and operations.",substantive,yes,focal_firm,current,NA,NA,unclear_or_other,unspecified_ai,NA,no,no,2,NA,NA,NA,no,no,yes,no,NA,NA,NA,high,no,Firm expressly subject to evolving AI-related laws; no implementation claim.,NA,no,no,NA,NA,no,regulatory,no,NA,39633,40120,239,239,NA,claim,first_pass_2026_10_08_v1
JPM_claim_67e9b34df8ef20f91097,JPM_10K_2026-02-13:L321:575fe4b896f7f095,JPM,2025-12-31,JPM_10K_2026-02-13.txt,321,"JPMorganChase supports the professional development and career growth of its employees. The Firm offers voluntary training programs and educational resources to all employees covering a broad variety of topics such as leadership and management, artificial intelligence, data literacy and operational and professional skills.",substantive,yes,focal_firm,current,NA,NA,internal_operations,unspecified_ai,workforce_productivity,no,no,2,1,NA,NA,no,no,no,no,no,NA,NA,high,no,Voluntary AI-topic training supports workforce preparation; training about AI is not operational AI use.,NA,no,yes,1,NA,yes,NA,no,NA,49828,50152,321,321,NA,claim,first_pass_2026_10_08_v1
JPM_claim_989d2beb6c167642daa5,JPM_10K_2026-02-13:L1093:b244f1bfb39a5108,JPM,2025-12-31,JPM_10K_2026-02-13.txt,1093,"• technological advances such as artificial intelligence (“AI”) and quantum computing that may enable malicious actors to develop more advanced social engineering attacks, including targeted phishing attacks, and",substantive,yes,other,hypothetical,NA,NA,unclear_or_other,unspecified_ai,NA,no,yes,3,NA,NA,NA,no,no,yes,no,NA,NA,NA,high,no,"AI/quantum technology may enhance attackers' social engineering; focal cybersecurity exposure, not adoption.",NA,no,no,NA,NA,no,cybersecurity|misuse,yes,JPM_10K_2026-02-13.txt:L1085-L1095,120045,120257,1093,1093,NA,claim,first_pass_2026_10_08_v1
JPM_claim_26a1846fb4d2259a51bb,JPM_10K_2026-02-13:L1421:783cf5801836aa6a,JPM,2025-12-31,JPM_10K_2026-02-13.txt,1421,"• appropriately balance workforce planning and training as new technologies, such as AI, are adopted and integrated, or",substantive,yes,focal_firm,hypothetical,NA,NA,unclear_or_other,unspecified_ai,NA,no,yes,2,NA,NA,NA,no,no,yes,no,NA,NA,NA,high,no,Conditional management-failure list concerns workforce adaptation; does not assert an actual AI integration.,NA,no,no,NA,NA,no,operational|workforce,yes,JPM_10K_2026-02-13.txt:L1409-L1425,147053,147172,1421,1421,NA,claim,first_pass_2026_10_08_v1
JPM_claim_a954f407fbe1eb3613a2,JPM_10K_2026-02-13:L1443:c700a5692a681a89,JPM,2025-12-31,JPM_10K_2026-02-13.txt,1443,"If JPMorganChase does not keep pace with rapidly changing technological advances, including the adoption of generative AI, it risks losing clients and market share to competitors, which could negatively impact revenues, operating costs and its competitive position.",substantive,yes,focal_firm,hypothetical,NA,NA,unclear_or_other,genai,NA,no,yes,3,NA,NA,NA,no,no,yes,no,NA,NA,NA,high,no,Failure to keep pace with GenAI adoption could lose customers; no reported adoption action.,NA,no,no,NA,NA,no,competitive|financial,no,NA,149139,149404,1443,1443,NA,claim,first_pass_2026_10_08_v1
JPM_claim_75eb3f45ed678625f665,JPM_10K_2026-02-13:L1443:c700a5692a681a89,JPM,2025-12-31,JPM_10K_2026-02-13.txt,1443,"In addition, new technologies (including generative AI) could be used by customers or bad actors in unexpected or disruptive ways, or could be breached or infiltrated by third parties, which could increase JPMorganChase’s compliance expenses and reduce its income related to the offering of products and services through those technologies.",substantive,yes,other,hypothetical,NA,NA,unclear_or_other,genai,NA,no,yes,3,NA,NA,NA,no,no,yes,no,NA,NA,NA,high,no,GenAI could be misused/breached and increase compliance costs; no deployed focal application.,NA,no,no,NA,NA,no,cybersecurity|financial|misuse|regulatory,no,NA,149515,149855,1443,1443,NA,claim,first_pass_2026_10_08_v1
JPM_claim_fab85e3b30b66f0b54fc,JPM_10K_2026-02-13:L1449:b9564082dac755cc,JPM,2025-12-31,JPM_10K_2026-02-13.txt,1449,"JPMorganChase’s operations, results, and competitive standing could be adversely affected by the development of advanced technologies such as AI.",substantive,yes,focal_firm,hypothetical,NA,NA,unclear_or_other,unspecified_ai,NA,no,yes,1,NA,NA,NA,no,no,yes,no,NA,NA,NA,high,no,Broad possible adverse AI effects; not firm strategy or implementation.,NA,no,no,NA,NA,no,competitive|financial|operational,no,NA,151179,151324,1449,1449,NA,claim,first_pass_2026_10_08_v1
JPM_claim_29458674b15906b11056,JPM_10K_2026-02-13:L1451:bd22e610db1cacdb,JPM,2025-12-31,JPM_10K_2026-02-13.txt,1451,"The rapid development and deployment of advanced technologies, including generative and agentic AI systems, present a range of risks to JPMorganChase’s businesses and operations, including:",substantive,yes,focal_firm,hypothetical,NA,NA,unclear_or_other,genai,NA,no,yes,2,NA,NA,NA,no,no,yes,no,NA,NA,NA,high,no,Introduction to conditional AI risk list; generic 'deployment' is not a focal production report.,NA,no,no,NA,NA,no,operational,yes,JPM_10K_2026-02-13.txt:L1447-L1467,151328,151517,1451,1451,NA,claim,first_pass_2026_10_08_v1
JPM_claim_8a62924c0fb1674c1b02,JPM_10K_2026-02-13:L1453:5a8e12197f45ec8c,JPM,2025-12-31,JPM_10K_2026-02-13.txt,1453,"• AI system failures, inappropriate use of AI systems, lack of transparency in AI systems, or inaccurate or biased output from AI systems resulting from rapid deployment, insufficient testing, erroneous data, ineffective model design or insufficient controls, which could disrupt operations, cause erroneous transactions, compromise data privacy, infringe on intellectual property, harm clients and customers, or impair JPMorganChase’s ability to make sound business decisions",substantive,yes,focal_firm,hypothetical,NA,NA,unclear_or_other,unspecified_ai,NA,no,yes,3,NA,NA,NA,no,no,yes,no,NA,NA,NA,high,no,"AI failure/testing/control shortcomings are hypothetical harms, not a reported pilot or deployment.",NA,no,no,NA,NA,no,bias|intellectual_property|model_quality|operational|privacy,yes,JPM_10K_2026-02-13.txt:L1447-L1467,151521,151997,1453,1453,NA,claim,first_pass_2026_10_08_v1
JPM_claim_ce88b405d56ac582a18b,JPM_10K_2026-02-13:L1455:3caf5879cb6437bf,JPM,2025-12-31,JPM_10K_2026-02-13.txt,1455,"• increased exposure to cyber attacks, system manipulation, or data loss if AI systems, particularly agentic systems, are not designed and implemented with appropriate safeguards to prevent systems from accessing sensitive data sources or system resources and taking actions",substantive,yes,focal_firm,hypothetical,NA,NA,unclear_or_other,unspecified_ai,NA,no,yes,3,NA,NA,NA,no,no,yes,no,NA,NA,NA,high,no,Safeguards may fail for agentic AI; no implemented governance control or production application is stated.,NA,no,no,NA,NA,no,cybersecurity|operational|privacy,yes,JPM_10K_2026-02-13.txt:L1447-L1467,152001,152275,1455,1455,NA,claim,first_pass_2026_10_08_v1
JPM_claim_757587f15af288c05d87,JPM_10K_2026-02-13:L1457:ec4ae6558c1c3cdf,JPM,2025-12-31,JPM_10K_2026-02-13.txt,1457,"• intensified AI-enabled cyber threats, which may allow malicious actors to exploit vulnerabilities, reverse-engineer security patches, and conduct sophisticated social engineering attacks, potentially resulting in unauthorized access to sensitive information and data breaches, especially if JPMorganChase fails to adequately maintain, secure and upgrade its technological infrastructure in response to rapidly evolving technological advances",substantive,yes,other,hypothetical,NA,NA,unclear_or_other,unspecified_ai,NA,no,yes,3,NA,NA,NA,no,no,yes,no,NA,NA,NA,high,no,Malicious AI-enabled attacks may expose data; not focal AI use.,NA,no,no,NA,NA,no,cybersecurity|privacy,yes,JPM_10K_2026-02-13.txt:L1447-L1467,152279,152722,1457,1457,NA,claim,first_pass_2026_10_08_v1
JPM_claim_474672f8dd1a02377366,JPM_10K_2026-02-13:L1459:25bb0391b291c7ae,JPM,2025-12-31,JPM_10K_2026-02-13.txt,1459,"• regulatory and compliance challenges arising from rapidly evolving applicable law, including differences, inconsistencies and conflicts in international standards, which could increase costs, lead to fines and sanctions, and restrict JPMorganChase’s use of AI technologies",substantive,yes,focal_firm,hypothetical,NA,NA,unclear_or_other,unspecified_ai,NA,no,yes,3,NA,NA,NA,no,no,yes,no,NA,NA,NA,high,no,Inconsistent AI rules could restrict use and cause sanctions; no actual adoption claim.,NA,no,no,NA,NA,no,financial|regulatory,yes,JPM_10K_2026-02-13.txt:L1447-L1467,152726,153000,1459,1459,NA,claim,first_pass_2026_10_08_v1
JPM_claim_82911114f81e216b298a,JPM_10K_2026-02-13:L1461:02147aaed8c6d178,JPM,2025-12-31,JPM_10K_2026-02-13.txt,1461,"• competitive disadvantage if competitors are able to deploy AI more quickly or effectively, potentially gaining advantages in cost efficiency, client and customer experience, or product innovation, which could result in a loss of market share to competitors, or",substantive,yes,competitor,hypothetical,NA,NA,unclear_or_other,unspecified_ai,NA,no,yes,3,NA,NA,NA,no,no,yes,no,NA,NA,NA,high,no,"Competitors may deploy AI faster and gain advantages; focal exposure, not focal deployment.",NA,no,no,NA,NA,no,competitive|financial,yes,JPM_10K_2026-02-13.txt:L1447-L1467,153004,153266,1461,1461,NA,claim,first_pass_2026_10_08_v1
JPM_claim_41f41f4b8380592b461a,JPM_10K_2026-02-13:L1463:9712f606ef2d50db,JPM,2025-12-31,JPM_10K_2026-02-13.txt,1463,• replacement or disintermediation of direct customer relationships if AI agents autonomously manage or intermediate financial decisions and product selection or other services for customers.,substantive,yes,customer,hypothetical,NA,NA,unclear_or_other,unspecified_ai,NA,no,yes,3,NA,NA,NA,no,no,yes,no,NA,NA,NA,high,no,Autonomous customer-facing agents could disintermediate firm relationships; hypothetical scenario.,NA,no,no,NA,NA,no,competitive|financial,yes,JPM_10K_2026-02-13.txt:L1447-L1467,153270,153461,1463,1463,NA,claim,first_pass_2026_10_08_v1
JPM_claim_aa6b50378e495e039e9a,JPM_10K_2026-02-13:L1465:8b95c761c9d0a0ad,JPM,2025-12-31,JPM_10K_2026-02-13.txt,1465,"It is also possible that JPMorganChase could miscalibrate its workforce planning and employee training efforts either because of over-reliance on AI or the failure to appropriately adopt AI. Over-reliance on AI could cause JPMorganChase to experience shortages in qualified staff due to reduced hiring or retention of employees, or could hinder the development or enhancement of important skills among its employees, including critical thinking, problem-solving, judgment, creativity and adaptability.",substantive,yes,focal_firm,hypothetical,NA,NA,unclear_or_other,unspecified_ai,NA,no,yes,3,NA,NA,NA,no,no,yes,no,NA,NA,NA,high,no,Possible over-reliance on AI can impair staff/skills; no stated actual workforce automation.,NA,no,no,NA,NA,no,operational|workforce,no,NA,153465,153966,1465,1465,NA,claim,first_pass_2026_10_08_v1
JPM_claim_c27649d0afe0142c8dd4,JPM_10K_2026-02-13:L1465:8b95c761c9d0a0ad,JPM,2025-12-31,JPM_10K_2026-02-13.txt,1465,"On the other hand, any efficiencies or competitive advantages that AI may offer could be squandered if JPMorganChase fails to adopt AI in a timely and judicious manner and to make related adjustments to its workforce.",substantive,yes,focal_firm,hypothetical,NA,NA,unclear_or_other,unspecified_ai,NA,no,yes,3,NA,NA,NA,no,no,yes,no,NA,NA,NA,high,no,Failure to adopt may forgo efficiencies; neither realized benefit nor a concrete application plan.,NA,no,no,NA,NA,no,competitive|workforce,no,NA,153967,154184,1465,1465,NA,claim,first_pass_2026_10_08_v1
JPM_claim_76534a86c6befffedb75,JPM_10K_2026-02-13:L1485:b9974610f21e64b0,JPM,2025-12-31,JPM_10K_2026-02-13.txt,1485,"• inaccurate or misleading information about JPMorganChase or its clients, including results generated by AI, that is rapidly and broadly disseminated through any form of media, including social networking sites, and",substantive,yes,other,hypothetical,NA,NA,unclear_or_other,genai,NA,no,yes,3,NA,NA,NA,no,no,yes,no,NA,NA,NA,high,no,AI-generated misleading information about the firm can spread; not company implementation.,NA,no,no,NA,NA,no,misuse|reputational,no,NA,157217,157433,1485,1485,NA,claim,first_pass_2026_10_08_v1
JPM_claim_1ab255a62c4a53edd2c8,JPM_10K_2026-02-13:L1615:fefa356350dba2eb,JPM,2025-12-31,JPM_10K_2026-02-13.txt,1615,"Advances in technology, such as automation, AI and data science, could lead to workforce displacement. This could require JPMorganChase to invest in additional employee training, manage impacts on morale and retention, and compete for employment candidates who possess more advanced technological skills, all of which could have a negative impact on JPMorganChase’s business and operations.",substantive,yes,focal_firm,hypothetical,NA,NA,unclear_or_other,unspecified_ai,NA,no,yes,3,NA,NA,NA,no,no,yes,no,NA,NA,NA,high,no,AI displacement could require training and raise costs; no actual adoption or investment undertaking.,NA,no,no,NA,NA,no,financial|workforce,no,NA,165638,166028,1615,1615,NA,claim,first_pass_2026_10_08_v1
JPM_claim_7e64542149f95c73adbc,JPM_10K_2026-02-13:L6407:87bf3bd96a729654,JPM,2025-12-31,JPM_10K_2026-02-13.txt,6407,"The Firm has experienced, and expects that it will continue to experience, a higher volume and complexity of cyber attacks against the backdrop of heightened geopolitical tensions and emerging technologies that can be leveraged by attackers, including artificial intelligence.",substantive,yes,other,current,NA,NA,unclear_or_other,unspecified_ai,NA,no,yes,3,NA,NA,NA,no,no,yes,no,NA,NA,NA,high,no,AI-capable attackers are part of a reported increase in cyber threats; no numerical AI outcome.,NA,no,no,NA,NA,no,cybersecurity,no,NA,713632,713908,6407,6407,NA,claim,first_pass_2026_10_08_v1
JPM_claim_ea4e5ecb4f9bc3daaad0,JPM_10K_2026-02-13:L6407:87bf3bd96a729654,JPM,2025-12-31,JPM_10K_2026-02-13.txt,6407,"The Firm has implemented measures and controls reasonably designed to address this evolving environment, including enhanced threat monitoring. In addition, the Firm continues to review and enhance its capabilities to address associated risks, such as those relating to the management of administrative access to systems.",substantive,yes,focal_firm,current,NA,NA,unclear_or_other,unspecified_ai,NA,no,no,3,NA,NA,NA,no,no,no,NA,NA,NA,NA,medium,yes,Monitoring/access controls respond to an explicitly AI-inclusive threat environment; controls are not identified as AI-powered.,General cybersecurity monitoring is responsive to AI-capable attackers; whether this is AI governance rather than general security control is unresolved.,no,no,NA,NA,no,NA,no,NA,713909,714229,6407,6407,NA,claim,first_pass_2026_10_08_v1
JPM_claim_58562ec95118e5232645,JPM_10K_2026-02-13:L6537:3a65cd9ebe7b95ed,JPM,2025-12-31,JPM_10K_2026-02-13.txt,6537,"The Firm uses models and other analytical and judgment-based estimations, including those based upon machine learning or artificial intelligence techniques, across various businesses and functions. The estimation methods are of varying levels of sophistication and are used for many purposes, such as the valuation of positions and measurement of risk, assessing regulatory capital requirements, conducting stress testing, evaluating the allowance for credit losses and making business decisions.",substantive,yes,focal_firm,current,NA,AI/ML-assisted analytical estimation; individual task-to-AI links unspecified,internal_operations,unspecified_ai,NA,no,no,3,4,yes,no,no,no,no,no,no,NA,NA,medium,yes,Firm explicitly currently uses ML/AI estimation models across business functions; no pilot qualifier.,"Valuation, capital, stress-testing and credit-loss methods are pooled; cannot identify which specific tasks use AI or unique applications.",no,yes,4,not_identified,no,NA,no,NA,730718,731214,6537,6537,NA,claim,first_pass_2026_10_08_v1
JPM_claim_63d1c59c01b6def413ad,JPM_10K_2026-02-13:L6537:3a65cd9ebe7b95ed,JPM,2025-12-31,JPM_10K_2026-02-13.txt,6537,"A dedicated independent function, Model Risk Governance and Review (“MRGR”), defines and governs the Firm’s policies relating to the management of model risk and risks associated with certain analytical and judgment-based estimations, such as those used in risk management, budget forecasting and capital planning and analysis.",substantive,yes,focal_firm,current,NA,NA,unclear_or_other,unspecified_ai,NA,no,no,3,NA,NA,NA,no,no,yes,yes,NA,NA,NA,high,no,"MRGR governs risk of estimation models, including the AI/ML methods described in the same passage.",NA,no,no,NA,NA,no,model_quality,no,NA,731215,731542,6537,6537,NA,claim,first_pass_2026_10_08_v1
JPM_claim_b42bc95d5b774896b1c3,JPM_10K_2026-02-13:L6778:fffc450014446193,JPM,2025-12-31,JPM_10K_2026-02-13.txt,6778,"• Technology changes instituted by the Firm, its counterparties or competitors, including AI;",substantive,yes,focal_firm,hypothetical,NA,NA,unclear_or_other,unspecified_ai,NA,no,yes,2,NA,NA,NA,no,no,yes,no,NA,NA,NA,high,no,AI technology changes are listed among factors affecting forward-looking results; no stated actual application.,NA,no,no,NA,NA,no,operational,yes,JPM_10K_2026-02-13.txt:L6768-L6782,773931,774024,6778,6778,NA,claim,first_pass_2026_10_08_v1
