claim_id,passage_id,ticker,source_file,source_line,evidence_quote,ai_relevance,actor,temporal_status,application_scope,use_case_id,use_case,strategic_orientation,forward_looking,strategy_specificity,adoption_stage,reported_deployment,quantified_outcome,ai_risk,ai_governance,coding_confidence,needs_human_review,annotation_rationale
MSFT_claim_eaa8e874c2f10f291c6d,MSFT_10K_2026-07-29:L124:cba32c2084f48265,MSFT,MSFT_10K_2026-07-29.txt,124,Microsoft is a technology company committed to making digital technology and artificial intelligence (“AI”) available broadly and doing so responsibly. Our mission is to empower every person and every organization on the planet to achieve more.,substantive,focal_firm,current,unclear_or_other,NA,NA,responsible_ai,no,1,1,NA,no,no,no,high,no,Broad responsible AI access objective; no identified operational application.
MSFT_claim_c3c9806cf79895597c4a,MSFT_10K_2026-07-29:L126:099f2984aec36957,MSFT,MSFT_10K_2026-07-29.txt,126,"We develop and support a broad portfolio of technology solutions for individuals and businesses, focusing on secure, trusted, and innovative platforms and applications that meet evolving customer needs across AI, cloud computing, productivity and collaboration, and personal computing. We strive to create opportunity, growth, and impact in every country around the world.",substantive,focal_firm,current,unclear_or_other,NA,NA,innovation,no,1,1,NA,no,no,no,high,no,AI portfolio and innovation direction without identified application.
MSFT_claim_91a64df7294e14647cce,MSFT_10K_2026-07-29:L130:592d60126f389ab5,MSFT,MSFT_10K_2026-07-29.txt,130,"We believe AI should be as empowering as it is powerful, and we’re committed to designing and deploying AI responsibly with safety and security from the outset.",substantive,focal_firm,planned,unclear_or_other,NA,NA,responsible_ai,yes,1,1,NA,no,no,yes,high,no,Explicit responsible design commitment; no deployed system identified.
MSFT_claim_f3c501d5d50748a405e9,MSFT_10K_2026-07-29:L148:ed3dd9a75c893f81,MSFT,MSFT_10K_2026-07-29.txt,148,"We prioritize security above all else and we offer our customers integrated AI-driven products addressing security, compliance, identity, management, and privacy across customers’ multi-cloud, application, and device assets.",substantive,focal_firm,current,customer_facing_product,NA,Integrated AI security/compliance/identity product family,security,no,4,4,yes,no,no,no,medium,yes,Current offered AI security product family; applications not individually specified.
MSFT_claim_8a25c78ca4eeb0182c64,MSFT_10K_2026-07-29:L156:3310c0a71d25ae3a,MSFT,MSFT_10K_2026-07-29.txt,156,"• Build the intelligent cloud and intelligent edge platform to provide a foundation for our customers’ digital workloads, including hybrid consistency, developer productivity, data and AI capabilities, and trusted security and compliance.",substantive,focal_firm,planned,infrastructure_or_platform,NA,NA,infrastructure_capacity,yes,2,1,NA,no,no,no,high,no,"Cloud foundation investment objective, not actual deployment."
MSFT_claim_fdbc08c2c49c0977f79a,MSFT_10K_2026-07-29:L162:6eb024ff8d49dbe1,MSFT,MSFT_10K_2026-07-29.txt,162,"We are focused on helping customers use the breadth and depth of the Microsoft Cloud to get the most value out of their digital spend while leading the AI platform wave across our solution areas. We continue to develop complete, intelligent solutions for our customers that empower people to be productive and collaborate, while safeguarding businesses and simplifying IT management. Our goal is to lead the industry in several distinct areas of technology over the long term, which we expect will translate to sustained growth. We are investing significant resources in:",substantive,focal_firm,current,unclear_or_other,NA,NA,competitive_positioning,yes,1,1,NA,no,no,no,high,no,Cloud/AI leadership direction and explicit significant resources.
MSFT_claim_e4ec87f124d3a031a551,MSFT_10K_2026-07-29:L170:e9073322437f5a93,MSFT,MSFT_10K_2026-07-29.txt,170,"• Applying AI and ambient intelligence to drive insights, revolutionize many types of work and business processes, and provide substantive productivity gains using Microsoft 365 Copilot and agents.",substantive,focal_firm,planned,customer_facing_product,MSFT_uc_m365_commercial_copilot,Microsoft 365 Copilot commercial productivity assistance,workforce_productivity,yes,3,2,no,no,no,no,medium,yes,Identified planned productivity assistance through Copilot and agents in investment priorities.
MSFT_claim_4535ad7cdf29d3493b8e,MSFT_10K_2026-07-29:L172:6e3b3ebd567585ee,MSFT,MSFT_10K_2026-07-29.txt,172,"• Helping customers drive frontier transformation by applying frontier AI capabilities, engineering expertise, and trusted platforms to reinvent how their organizations operate, improve decision-making, create new value, and deliver measurable business outcomes from AI.",substantive,focal_firm,planned,customer_facing_product,NA,NA,efficiency|innovation,yes,2,1,NA,no,no,no,high,no,Enterprise AI transformation objective; no individual operational task adequately delineated.
MSFT_claim_cc6f882efee0cef430c7,MSFT_10K_2026-07-29:L174:dfc503abd104e41e,MSFT,MSFT_10K_2026-07-29.txt,174,• Providing a unified intelligence layer for enterprise AI to ground AI in a continuously evolving understanding of an organization’s data.,substantive,focal_firm,planned,customer_facing_product,MSFT_uc_enterprise_ai_grounding,Enterprise data grounding intelligence layer,NA,yes,3,2,no,no,no,no,medium,yes,Identifiable intended enterprise-data grounding layer in stated investment priorities.
MSFT_claim_062a10f4acb0379e21f4,MSFT_10K_2026-07-29:L176:c3ce6c456733964d,MSFT,MSFT_10K_2026-07-29.txt,176,"• Providing training on generative AI and greater access to digital learning and resources through skilling programs and initiatives, grants, and LinkedIn learning pathways.",substantive,focal_firm,current,unclear_or_other,NA,NA,workforce_productivity,no,3,1,NA,no,no,no,high,no,"AI skilling initiative concerns human capability, not operation of an AI application."
MSFT_claim_857886c0a928ab990edc,MSFT_10K_2026-07-29:L214:7e1f9194201b448f,MSFT,MSFT_10K_2026-07-29.txt,214,"Microsoft 365 Commercial is an AI-powered business and productivity solutions platform that brings together Office, Windows, Microsoft 365 Copilot, and Enterprise Mobility + Security to help organizations empower their employees.",substantive,focal_firm,current,customer_facing_product,MSFT_uc_m365_commercial_copilot,Microsoft 365 Copilot commercial productivity assistance,workforce_productivity,no,3,4,yes,no,no,no,medium,yes,Present AI-powered commercial platform is offered to business users.
MSFT_claim_dcfdc54415c35cd1ba38,MSFT_10K_2026-07-29:L214:7e1f9194201b448f,MSFT,MSFT_10K_2026-07-29.txt,214,"Growth depends on our ability to reach new users in new markets such as frontline workers, small and medium businesses, and growth markets, as well as add AI-enabled tools, features, and agentic scenarios to our core product and service offerings across communication, collaboration, analytics, security, compliance, and other AI business productivity categories.",substantive,focal_firm,planned,customer_facing_product,NA,Commercial communication/collaboration/analytics AI feature expansion,innovation,yes,3,2,no,no,no,no,medium,yes,Intended addition of AI tools to identifiable commercial platform functions; no rollout evidence.
MSFT_claim_5034c0c51fa1511d0b1b,MSFT_10K_2026-07-29:L218:3bdeced2087163e5,MSFT,MSFT_10K_2026-07-29.txt,218,"Growth depends on our ability to reach new users, add value to our core product set with new features including AI tools, and continue to expand our product and service offerings into new markets.",substantive,focal_firm,current,customer_facing_product,NA,NA,innovation,yes,2,1,NA,no,no,no,high,no,"Consumer product growth direction includes AI tools, but no concrete task or current AI use."
MSFT_claim_7b4bd05925014eb792fb,MSFT_10K_2026-07-29:L226:2f2a64b3e3376048,MSFT,MSFT_10K_2026-07-29.txt,226,"In addition to LinkedIn’s free services, LinkedIn offers monetized solutions designed to offer AI-enabled insights and productivity: Talent Solutions, Marketing Solutions, Premium Subscriptions, and Sales Solutions.",substantive,focal_firm,current,customer_facing_product,MSFT_uc_linkedin_ai_insights,LinkedIn monetized AI insights/productivity suite,workforce_productivity,no,3,4,yes,no,no,no,medium,yes,Currently monetized LinkedIn AI insight/productivity suite; subapplications insufficiently differentiated.
MSFT_claim_32753e3f43069ac2bb1d,MSFT_10K_2026-07-29:L226:2f2a64b3e3376048,MSFT,MSFT_10K_2026-07-29.txt,226,Growth will depend on our ability to increase LinkedIn member engagement on the platform and our ability to continue offering insight and AI-enabled services that provide value for our members and customers.,substantive,focal_firm,current,customer_facing_product,NA,NA,customer_experience,yes,2,1,NA,no,no,no,high,no,Intention to sustain AI services and customer value.
MSFT_claim_35610e4a2e421d5686d8,MSFT_10K_2026-07-29:L230:d07b453384419b15,MSFT,MSFT_10K_2026-07-29.txt,230,"Dynamics provides cloud-based and on-premises business solutions for financial management, enterprise resource planning (“ERP”), customer relationship management (“CRM”), and supply chain management, as well as agentic AI and other low code application development platforms, for small and medium businesses, large organizations, and divisions of global enterprises.",substantive,focal_firm,current,customer_facing_product,MSFT_uc_dynamics_agentic_development,Dynamics agentic AI application development,innovation,no,4,4,yes,no,no,no,high,no,Dynamics currently provides agentic AI application-development platforms.
MSFT_claim_b0a286d5cbe7fada47ea,MSFT_10K_2026-07-29:L258:0a8fdfb83d29df0d,MSFT,MSFT_10K_2026-07-29.txt,258,"Customers can use Azure through our global network of datacenters for computing, networking, storage, mobile and web application services, AI, and Internet of Things.",substantive,focal_firm,current,infrastructure_or_platform,MSFT_uc_azure_ai_compute,Azure AI workload computing services,NA,no,3,4,yes,no,no,no,high,no,Customers are currently offered Azure AI computing services.
MSFT_claim_75786fdb92ac2000a9a7,MSFT_10K_2026-07-29:L260:f76ff6ada6fd8bf9,MSFT,MSFT_10K_2026-07-29.txt,260,Azure AI offerings provide a competitive advantage as companies seek ways to optimize and scale their business with AI.,substantive,focal_firm,current,infrastructure_or_platform,NA,NA,competitive_positioning,no,2,1,NA,no,no,no,high,no,Competitive AI platform positioning.
MSFT_claim_3d2c32a6d973b78ac72d,MSFT_10K_2026-07-29:L260:f76ff6ada6fd8bf9,MSFT,MSFT_10K_2026-07-29.txt,260,"We offer supercomputing power for AI at scale to run large workloads, complemented by our rapidly expanding portfolio of AI cloud services (including the latest models) and hardware, which includes custom-built silicon and strong partnerships with chip manufacturers.",substantive,focal_firm,current,infrastructure_or_platform,MSFT_uc_azure_ai_compute,Azure AI workload computing services,NA,no,4,4,yes,no,no,no,high,no,Currently offered AI supercomputing and cloud-service infrastructure.
MSFT_claim_f201c78ff49ddf96a4c6,MSFT_10K_2026-07-29:L260:f76ff6ada6fd8bf9,MSFT,MSFT_10K_2026-07-29.txt,260,"Azure AI Foundry is a unified platform for developers to design, customize, and manage AI applications and agents.",substantive,focal_firm,current,customer_facing_product,MSFT_uc_azure_ai_foundry,Azure AI Foundry application/agent design and management,innovation,no,3,4,yes,no,no,no,medium,yes,Named Foundry platform in currently offered Azure portfolio.
MSFT_claim_ebaf16f11e84adea367c,MSFT_10K_2026-07-29:L264:0d4cc6822c8f08c2,MSFT,MSFT_10K_2026-07-29.txt,264,GitHub provides a collaboration platform for developers to manage code and incorporate AI and agent-based tools across the software development lifecycle.,substantive,focal_firm,current,customer_facing_product,MSFT_uc_github_ai_development,GitHub AI-assisted software development lifecycle,workforce_productivity,no,3,4,yes,no,no,no,high,no,GitHub currently provides AI-assisted software lifecycle tools.
MSFT_claim_cbe5e60c5fed1fd3e2d2,MSFT_10K_2026-07-29:L320:508881888689d8e4,MSFT,MSFT_10K_2026-07-29.txt,320,"We design and sell devices, such as Surface (including Copilot+ PCs) and PC accessories.",substantive,focal_firm,current,customer_facing_product,MSFT_uc_surface_ai_pc,Surface Copilot+ AI-PC product provision,NA,no,3,4,yes,no,no,no,medium,yes,Current Surface Copilot+ PC sales linked to AI-PC category context.
MSFT_claim_2e10ac87198fc2d9eb88,MSFT_10K_2026-07-29:L497:3db293159948e972,MSFT,MSFT_10K_2026-07-29.txt,497,We are investing in AI across the entire company and infusing AI capabilities into our offerings.,substantive,focal_firm,current,customer_facing_product,NA,NA,innovation,no,1,1,NA,no,no,no,high,no,Actual broad AI investment and portfolio infusion; no distinct deployed application.
MSFT_claim_35cd977d984d519040dc,MSFT_10K_2026-07-29:L521:5e88d42548da59b4,MSFT,MSFT_10K_2026-07-29.txt,521,"Our success depends on our ability to develop, deliver, and maintain competitive cloud-based and AI products and services that achieve broad customer adoption and sustainable revenue growth. Our ability to succeed depends on our ability to develop and deliver differentiated products and services that meet evolving customer needs, achieve broad adoption, maintain customer trust, and generate sustainable revenue and growth. The markets for cloud-based and AI products and services are highly dynamic, characterized by shifting customer expectations, increasing regulatory and governmental scrutiny, intense competition, and rapid technological change, such as the accelerating importance of agentic computing. Whether we succeed in cloud-based and AI products and services depends on our execution in several areas, including:",substantive,focal_firm,current,customer_facing_product,NA,NA,competitive_positioning|revenue_growth,yes,2,1,NA,no,no,no,medium,yes,"AI/cloud commercial success requirements, not an implemented application."
MSFT_claim_ba1a5ec7274e3beb2fa9,MSFT_10K_2026-07-29:L523:c02117237ba64029,MSFT,MSFT_10K_2026-07-29.txt,523,• Continuing to bring to market compelling cloud-based and AI products and services that generate increasing traffic and market share.,substantive,focal_firm,planned,customer_facing_product,NA,NA,innovation,yes,2,1,NA,no,no,no,medium,yes,Normative AI business execution priority; no concrete operational application or rollout.
MSFT_claim_2998715c887b35323432,MSFT_10K_2026-07-29:L525:7f911f07d848f195,MSFT,MSFT_10K_2026-07-29.txt,525,"• Driving customer adoption, usage, and retention of our cloud-based and AI products and services.",substantive,focal_firm,planned,customer_facing_product,NA,NA,customer_experience,yes,2,1,NA,no,no,no,medium,yes,Normative AI business execution priority; no concrete operational application or rollout.
MSFT_claim_8a8ca761538d75a3d972,MSFT_10K_2026-07-29:L527:9a14a9f5404fc736,MSFT,MSFT_10K_2026-07-29.txt,527,• Effectively monetizing our cloud-based and AI products through pricing models that reflect their value while remaining competitive.,substantive,focal_firm,planned,customer_facing_product,NA,NA,revenue_growth,yes,2,1,NA,no,no,no,medium,yes,Normative AI business execution priority; no concrete operational application or rollout.
MSFT_claim_8814b1d35488be8acdcd,MSFT_10K_2026-07-29:L529:c089aaf32ba412f2,MSFT,MSFT_10K_2026-07-29.txt,529,"• Attracting third parties to utilize, build on, and extend our cloud and AI platforms.",substantive,focal_firm,planned,customer_facing_product,NA,NA,innovation,yes,2,1,NA,no,no,no,medium,yes,Normative AI business execution priority; no concrete operational application or rollout.
MSFT_claim_4791454c37c976f6cefd,MSFT_10K_2026-07-29:L531:c1daa05c6c0c0db3,MSFT,MSFT_10K_2026-07-29.txt,531,• Ensuring our cloud-based and AI services meet the reliability expectations and specific requirements of our customers and maintain the security of their data as well as help them meet their own compliance needs.,substantive,focal_firm,planned,customer_facing_product,NA,NA,security,yes,2,1,NA,no,no,no,medium,yes,Normative AI business execution priority; no concrete operational application or rollout.
MSFT_claim_683c86d76774d746b181,MSFT_10K_2026-07-29:L533:81bd6782b07e912a,MSFT,MSFT_10K_2026-07-29.txt,533,"• Making our suite of cloud-based and AI products and services platform-agnostic and maintaining the utility, compatibility, and performance of our cloud-based and AI products and services on the growing array of computing devices, including PCs, smartphones, tablets, gaming consoles, and other devices.",substantive,focal_firm,planned,customer_facing_product,NA,NA,innovation,yes,2,1,NA,no,no,no,medium,yes,Normative AI business execution priority; no concrete operational application or rollout.
MSFT_claim_67e4023297440547e874,MSFT_10K_2026-07-29:L585:2ff41eb0c89e415f,MSFT,MSFT_10K_2026-07-29.txt,585,"To defend against security threats to our internal infrastructure, our cloud-based services, and our customers’ systems, we must take a complex and multifaceted approach. This includes continuously engineering more secure products and services, and enhancing security, threat detection, and reliability features, including through the deployment of AI-based and automated defenses.",substantive,focal_firm,planned,customer_facing_product|internal_operations,MSFT_uc_ai_security_defenses_plan,AI-based threat detection and defenses,security,yes,3,2,no,no,no,no,medium,yes,"Identifiable intended AI-based threat-detection defenses, not asserted current use."
MSFT_claim_2c16bd94af3d4281ac52,MSFT_10K_2026-07-29:L761:033b091698a76d57,MSFT,MSFT_10K_2026-07-29.txt,761,"We continuously monitor our computing environments, products, and services for vulnerabilities and signs of compromise, and we utilize our own security products, third-party security products, and leading artificial intelligence models to combat cybersecurity threats.",substantive,focal_firm,current,internal_operations,MSFT_uc_internal_ai_cybersecurity,AI model cybersecurity threat defense,security,no,3,4,yes,no,no,no,high,no,AI models currently used in continuous cybersecurity monitoring/defense.
MSFT_claim_1b4f9b0653389e63076f,MSFT_10K_2026-07-29:L872:77d676da0b5b3410,MSFT,MSFT_10K_2026-07-29.txt,872,"Microsoft is a technology company committed to making digital technology and artificial intelligence (“AI”) available broadly and doing so responsibly, with a mission to empower every person and every organization on the planet to achieve more. We create platforms and applications, powered by AI, that deliver innovative solutions that meet the evolving needs of our customers.",substantive,focal_firm,current,unclear_or_other,NA,NA,innovation|responsible_ai,no,1,1,NA,no,no,no,high,no,Broad responsible AI mission and innovative portfolio direction.
MSFT_claim_ebf8467c7b3a384c1310,MSFT_10K_2026-07-29:L1050:270d687f58432d71,MSFT,MSFT_10K_2026-07-29.txt,1050,Microsoft 365 Commercial cloud revenue grew 17% with growth in revenue per user driven by Microsoft 365 Copilot and Microsoft 365 E5.,substantive,focal_firm,current,customer_facing_product,MSFT_uc_m365_commercial_copilot,Microsoft 365 Copilot commercial productivity assistance,revenue_growth,no,3,4,yes,no,no,no,medium,yes,Copilot contributes to current revenue per user alongside E5; 17% is total cloud growth.
MSFT_claim_0b4d22ed57e7951327c3,MSFT_10K_2026-07-29:L1064:3d8bd365638132e5,MSFT,MSFT_10K_2026-07-29.txt,1064,Microsoft 365 Copilot seat and usage growth,substantive,focal_firm,current,customer_facing_product,MSFT_uc_m365_commercial_copilot,Microsoft 365 Copilot commercial productivity assistance,NA,no,2,4,yes,no,no,no,high,no,"Copilot seat and usage growth evidences current commercial product use, not an operational result."
ADBE_claim_d3782e4add6640aa0a6b,ADBE_10K_2026-01-15:L138:4358fd7d7061f4ac,ADBE,ADBE_10K_2026-01-15.txt,138,"Our focus revolves around serving our customer audiences: business professionals, consumers, creators, creative professionals and marketing professionals. The massive opportunity and evolving role of creativity across roles and industries have driven Adobe’s growth over the past four decades and are expected to continue to drive our growth going forward as we evolve our solutions and routes to market to anticipate the growing needs of our customers. In the artificial intelligence (“AI”) era, we are harnessing the power of AI across our solutions by bringing together our commercially safe first-party and leading partner AI models best suited for the job; deploying conversational and agentic capabilities across offerings; ensuring ubiquity on all surfaces; delivering trusted and secure solutions; and expanding our global presence.",substantive,focal_firm,current,customer_facing_product,NA,NA,customer_experience|innovation,no,2,1,NA,no,no,no,high,no,"AI product strategy includes model partners and agentic capabilities, without specific applications."
ADBE_claim_1adfc04951ededff4bf4,ADBE_10K_2026-01-15:L140:f0a4344426442cd7,ADBE,ADBE_10K_2026-01-15.txt,140,"Adobe’s value proposition is to empower creative expression across multiple media types and channels, at scale, in a collaborative and secure environment, with an end-to-end integrated platform spanning ideation, creation, production and activation. We power the entire content workflow with Adobe’s AI platform, which offers customers brand safety, compliance, intellectual property protection, and reliability.",substantive,focal_firm,current,customer_facing_product,NA,AI content workflow platform; specific products unspecified,innovation,no,3,4,yes,no,no,yes,medium,yes,"Current AI content-workflow platform is asserted, but its identity cannot be equated automatically with Firefly."
ADBE_claim_d246a2ca29ce55f23db6,ADBE_10K_2026-01-15:L144:b72f45440f8fde6b,ADBE,ADBE_10K_2026-01-15.txt,144,"Adobe’s strategy is to empower our customer audiences - business professionals, consumers, creators, creative professionals and marketing professionals - to be more creative, productive and successful. Underpinning our customer-focused solutions is our AI strategy and Adobe’s AI platform. As a technology leader that unleashes creativity, productivity and customer experience orchestration, we deliver end-to-end professional creative and marketing solutions. We support our customers to transform the way they connect with their customers and bring creativity and marketing together in new and powerful ways through a connected ecosystem of tools, agents and workflows. We are scaling differentiated digital and enterprise routes to market and automated workflows to expand our brand value and global reach.",substantive,focal_firm,current,unclear_or_other,NA,NA,customer_experience|innovation|workforce_productivity,no,2,1,NA,no,no,no,high,no,Customer-focused creative/productivity AI strategic direction.
ADBE_claim_e5b619282eb195d0e0fd,ADBE_10K_2026-01-15:L158:e9a09cba874e0b8a,ADBE,ADBE_10K_2026-01-15.txt,158,"For Business Professionals & Consumers, we are democratizing productivity and creativity with AI-driven, quick and easy applications (“apps”) that enable users to be creative and productive whether consuming or generating content across multiple media types and channels. With Acrobat Studio, which brings together Adobe Acrobat and Express to deliver more product value, we are evolving Acrobat from a leading document productivity app to an integrated destination for people to get insights faster, create standout content and collaborate more seamlessly. Our Acrobat solutions, from our freemium Acrobat Reader to Acrobat AI Assistant to our AI-powered productivity and creativity destination, Acrobat Studio, facilitate frictionless onboarding and scaled reach in serving the billions of potential users in this customer group.",substantive,focal_firm,current,customer_facing_product,ADBE_uc_acrobat_ai_assistant,Acrobat conversational document assistance,workforce_productivity,no,3,4,yes,no,no,no,medium,yes,Acrobat AI assistant and Studio currently serve document insight and creation workflows.
ADBE_claim_9c2c24b3afd67da4a7a5,ADBE_10K_2026-01-15:L164:af46799821318d5c,ADBE,ADBE_10K_2026-01-15.txt,164,"As AI fundamentally transforms content production, distribution and monetization, our solutions accelerate creative expression for creators and creative professionals and enable anyone to create by using the AI functionality infused in our flagship creative applications as well as our AI-first solutions. We offer an end-to-end, ideation-to-creation platform powered by our commercially safe Firefly models and an expansive partner model ecosystem, offering customers choice and flexibility without the friction of switching between workflows and platforms.",substantive,focal_firm,current,customer_facing_product,ADBE_uc_firefly_content,Firefly generative content creation and editing,innovation,no,3,4,yes,no,no,no,high,no,Currently offered Firefly ideation/creation platform and model ecosystem.
ADBE_claim_c012e265c0dc2d9a76d3,ADBE_10K_2026-01-15:L168:4f92cb6fe2c363b7,ADBE,ADBE_10K_2026-01-15.txt,168,"Adobe Experience Platform is a customer data platform that serves as a foundation in enterprises for digital customer engagement and brings together AI-powered apps and agents to efficiently drive engagement and loyalty. Through AI-powered features and AI agents, our solutions enable businesses to provide real-time orchestration of customer journeys and help marketers deliver impactful, data-driven campaigns while optimizing return on investment.",substantive,focal_firm,current,customer_facing_product,ADBE_uc_aep_journey_orchestration,AEP AI customer engagement/journey orchestration,customer_experience|efficiency,no,4,4,yes,no,no,no,high,no,AI-powered AEP apps currently orchestrate customer engagement journeys.
ADBE_claim_d12cbf85de5eae9b77c5,ADBE_10K_2026-01-15:L168:4f92cb6fe2c363b7,ADBE,ADBE_10K_2026-01-15.txt,168,"Our competitive differentiation comes from the increased value we provide customers by integrating the Adobe Experience Platform with our comprehensive set of solutions and embedding AI into our portfolio of solutions, such as Adobe Experience Platform AI Assistant.",substantive,focal_firm,current,customer_facing_product,ADBE_uc_aep_ai_assistant,AEP conversational platform assistance,competitive_positioning,no,2,4,yes,no,no,no,medium,yes,Named AI Assistant integrated into Adobe's customer platform.
ADBE_claim_65c8da085b3a734bee41,ADBE_10K_2026-01-15:L175:81241861a7e773a9,ADBE,ADBE_10K_2026-01-15.txt,175,Adobe’s approach to AI is rooted in the belief that creativity is a uniquely human trait - and that AI has the power to assist and amplify human ingenuity and enhance productivity.,substantive,focal_firm,current,unclear_or_other,NA,NA,innovation|workforce_productivity,no,1,1,NA,no,no,no,high,no,Focal AI strategy seeks to amplify creativity/productivity.
ADBE_claim_b93e921fb9d4fef09cce,ADBE_10K_2026-01-15:L177:ff22f0b235698c96,ADBE,ADBE_10K_2026-01-15.txt,177,"Applications and Interfaces. Adobe’s AI platform powers the applications and interfaces that customers use every day across their creative, productivity and marketing workflows by bringing together innovations across agents, models and data. These integrations increase the value that our product portfolio delivers to customers with a unified experience across our solutions. We drive higher customer engagement and retention by enhancing our existing solutions and infusing AI in our core applications and launching AI-first applications.",substantive,focal_firm,current,customer_facing_product,NA,AI-enabled creative/productivity/marketing workflows; apps unspecified,customer_experience,no,3,4,yes,no,no,no,medium,yes,AI platform powers everyday customer workflows; current use but application boundaries broad.
ADBE_claim_099c209c4089a333338a,ADBE_10K_2026-01-15:L179:464de616159d706c,ADBE,ADBE_10K_2026-01-15.txt,179,"We are building agents on the Adobe Experience Platform, informed by our deep understanding of our customers’ needs and the complexity of delivering content at scale, to redefine and simplify the future of customer connection by automating decision-making, optimizing workflows and enabling real-time orchestration of content, data and journeys.",substantive,focal_firm,planned,customer_facing_product,ADBE_uc_aep_journey_orchestration,AEP AI customer engagement/journey orchestration,customer_experience|efficiency,yes,3,2,no,no,no,no,medium,yes,"AEP AI agents being built for decision/workflow/journey automation, not a reported pilot."
ADBE_claim_d8369b502c20c9d5b84e,ADBE_10K_2026-01-15:L179:464de616159d706c,ADBE,ADBE_10K_2026-01-15.txt,179,We offer AI assistants powered by agents that unlock creativity and allow for conversational creation and editing.,substantive,focal_firm,current,customer_facing_product,NA,Conversational AI creative assistants; product identity unspecified,innovation,no,3,4,yes,no,no,no,medium,yes,Currently offered conversational creative assistants; exact product identity is not stated.
ADBE_claim_310e02cba981254dd723,ADBE_10K_2026-01-15:L179:464de616159d706c,ADBE,ADBE_10K_2026-01-15.txt,179,"Our agents and agentic solutions in our Acrobat offerings streamline workflows, drive efficiency, unlock productivity and accelerate time to value.",substantive,focal_firm,current,customer_facing_product,ADBE_uc_acrobat_ai_assistant,Acrobat conversational document assistance,workforce_productivity,no,3,4,yes,no,no,no,high,no,Acrobat agents support present document workflows; no numerical realized benefit.
ADBE_claim_f00e72ad1ca9f8a843ba,ADBE_10K_2026-01-15:L181:570f99e04570cf87,ADBE,ADBE_10K_2026-01-15.txt,181,"In the rapidly evolving AI landscape, where each generative AI model has its own strength, we offer customers flexibility to use the model of their choice directly within certain Adobe solutions to best serve their needs.",substantive,focal_firm,current,customer_facing_product,ADBE_uc_firefly_content,Firefly generative content creation and editing,NA,no,3,4,yes,no,no,no,high,no,Own Firefly creation models and partner model choice are currently offered.
ADBE_claim_237dfde853b71197002f,ADBE_10K_2026-01-15:L181:570f99e04570cf87,ADBE,ADBE_10K_2026-01-15.txt,181,Customized Models: We offer the ability for individuals and enterprises to train Firefly generative AI models tailored to their specific requirements with their own assets.,substantive,focal_firm,current,customer_facing_product,ADBE_uc_firefly_custom_models,Firefly custom model training for branded content,NA,no,3,4,yes,no,no,no,high,no,Currently offered customer-specific Firefly model training.
ADBE_claim_aa7a3a3d1f96463f60ab,ADBE_10K_2026-01-15:L183:dbb21bc76e3e5bed,ADBE,ADBE_10K_2026-01-15.txt,183,"We also work with our customers to help them manage, gain insights from and unlock the power of their first-party data and assets, and build customized models and solutions using such data and assets stored in our applications, systems, and through connections to other business applications.",substantive,focal_firm,current,customer_facing_product,ADBE_uc_firefly_custom_models,Firefly custom model training for branded content,NA,no,3,4,yes,no,no,no,medium,yes,Currently supporting custom-model development with customer first-party assets.
ADBE_claim_e3234feaf3b358e4259c,ADBE_10K_2026-01-15:L208:493853db5c104bc4,ADBE,ADBE_10K_2026-01-15.txt,208,"Acrobat AI Assistant, our generative AI-powered conversational engine, gives users the power to work more productively with their PDFs by summarizing and answering questions about documents, providing intelligent citations and quickly generating and formatting content for sharing. Acrobat AI Assistant is available in Acrobat Studio and offered as an add-on to Acrobat Pro, Acrobat Standard and Acrobat Reader.",substantive,focal_firm,current,customer_facing_product,ADBE_uc_acrobat_ai_assistant,Acrobat conversational document assistance,workforce_productivity,no,4,4,yes,no,no,no,high,no,Currently available GenAI PDF summarization/question answering assistant.
ADBE_claim_5cb5f6496076341f8870,ADBE_10K_2026-01-15:L212:1ce42758717ff5f8,ADBE,ADBE_10K_2026-01-15.txt,212,"PDF Spaces turns collections of files and websites into sharable, conversational knowledge hubs with personalized AI Assistants, transforming PDFs from static files into a dynamic environment for uncovering insights, generating ideas, surfacing recommendations, and synthesizing information.",substantive,focal_firm,current,customer_facing_product,ADBE_uc_pdf_spaces,PDF Spaces conversational multi-document knowledge hubs,workforce_productivity,no,3,4,yes,no,no,no,high,no,PDF Spaces conversational knowledge hubs integrate personalized assistants.
ADBE_claim_195499e841470d439b4b,ADBE_10K_2026-01-15:L225:6bfb190192491ec2,ADBE,ADBE_10K_2026-01-15.txt,225,"Adobe Express is our all-in-one AI content creation app for users of any level, such as novice content creators and communicators, to easily create video, marketing, and social content. Users can easily design high-impact design elements, engaging videos and images, resumes, PDFs, animation and content ready for social media channels and platforms. Adobe Express integrates with other Adobe solutions allowing customers to accelerate, streamline and scale on-brand content creation.",substantive,focal_firm,current,customer_facing_product,ADBE_uc_express_creation,Adobe Express AI content creation,innovation,no,3,4,yes,no,no,no,high,no,Adobe Express is currently offered AI content-creation app.
ADBE_claim_28e1fd07fb7b41d6d8fe,ADBE_10K_2026-01-15:L233:d89172ea9514908b,ADBE,ADBE_10K_2026-01-15.txt,233,"Creative Cloud Pro includes the Adobe Firefly web app, the premium version of Adobe Express, and AI-powered features natively integrated throughout Adobe Photoshop, Adobe Illustrator and Adobe Premiere Pro. All apps listed below and many more are available through subscriptions to Creative Cloud Pro (except Substance 3D Apps, which are sold separately through the Adobe Substance 3D Collection plan), and many of our apps are also available as standalone subscriptions on Adobe.com.",substantive,focal_firm,current,customer_facing_product,NA,AI features in Photoshop/Illustrator/Premiere; tasks unspecified,NA,no,3,4,yes,no,no,no,medium,yes,"AI-powered features are natively integrated into named flagship apps and explicitly available through current subscriptions; Stage 4 product provision, with task boundaries unresolved."
ADBE_claim_9e468a854e984842dc9e,ADBE_10K_2026-01-15:L264:db0e51dbb92063f8,ADBE,ADBE_10K_2026-01-15.txt,264,"Adobe Firefly is Adobe’s family of creative generative AI models that span image, video, vector, audio, and more. The Firefly family of models are infused across Adobe’s solutions and powering new solutions that enhance creativity, marketing and productivity workflows for our customers. Through natural language, reference assets, and intuitive interactions, users can create and edit images, videos, text effects, design templates, vector graphics, and audio.",substantive,focal_firm,current,customer_facing_product,ADBE_uc_firefly_content,Firefly generative content creation and editing,innovation,no,3,4,yes,no,no,no,high,no,"Firefly models currently generate/edit images, video, graphics and audio."
ADBE_claim_3885f514c433f2d17caa,ADBE_10K_2026-01-15:L266:e74bef54d7ae4c54,ADBE,ADBE_10K_2026-01-15.txt,266,"Adobe Firefly solutions are available in tiered subscription plans: Firefly Standard, Firefly Pro and Firefly Premium.",substantive,focal_firm,current,customer_facing_product,ADBE_uc_firefly_content,Firefly generative content creation and editing,NA,no,2,4,yes,no,no,no,high,no,Explicit current subscription availability of Firefly.
ADBE_claim_56c658243c6b935acec9,ADBE_10K_2026-01-15:L270:5b32db3ecfd1bd62,ADBE,ADBE_10K_2026-01-15.txt,270,"Adobe’s Firefly app is an AI-powered creative space for content ideation, creation and production. The Firefly app includes access to an expansive partner model ecosystem as well as all of Adobe’s AI Firefly models to allow users to generate images, video, vectors, audio and more from a single place, iterate on their creations across Adobe’s creative apps and seamlessly deliver them into production.",substantive,focal_firm,current,customer_facing_product,ADBE_uc_firefly_content,Firefly generative content creation and editing,innovation,no,3,4,yes,no,no,no,high,no,Currently offered Firefly app brings own/partner generation models into content workflow.
ADBE_claim_5900e8ffb2951a7ccfef,ADBE_10K_2026-01-15:L274:d10cc102095b4298,ADBE,ADBE_10K_2026-01-15.txt,274,Firefly Custom Models enable quick content creation that is on-brand or in an artists’ own aesthetic style through Firefly generative AI image models that are trained with an enterprise’s brand content or an artist’s own person assets.,substantive,focal_firm,current,customer_facing_product,ADBE_uc_firefly_custom_models,Firefly custom model training for branded content,innovation,no,3,4,yes,no,no,no,medium,yes,Custom Firefly models trained on brand/artist assets in current product catalogue.
ADBE_claim_61602ba30edfb6924075,ADBE_10K_2026-01-15:L278:713c675da3454a6d,ADBE,ADBE_10K_2026-01-15.txt,278,"Firefly Foundry enables enterprises to create deeply-tuned, customized Firefly generative AI models based on their intellectual property, product and brand styles with the support of Adobe scientists and engineers, across a wide variety of use cases.",substantive,focal_firm,current,customer_facing_product,ADBE_uc_firefly_foundry,Firefly Foundry enterprise deep-tuned model service,NA,no,3,4,yes,no,no,no,medium,yes,Current Foundry enterprise deep-tuning service described in product catalogue.
ADBE_claim_cba7e6de440aedcd0aed,ADBE_10K_2026-01-15:L286:b1977b449b7f9d74,ADBE,ADBE_10K_2026-01-15.txt,286,"Adobe solutions offered within Adobe GenStudio include Adobe Experience Manager Assets, Adobe Workfront, Firefly Services and Adobe GenStudio for Performance Marketing, a generative AI-first solution that enables marketing teams to use generative AI to quickly create, deliver and optimize on-brand digital experiences to their customers, while allowing brand and creative teams to retain oversight and strategic direction with brand guardrails.",substantive,focal_firm,current,customer_facing_product,ADBE_uc_genstudio_marketing,GenStudio Performance Marketing content generation,customer_experience|innovation,no,3,4,yes,no,no,yes,high,no,Offered GenStudio Performance Marketing GenAI content generation/delivery workflow.
ADBE_claim_38860e451c2d157ddecc,ADBE_10K_2026-01-15:L290:b485d7a996f0c7c8,ADBE,ADBE_10K_2026-01-15.txt,290,"Our customers can leverage Adobe Experience Platform to activate AI-driven insights across apps such as Adobe Real-Time Customer Data Platform, Adobe Customer Journey Analytics and Adobe Journey Optimizer.",substantive,focal_firm,current,customer_facing_product,ADBE_uc_aep_journey_orchestration,AEP AI customer engagement/journey orchestration,customer_experience,no,3,4,yes,no,no,no,high,no,AEP current AI insights drive customer engagement apps.
ADBE_claim_605adce6ddd5d06d507c,ADBE_10K_2026-01-15:L290:b485d7a996f0c7c8,ADBE,ADBE_10K_2026-01-15.txt,290,"Additionally, Adobe Experience Platform AI Assistant is a conversational experience that enables creative and marketing professionals to use generative AI and agentic AI capabilities to enhance productivity, improve product mastery and accelerate their workflow efficiency.",substantive,focal_firm,current,customer_facing_product,ADBE_uc_aep_ai_assistant,AEP conversational platform assistance,workforce_productivity,no,3,4,yes,no,no,no,high,no,AEP assistant currently offers GenAI/agentic productivity and platform guidance.
ADBE_claim_59a61b3eb09173a8614a,ADBE_10K_2026-01-15:L299:cae9ca7f3cdbb541,ADBE,ADBE_10K_2026-01-15.txt,299,"Adobe Brand Concierge is an AI-powered solution that helps enterprises configure and manage AI agents and deliver personalized, immersive and conversational experiences for their customers.",substantive,focal_firm,current,customer_facing_product,ADBE_uc_brand_concierge,Brand Concierge customer conversational engagement,customer_experience,no,3,4,yes,no,no,no,medium,yes,Brand Concierge AI agents for customer conversational experiences in current offering catalogue.
ADBE_claim_a7edad2a9da5e60fa2a8,ADBE_10K_2026-01-15:L303:c969f8c54545672d,ADBE,ADBE_10K_2026-01-15.txt,303,"Driven by AI and machine learning, Adobe Analytics collects, organizes and structures vast streams of data from virtually any channel, including streaming web data, to deliver real-time insights that are easy for our customers to process, analyze and share to quickly identify problems and opportunities and to drive conversion and relevant customer experiences.",substantive,focal_firm,current,customer_facing_product,ADBE_uc_adobe_analytics,Adobe Analytics AI customer interaction analysis,customer_experience,no,3,4,yes,no,no,no,high,no,Adobe Analytics currently applies AI/ML to customer interaction analysis.
ADBE_claim_ead9bdfcd113767a4b69,ADBE_10K_2026-01-15:L305:77d80fba7dd95665,ADBE,ADBE_10K_2026-01-15.txt,305,"Adobe Customer Journey Analytics brings a powerful set of analytics tools that allow our customers to interactively explore and visualize the end-to-end customer journey across multiple channels and utilize AI-powered insights, while making such analytics more accessible across their organization, to ensure that customer journeys flow seamlessly regardless of channel.",substantive,focal_firm,current,customer_facing_product,ADBE_uc_journey_analytics,Customer Journey Analytics AI journey insights,customer_experience,no,3,4,yes,no,no,no,high,no,Current Journey Analytics uses AI insight to explore multi-channel journeys.
ADBE_claim_4106180ed3068e52f073,ADBE_10K_2026-01-15:L309:598faf88d5f89b1a,ADBE,ADBE_10K_2026-01-15.txt,309,"Adobe Mix Modeler is an AI-powered marketing measurement and planning solution that unifies marketing mix modeling and multi-touch attribution into a single methodology. It helps organizations quantify the incremental impact of paid, earned, and owned channels, optimize budget allocation, and simulate future outcomes using predictive analytics. Mix Modeler delivers consistent, actionable insights across all touchpoints in a single app.",substantive,focal_firm,current,customer_facing_product,ADBE_uc_mix_modeler,Mix Modeler marketing attribution and budget optimization,efficiency,no,3,4,yes,no,no,no,medium,yes,Current Mix Modeler uses AI predictive attribution and budget allocation.
ADBE_claim_95649e03f427c05887c8,ADBE_10K_2026-01-15:L358:95ac2446f9d511ec,ADBE,ADBE_10K_2026-01-15.txt,358,"Our Creative Cloud and Firefly subscriptions include a monthly plan-specific number of generative credits for generative AI tools, and our free plans include a limited number of generative credits.",substantive,focal_firm,current,customer_facing_product,ADBE_uc_firefly_content,Firefly generative content creation and editing,NA,no,3,4,yes,no,no,no,high,no,"Current generative credit subscription provision for creative tools, not an operational outcome."
ADBE_claim_72c796705808f55d673f,ADBE_10K_2026-01-15:L854:2288e61a4e33a8b6,ADBE,ADBE_10K_2026-01-15.txt,854,"As we execute on our long-term growth initiatives, with emphasis on delivering value through AI-powered and highly differentiated solutions to meet the needs of our diverse and expanding customer base, we have continued to experience growth in software-based subscription revenue across our portfolio of offerings.",substantive,focal_firm,current,unclear_or_other,NA,NA,customer_experience|revenue_growth,no,2,1,NA,no,no,no,high,no,AI differentiation and customer-value growth strategy; subscription growth not isolated AI effect.
ADBE_claim_c69e962a9d2b92c70323,ADBE_10K_2026-01-15:L858:f8bd5c5cf198175f,ADBE,ADBE_10K_2026-01-15.txt,858,"AI innovation is deeply infused into our Digital Media solutions, including through Adobe Firefly-powered generative AI features available across our Creative Cloud flagship apps, and through Acrobat AI Assistant, a generative AI-powered conversational interface designed to enhance document experiences.",substantive,focal_firm,current,customer_facing_product,ADBE_uc_firefly_content,Firefly generative content creation and editing,NA,no,3,4,yes,no,no,no,medium,yes,Currently available Firefly generative features across creative apps.
ADBE_claim_492c331b8aacbb81b5ea,ADBE_10K_2026-01-15:L858:f8bd5c5cf198175f,ADBE,ADBE_10K_2026-01-15.txt,858,"In August 2025, we released Acrobat Studio, which brings together Adobe Acrobat, Adobe Express and AI agents to further unite productivity and creativity, empowering users to quickly derive insights from their documents and create visually compelling content.",substantive,focal_firm,current,customer_facing_product,ADBE_uc_acrobat_ai_assistant,Acrobat conversational document assistance,workforce_productivity,no,4,4,yes,no,no,no,medium,yes,Released Acrobat Studio in August 2025 with document insight/content AI agents.
ADBE_claim_e9fbb942d83ecd55236f,ADBE_10K_2026-01-15:L866:de4e303470e648f5,ADBE,ADBE_10K_2026-01-15.txt,866,"Our differentiation and competitive advantage are strengthened by our ability to use the Adobe Experience Platform to integrate our comprehensive set of solutions and our ability to embed AI into our product portfolio, such as with our Adobe Experience Platform AI Assistant, a generative AI-powered conversational interface designed to help customers automate workflows and generate new audiences and journeys.",substantive,focal_firm,current,customer_facing_product,ADBE_uc_aep_ai_assistant,AEP conversational platform assistance,competitive_positioning|efficiency,no,3,4,yes,no,no,no,high,no,Currently embedded AEP GenAI assistant automates workflows and audience/journey generation.
ADBE_claim_855a32b570ea4ed9babb,ADBE_10K_2026-01-15:L883:bac36baa2dc77eec,ADBE,ADBE_10K_2026-01-15.txt,883,"By viewing the business through this lens, we can more effectively execute our long-term growth strategies. Our success will be achieved through continued acquisition and retention of our customer base by delivering valuable new features and technologies to customers with our latest releases, including generative AI capabilities to enhance creativity, productivity and marketing, and expanding availability of our offerings across an increasing number of surfaces.",substantive,focal_firm,planned,customer_facing_product,NA,NA,innovation|revenue_growth,yes,2,1,NA,no,no,no,high,no,"Future GenAI differentiation/customer retention objective, not an identified deployment plan."
CRM_claim_43f9e33ed7ffcb579856,CRM_10K_2026-03-02:L147:a3d92873d80191ed,CRM,CRM_10K_2026-03-02.txt,147,"With Agentforce, AI is embedded in the flow of work - in the applications that our customers already use every day. Every Agentforce-embedded application now reasons, learns, and takes action alongside users.",substantive,focal_firm,current,customer_facing_product,CRM_uc_agent_build_deploy,Agentforce enterprise agent building and execution,workforce_productivity,no,3,4,yes,no,no,no,medium,yes,Agentforce platform currently embeds agents in customers' daily business applications.
CRM_claim_23a5085e3bc8970cbb3e,CRM_10K_2026-03-02:L162:928435518117a2bf,CRM,CRM_10K_2026-03-02.txt,162,"Agentforce Sales. Our Agentforce Sales offering is an integrated platform that brings together the power of humans with AI agents to help sales teams sell faster and smarter, and to efficiently manage and automate entire sales processes. It provides sales capabilities and tools built for an entire sales organization - across prospecting, sales engagement, team collaboration, sales analytics and AI, sales programs, sales performance, partner management, and revenue and orders. With our Sales offering, businesses can create lifelong customers by connecting their entire organization and unifying all data sources on a single integrated platform. Further, with Agentforce for Sales, customers can build a sales team augmented by a digital labor force and empower every seller with their own AI agent to help accelerate productivity and drive growth.",substantive,focal_firm,current,customer_facing_product,CRM_uc_sales_agent,Agentforce sales process assistance and automation,efficiency|revenue_growth|workforce_productivity,no,3,4,yes,no,no,no,high,no,Currently offered Agentforce sales-agent assistance and process automation.
CRM_claim_be6f49fb7f1f7ccb44e2,CRM_10K_2026-03-02:L164:139063d26818e19c,CRM,CRM_10K_2026-03-02.txt,164,"Agentforce automatically routes cases to the best service agent for the job, responds to customers with personalized, relevant answers grounded in company data and performs tasks like auto-summarizing support cases and field work orders.",substantive,focal_firm,current,customer_facing_product,CRM_uc_service_case_routing,Agentforce support case routing,efficiency,no,3,4,yes,no,no,no,high,no,Agentforce currently routes support cases to service agents.
CRM_claim_84c4f25fead7dd73304b,CRM_10K_2026-03-02:L164:139063d26818e19c,CRM,CRM_10K_2026-03-02.txt,164,"Agentforce automatically routes cases to the best service agent for the job, responds to customers with personalized, relevant answers grounded in company data and performs tasks like auto-summarizing support cases and field work orders.",substantive,focal_firm,current,customer_facing_product,CRM_uc_service_answers,Agentforce personalized support answers,customer_experience,no,3,4,yes,no,no,no,high,no,Agentforce currently supplies grounded personalized support answers.
CRM_claim_e24aae31a754259654e7,CRM_10K_2026-03-02:L164:139063d26818e19c,CRM,CRM_10K_2026-03-02.txt,164,"Agentforce automatically routes cases to the best service agent for the job, responds to customers with personalized, relevant answers grounded in company data and performs tasks like auto-summarizing support cases and field work orders.",substantive,focal_firm,current,customer_facing_product,CRM_uc_service_summarization,Agentforce support case/work-order summarization,workforce_productivity,no,3,4,yes,no,no,no,high,no,Agentforce currently summarizes cases and field work orders.
CRM_claim_ed28362bbfd1588d5fd9,CRM_10K_2026-03-02:L166:3a4b585521a5a92d,CRM,CRM_10K_2026-03-02.txt,166,"The Agentforce 360 Platform enables companies of all industries, sizes, and locations to build business workflows, applications and AI agents on a single, comprehensive platform to help automate processes, boost efficiency, increase productivity and reduce information technology costs. It facilitates development with no-code and low-code tools that are easy to use and free to learn, empowering teams to build trusted applications, workflows, AI agents and much more.",substantive,focal_firm,current,customer_facing_product,CRM_uc_agent_build_deploy,Agentforce enterprise agent building and execution,efficiency|workforce_productivity,no,3,4,yes,no,no,no,high,no,Current agent-development/no-code workflow platform.
CRM_claim_d9354c2661059851e180,CRM_10K_2026-03-02:L168:2811652e38b955fe,CRM,CRM_10K_2026-03-02.txt,168,"Data 360. Data 360 is Salesforce’s hyperscale, trusted data engine that gives AI agents their context and serves as the foundation for how customers unify our service offerings making their data actionable for both humans and agents. It connects enterprise data from across clouds, systems, and channels utilizing zero-copy technology to access external data sources without the need for duplication. This architecture unifies, cleans, and harmonizes the data into a single, governed source of truth that agents can reliably understand and act on. Through real-time ingestion, transformation, indexing, and retrieval-augmented generation, Data 360 turns both structured records and unstructured content - emails, documents, conversations, and events - into usable, searchable intelligence. This gives AI agents the customer and business context they need to reason accurately, personalize interactions, and make better decisions in the moment. By leveraging Data 360’s metadata and trust framework, Data 360 is designed to make every data point permissioned, governed, and compliant, so agents see only what they are allowed to see and act only within approved boundaries.",substantive,focal_firm,current,customer_facing_product,CRM_uc_data360_grounding,Data 360 AI-agent data grounding,customer_experience,no,3,4,yes,no,no,yes,high,no,Current Data 360 RAG/data-context engine grounds AI agents.
CRM_claim_a73cbf4cb142ebdfc64c,CRM_10K_2026-03-02:L170:f78e5cef918df1b7,CRM,CRM_10K_2026-03-02.txt,170,"Informatica is an enterprise-grade, AI-powered data management platform that enables customers to discover, integrate, govern, and deliver trusted data at scale across hybrid and multi-cloud environments.",substantive,focal_firm,current,customer_facing_product,CRM_uc_informatica_data,Informatica AI data management,efficiency,no,3,4,yes,no,no,no,high,no,Acquired Informatica currently provides AI-powered data management/governance.
CRM_claim_d5b9a7c31829fa0a49c4,CRM_10K_2026-03-02:L172:50df0de5524f39c7,CRM,CRM_10K_2026-03-02.txt,172,"Slack centralizes conversations and collaboration, automates business processes, makes search and knowledge sharing seamless, and delivers trusted generative and agentic AI that augments employees so they can work smarter, make decisions faster, and drive real outcomes.",substantive,focal_firm,current,customer_facing_product,CRM_uc_slack_ai_collaboration,Slack AI collaboration and knowledge assistance,workforce_productivity,no,3,4,yes,no,no,no,high,no,Slack currently delivers generative/agentic employee assistance.
CRM_claim_de1e54c7da002ebe6e57,CRM_10K_2026-03-02:L172:50df0de5524f39c7,CRM,CRM_10K_2026-03-02.txt,172,"We recently introduced Slackbot, a trusted, out-of-the-box personalized employee agent in Slack that can find answers, organize work, create content, schedule meetings, and take action.",substantive,focal_firm,current,customer_facing_product,CRM_uc_slackbot_employee,Slackbot employee work assistance,workforce_productivity,no,3,4,yes,no,no,no,high,no,"Recently introduced Slackbot handles answers, organization, content and meetings."
CRM_claim_d7bf942397d2d9453b27,CRM_10K_2026-03-02:L174:c81e01f3aeab97ed,CRM,CRM_10K_2026-03-02.txt,174,"Agentforce. Agentforce enables customers to build, deploy, and manage enterprise-grade, autonomous AI agents at scale, enabling humans and agents to work together. Agentforce connects AI models directly to execution, handling workflows. Agents built on Agentforce can access live business data through Data 360, follow company policies defined in Salesforce metadata, and take action through Salesforce applications and MuleSoft Application Programming Interfaces (“APIs”). All of our customers’ deterministic business logic, workflows, and policies are instantly accessible to agents, without requiring",substantive,focal_firm,current,customer_facing_product,CRM_uc_agent_build_deploy,Agentforce enterprise agent building and execution,NA,no,3,4,yes,no,no,no,medium,yes,"Current Agentforce agent building/deployment platform, not proof of all customer deployment."
CRM_claim_263f5bab64e4ccdc6416,CRM_10K_2026-03-02:L177:5f5ab0346b1b4845,CRM,CRM_10K_2026-03-02.txt,177,"By pairing Large Language Model (“LLM”) reasoning with deterministic logic, Agentforce delivers more accurate, reliable outcomes within our trust layer.",substantive,focal_firm,current,customer_facing_product,CRM_uc_agent_build_deploy,Agentforce enterprise agent building and execution,NA,no,3,4,yes,no,no,no,high,no,LLM reasoning embedded across current enterprise platform.
CRM_claim_6dd7d39edaae1f5d44a2,CRM_10K_2026-03-02:L181:4d035215ca95b286,CRM,CRM_10K_2026-03-02.txt,181,"With Agentforce for Marketing, marketers can save time on every step of the campaign process by generating briefs, content, and journeys, as well as optimizing performance and spend with actionable insights and predictive AI.",substantive,focal_firm,current,customer_facing_product,CRM_uc_marketing_generation,Agentforce marketing campaign content generation,workforce_productivity,no,3,4,yes,no,no,no,high,no,Current marketing agent generates campaign briefs/content/journeys.
CRM_claim_50d80405d6967a0d6db6,CRM_10K_2026-03-02:L181:4d035215ca95b286,CRM,CRM_10K_2026-03-02.txt,181,"With unified, 360-degree customer profiles, marketers and AI agents can easily build segments, calculate insights, analyze performance, and power AI recommendations, decisioning and automations.",substantive,focal_firm,current,customer_facing_product,CRM_uc_marketing_optimization,Agentforce predictive marketing segmentation and optimization,customer_experience|efficiency,no,3,4,yes,no,no,no,high,no,Marketing platform supplies predictive optimization/recommendation insights.
CRM_claim_339d06c779b44102a6df,CRM_10K_2026-03-02:L183:672743b6a3fd9c79,CRM,CRM_10K_2026-03-02.txt,183,"With Agentforce for Commerce, brands can autonomously manage a range of tasks with AI agents, such as product recommendations and order lookup, helping to boost capacity and productivity across marketing, commerce, merchandising, and store operations.",substantive,focal_firm,current,customer_facing_product,CRM_uc_commerce_service,Agentforce commerce recommendations and order assistance,customer_experience|workforce_productivity,no,3,4,yes,no,no,no,high,no,Commerce AI agents supply recommendations/order lookup.
CRM_claim_7753710e77356858c287,CRM_10K_2026-03-02:L183:672743b6a3fd9c79,CRM,CRM_10K_2026-03-02.txt,183,"With trusted AI and AI agents, businesses can generate product descriptions and web pages, and deliver personalized shopping assistance using natural language.",substantive,focal_firm,current,customer_facing_product,CRM_uc_commerce_generation,Agentforce commerce content and shopping conversation,customer_experience|innovation,no,3,4,yes,no,no,no,high,no,Current commerce GenAI creates descriptions/webpages and conversational shopping help.
CRM_claim_af2c0a32e27670a47f40,CRM_10K_2026-03-02:L187:c7a5e54b2acfec4a,CRM,CRM_10K_2026-03-02.txt,187,"MuleSoft Agent Fabric allows organizations to manage, govern, and observe agents regardless of where they were built or where they run, and provides a central registry to discover and reuse agents across the enterprise.",substantive,focal_firm,current,customer_facing_product,CRM_uc_mulesoft_agent_fabric,MuleSoft AI-agent management and discovery,NA,no,3,4,yes,no,no,yes,medium,yes,MuleSoft Agent Fabric currently manages agent discovery and governance.
CRM_claim_94484e72b96edeb0f82c,CRM_10K_2026-03-02:L189:ecdb7cfbaf99febb,CRM,CRM_10K_2026-03-02.txt,189,"Analytics. Our analytics offerings, including Tableau, provide advanced, end-to-end solutions that turn data into insight and action for a wide range of business use cases, powered by agentic AI. Built on the Agentforce 360 Platform, Tableau enables customers to visualize, analyze, and act on data from any source, and continuously surface trends, predict outcomes, and deliver recommendations. Tableau Semantics, integrated into Data 360, translates data into business language, driving more accurate responses and relevant insights. Agentforce agents can trigger actions directly from Tableau such as updating a forecast, launching a campaign, or escalating a customer issue. Tableau analytics can be surfaced natively within Salesforce applications, including Slack, lowering the barriers of actionable analytics for everyone.",substantive,focal_firm,current,customer_facing_product,CRM_uc_tableau_agentic_analytics,Tableau agentic analytics and workflow actions,efficiency|workforce_productivity,no,3,4,yes,no,no,no,high,no,Tableau currently applies agentic analytics to trends/predictions and actions.
CRM_claim_d175dcb36059d2a931a6,CRM_10K_2026-03-02:L204:dc42b85097e071ec,CRM,CRM_10K_2026-03-02.txt,204,"• an industry-leading, AI-powered deeply unified platform to create an Agentic Enterprise for business-to-business, business-to-consumer and business-to-employee for the all-digital, work-from-anywhere world;",substantive,focal_firm,current,customer_facing_product,NA,NA,competitive_positioning,no,2,1,NA,no,no,no,high,no,Product differentiation bullet states broad AI platform positioning.
CRM_claim_d9f398e9cb035cec6eb4,CRM_10K_2026-03-02:L212:6a0f739afe3a075e,CRM,CRM_10K_2026-03-02.txt,212,"• the ability to infuse trusted AI in the flow of work and create AI agents that help make the customer experience more intelligent, automated and personalized, and enhance employee productivity;",substantive,focal_firm,current,customer_facing_product,NA,NA,customer_experience|workforce_productivity,no,2,1,NA,no,no,no,high,no,Broad AI customer experience/productivity offering emphasis.
CRM_claim_c3548d1b3ab27c410a93,CRM_10K_2026-03-02:L216:5d001f9d6623bd70,CRM,CRM_10K_2026-03-02.txt,216,"• modern low-code and no-code tools powered by leading edge AI, which empowers developers and business users to create digital experiences, build agents and configure and automate business processes to fit the needs of any business, accelerating time to value;",substantive,focal_firm,current,customer_facing_product,CRM_uc_agent_build_deploy,Agentforce enterprise agent building and execution,NA,no,3,4,yes,no,no,no,medium,yes,Current low/no-code AI agent-building tools in product benefit context.
CRM_claim_93c76dc0e6721776985a,CRM_10K_2026-03-02:L280:c55e1615e6d7f0f6,CRM,CRM_10K_2026-03-02.txt,280,"FDEs are embedded within customer teams to build tailored AI agents, integrate complex data streams, and ensure that our latest innovations, such as Agentforce, are operationalized rapidly within the customer's unique technical environment.",substantive,focal_firm,current,customer_facing_product,CRM_uc_customer_agent_implementation,Customer-tailored AI-agent implementation service,customer_experience,no,3,4,yes,no,no,no,high,no,Forward-deployed engineers currently build tailored customer AI agents.
CRM_claim_d05642bae546b6958b62,CRM_10K_2026-03-02:L327:8a2310bb6a1a738f,CRM,CRM_10K_2026-03-02.txt,327,"To help prepare for future-readiness, we anchor development around our Top 10 Enterprise Skills - from Agent & AI Literacy to Strategic Problem Solving - which are embedded into our development processes and quarterly check-ins. These Enterprise Skills are also the foundation of our 4R’s strategy - redesign, reskill, redeploy and rebalance.",substantive,focal_firm,current,unclear_or_other,NA,NA,workforce_productivity,no,2,1,NA,no,no,no,high,no,Employee AI literacy development and workforce reskilling strategic direction.
CRM_claim_9fc2996acdeaecd57969,CRM_10K_2026-03-02:L537:f4a54990f33fad13,CRM,CRM_10K_2026-03-02.txt,537,"We anticipate that significant additional investments, including in human capital software, agentic AI and other technologies, will be required to scale our operations and increase productivity, address the needs of our customers, develop and enhance our services, expand into new geographic areas and support continued growth.",substantive,focal_firm,planned,internal_operations,NA,NA,workforce_productivity,yes,2,1,NA,no,no,no,medium,yes,"Expected agentic investment for growth/productivity, without intended task specified."
CRM_claim_1a5b482029ca6373fb10,CRM_10K_2026-03-02:L541:fc7441ff384fc971,CRM,CRM_10K_2026-03-02.txt,541,"Furthermore, new AI offerings and technologies, which are integrated into our operations, may disrupt workforce needs and could adversely affect our operations if not managed properly.",substantive,focal_firm,current,internal_operations,NA,Internal AI operational integration; tasks unspecified,NA,yes,2,4,yes,no,yes,no,medium,yes,AI technologies currently integrated in firm's operations; exact tasks not described.
CRM_claim_b64c5078ab940c11d22a,CRM_10K_2026-03-02:L1050:d15d929ab87aa222,CRM,CRM_10K_2026-03-02.txt,1050,"During the third quarter of fiscal 2025, we introduced Agentforce, a new layer of our trusted platform that enables companies to build and deploy AI agents that can respond to inputs, make decisions and take action autonomously across business functions. Agentforce includes a suite of customizable agents for use across sales, service, marketing and commerce.",substantive,focal_firm,current,customer_facing_product,CRM_uc_agent_build_deploy,Agentforce enterprise agent building and execution,NA,no,4,4,yes,no,no,no,high,no,Previously introduced Agentforce remains current offered agent execution platform.
CRM_claim_9e7c345518faec487464,CRM_10K_2026-03-02:L1050:d15d929ab87aa222,CRM,CRM_10K_2026-03-02.txt,1050,"We continue to invest for growth, including investing in generative and agentic AI across all products, which we believe will change how our customers help their customers, and continuously look to expand our leadership role in the cloud computing industry.",substantive,focal_firm,current,customer_facing_product,NA,NA,competitive_positioning,no,2,1,NA,no,no,no,high,no,Current GenAI/agentic product investment and leadership ambition.
CRM_claim_58fe95982b2093045f4c,CRM_10K_2026-03-02:L1336:c8e72117ac3eebd3,CRM,CRM_10K_2026-03-02.txt,1336,"We expect that sales and marketing expenses may decrease as a percentage of revenues over time as we continue to focus on leveraging our self-serve and partner-led channels and increasing our sales productivity, which includes the use of AI and agents.",substantive,focal_firm,current,internal_operations,CRM_uc_internal_sales_ai,Internal AI/agent sales productivity assistance,efficiency|workforce_productivity,yes,2,4,yes,no,no,no,medium,yes,AI/agents currently included in firm's sales productivity activities; expense reduction only forecast.
CRM_claim_d27664812a3cd32f17f2,CRM_10K_2026-03-02:L1340:d172d1dd591c2f49,CRM,CRM_10K_2026-03-02.txt,1340,"We expect that general and administrative expenses may decrease as a percentage of revenues over time as we continue to invest in process efficiency initiatives, which includes the use of AI and agents.",substantive,focal_firm,current,internal_operations,NA,Internal AI process efficiency; tasks unspecified,efficiency,yes,2,4,yes,no,no,no,medium,yes,AI/agents used in internal process-efficiency initiatives; no particular task or realized savings.
CRM_claim_3b2bc17a71dac73e24b5,CRM_10K_2026-03-02:L1909:ca3b3180eb25c7ff,CRM,CRM_10K_2026-03-02.txt,1909,"With the deeply unified Agentforce 360 Platform, the Company delivers a single source of truth, connecting customer data with integrated artificial intelligence (“AI”) across systems, apps and devices to help companies sell, service, market and conduct commerce from anywhere. During the third quarter of fiscal 2025, the Company introduced Agentforce, a new layer of the trusted Agentforce 360 Platform that enables companies to build and deploy AI agents that can respond to inputs, make decisions and take action autonomously across business functions. Agentforce includes a suite of customizable agents for use across sales, service, marketing and commerce.",substantive,focal_firm,current,customer_facing_product,CRM_uc_agent_build_deploy,Agentforce enterprise agent building and execution,NA,no,4,4,yes,no,no,no,high,no,"Current Agentforce platform with historical introduction; repeated description, not new application."
GOOGL_claim_2f3a88f2365ba0be865e,GOOGL_10K_2026-02-05:L169:3892131e7cf7e0bf,GOOGL,GOOGL_10K_2026-02-05.txt,169,"As our founders Larry and Sergey wrote in the original founders' letter, ""Google is not a conventional company. We do not intend to become one."" That unconventional spirit has been a driving force throughout our history, inspiring us to tackle big problems and invest in moonshots. It led us to be a pioneer in the development of artificial intelligence (AI) and, since 2016, be an AI-first company. We continue this work under the leadership of Alphabet and Google CEO, Sundar Pichai.",substantive,focal_firm,current,unclear_or_other,NA,NA,competitive_positioning|innovation,no,1,1,NA,no,no,no,high,no,"Continuing AI-first corporate direction, without a concrete application."
GOOGL_claim_07a305071563b6a034d8,GOOGL_10K_2026-02-05:L185:b2d0e2995127da00,GOOGL,GOOGL_10K_2026-02-05.txt,185,"We believe AI is a profound platform shift that can bring meaningful and positive change to people and societies across the world, and to our business. We aim to build the most advanced, safe, and responsible AI through our full-stack approach, which spans AI-optimized infrastructure; world-class research, including models and tooling; and our products and platforms that bring AI to billions of people, developers, and enterprises.",substantive,focal_firm,planned,unclear_or_other,NA,NA,innovation|responsible_ai,yes,2,1,NA,no,no,no,high,no,Explicit full-stack responsible AI strategic objective; no concrete intended task.
GOOGL_claim_bb6141135fdeb2e7f868,GOOGL_10K_2026-02-05:L187:292e0da95d3acac6,GOOGL,GOOGL_10K_2026-02-05.txt,187,"At the foundation of our full-stack approach is our AI-optimized infrastructure - a key differentiator enabling us to power our own products, such as Search and YouTube, and support the services we provide to our Google Cloud customers. Our technical infrastructure allows us to use and offer our customers a range of AI accelerator options, including specialized Graphics Processing Units (GPUs) and our own custom-built Tensor Processing Units (TPUs), such as Ironwood, our seventh-generation TPU. We are focused on driving efficiencies in our data centers, allowing us to leverage our technical infrastructure to deliver our products and services at an increasing scale while simultaneously enabling world-class research and model development.",substantive,focal_firm,current,infrastructure_or_platform,GOOGL_uc_ai_compute,Google Cloud AI training and serving compute,NA,no,4,4,yes,no,no,no,high,no,Currently offered TPU/GPU AI compute infrastructure; provider scope rather than internal workflow adoption.
GOOGL_claim_257011d10e5afce4dae7,GOOGL_10K_2026-02-05:L189:0e0f2143dafa9766,GOOGL,GOOGL_10K_2026-02-05.txt,189,"Over the last decade, our research teams have pushed the boundaries of AI forward, which is displayed through Gemini 3, our most intelligent AI model yet. Designed to deliver advanced multimodal understanding, Gemini 3 represents our most capable iteration of agentic and generative coding technologies. Gemini 3 integrates enhanced reasoning capabilities to support visualizations and interactive user experiences across our product ecosystem, including Search and the Gemini app.",substantive,focal_firm,current,customer_facing_product,GOOGL_uc_gemini_model,Gemini multimodal reasoning model provision,NA,no,3,4,yes,no,no,no,high,no,Gemini 3 currently integrates multimodal reasoning into Search and Gemini app; model-level product evidence.
GOOGL_claim_0371ba654716923a79ab,GOOGL_10K_2026-02-05:L191:7ffd92f65e80e667,GOOGL,GOOGL_10K_2026-02-05.txt,191,"As technology continues to improve rapidly, we are focused on bringing our latest AI advances to our products and platforms. We continue to help our users access information and knowledge, express themselves, and get things done by embedding the power of generative AI and Gemini into our products and platforms. Today, all 15 of our half-billion-user products - including seven with two billion users - use our Gemini models. For our Google Cloud customers, our offerings are helping organizations stay at the forefront of innovation with solutions such as Gemini Enterprise and Gemini for Google Workspace.",substantive,focal_firm,current,customer_facing_product,NA,Gemini integration across product portfolio; distinct tasks unspecified,NA,no,4,4,yes,no,no,no,high,no,"Current cross-product Gemini integration; reported user/product counts are deployment scale, not realized outcomes."
GOOGL_claim_b2da1addc6ba9023aca8,GOOGL_10K_2026-02-05:L193:9ba1267281163e7f,GOOGL,GOOGL_10K_2026-02-05.txt,193,"Guided by our AI principles, we believe our approach to AI must be both bold and responsible. That means developing AI in a way that maximizes the positive benefits to society while addressing its potential challenges.",substantive,focal_firm,current,unclear_or_other,NA,NA,responsible_ai,no,1,1,NA,no,no,yes,high,no,Responsible AI principles and explicit corporate development direction.
GOOGL_claim_78e3513ca0711ee4deff,GOOGL_10K_2026-02-05:L199:3c9075a82688c9fe,GOOGL,GOOGL_10K_2026-02-05.txt,199,"In Other Bets, our fully autonomous driving technology company, Waymo, is now providing fully autonomous, paid ride-hailing services to customers in multiple cities.",substantive,focal_firm,current,customer_facing_product,GOOGL_uc_waymo_rides,Waymo autonomous paid ride-hailing,NA,no,4,4,yes,no,no,no,high,no,Current paid autonomous Waymo ride-hailing in multiple cities; AI context established by parent.
GOOGL_claim_696d7e656d6e04b27646,GOOGL_10K_2026-02-05:L199:3c9075a82688c9fe,GOOGL,GOOGL_10K_2026-02-05.txt,199,"Isomorphic Labs is reimagining the drug discovery process from first principles, applying AI to accelerate the development of new medicines.",substantive,focal_firm,current,research_and_development,GOOGL_uc_isomorphic_drug_discovery,Isomorphic Labs AI drug discovery,NA,no,3,4,yes,no,no,no,medium,yes,"Isomorphic Labs reports applying AI to drug development; present R&D workflow use, with experimental boundaries unclear."
GOOGL_claim_5208fc09268fbe3e637e,GOOGL_10K_2026-02-05:L199:3c9075a82688c9fe,GOOGL,GOOGL_10K_2026-02-05.txt,199,"We continue to look toward the future and to invest for the long term, most notably for the application of AI to our products and services, as well as other frontier technologies such as quantum computing.",substantive,focal_firm,planned,unclear_or_other,NA,NA,innovation,yes,2,1,NA,no,no,no,high,no,Explicit long-term AI product investment direction does not specify an intended application.
GOOGL_claim_8b2f79d0277c6406d187,GOOGL_10K_2026-02-05:L219:428b5b903fd434bf,GOOGL,GOOGL_10K_2026-02-05.txt,219,"Our products and services have come a long way since the company was founded more than 25 years ago. While Google Search started as a way to find web pages, organized into ten blue links, we have driven technical advancements and product innovations that have transformed Google Search into a dynamic, multimodal experience. Large language models have made it possible to express more natural language queries, vastly improving the types of questions users can ask, and the quality of results. For example, AI Overviews makes it easier to ask Google anything and get a helpful response. AI Mode allows users to ask more nuanced questions that might have previously taken multiple searches, using Gemini’s advanced reasoning, thinking, and multimodal capabilities.",substantive,focal_firm,current,customer_facing_product,GOOGL_uc_search_ai,Google Search AI responses and reasoning,NA,no,3,4,yes,no,no,no,high,no,Search currently provides AI Overviews and AI Mode responses using Gemini; combined search task avoids feature double counting.
GOOGL_claim_34558bc836e87e2dadd2,GOOGL_10K_2026-02-05:L223:1c3afb8a52cd770f,GOOGL,GOOGL_10K_2026-02-05.txt,223,"Fueling all of these great digital experiences are extraordinary platforms and devices. That is why we continue to invest in platforms like our Android mobile operating system, Chrome browser, and Chrome operating system, as well as our family of devices. We see tremendous potential for devices to be helpful and make people's lives easier by combining the best of our AI, software, and hardware. This potential is reflected in our latest generation of devices, such as the new Pixel 10 series and the Pixel Watch 4. Creating products and services that people rely on every day is a journey that we are investing in for the long-term.",substantive,focal_firm,current,customer_facing_product,NA,NA,customer_experience|innovation,no,2,1,NA,no,no,no,high,no,"Current Pixel device family expresses AI/software/hardware offering, but individual AI tasks not disclosed."
GOOGL_claim_1ddcff2f7c1155774d60,GOOGL_10K_2026-02-05:L227:2d187b85fe8c829b,GOOGL,GOOGL_10K_2026-02-05.txt,227,"We have built world-class advertising technologies for advertisers, agencies, and publishers to power their digital marketing businesses. Our advertising solutions help millions of companies grow their businesses through our wide range of products across devices and formats, and we aim to ensure positive user experiences by serving the right ads at the right time and by building deep partnerships with brands and agencies. AI has been foundational to our advertising business for more than a decade. Products like Demand Gen, Performance Max, and Product Studio use the full power of our AI to help advertisers find untapped and incremental conversion opportunities.",substantive,focal_firm,current,customer_facing_product,GOOGL_uc_advertising_optimization,Demand Gen / Performance Max / Product Studio advertising AI suite,NA,no,3,4,yes,no,no,no,high,no,Currently named advertising AI product suite finds conversion opportunities; suite counted once at disclosed task granularity.
GOOGL_claim_af9abb206de72f980066,GOOGL_10K_2026-02-05:L253:62510b19b8724554,GOOGL,GOOGL_10K_2026-02-05.txt,253,"• AI-optimized Infrastructure: runs on our Cloud, at the edge, or in customers' data centers. It can be used to migrate and modernize information technology (IT) systems and to train and serve various types of AI models. Our AI infrastructure delivers cost-performance for AI workloads. We offer a range of AI accelerators, including our custom TPUs and specialized GPUs, as well as AI-optimized storage offerings, and efficient AI software.",substantive,focal_firm,current,infrastructure_or_platform,GOOGL_uc_ai_compute,Google Cloud AI training and serving compute,NA,no,3,4,yes,no,no,no,high,no,Currently offered AI accelerator and software infrastructure; same Cloud compute application as earlier disclosure.
GOOGL_claim_5992c1c1cbc18f1e23fd,GOOGL_10K_2026-02-05:L255:e69b60eb468dd67e,GOOGL,GOOGL_10K_2026-02-05.txt,255,"• Developer Platform: delivers a fully managed AI development platform, through Vertex AI, for accessing, tuning, augmenting, and deploying custom models and agents, helping customers build applications with more than 200 foundation models, including our Gemini family, third-party, and open models.",substantive,focal_firm,current,customer_facing_product,GOOGL_uc_vertex_ai,Vertex AI custom model and agent development,NA,no,4,4,yes,no,no,no,high,no,Vertex AI currently delivers a managed custom model and agent development platform; 200 models is scale.
GOOGL_claim_610ce84e3d7117fabe03,GOOGL_10K_2026-02-05:L257:b5f4bc84d6ee86ee,GOOGL,GOOGL_10K_2026-02-05.txt,257,"• Cybersecurity: provides AI-powered threat intelligence and cybersecurity solutions to help customers detect, analyze, protect against, and respond to a broad range of cybersecurity threats.",substantive,focal_firm,current,customer_facing_product,GOOGL_uc_cloud_cybersecurity,Google Cloud AI threat detection and response,NA,no,3,4,yes,no,no,no,high,no,Current AI-powered threat intelligence product provision.
GOOGL_claim_14aa42aa4ddaa21c1b06,GOOGL_10K_2026-02-05:L259:28ff7bb635215b0f,GOOGL,GOOGL_10K_2026-02-05.txt,259,"• Data and Analytics: enables customers to migrate, clean, prepare, and feed data into their models. Our data platform also unifies data lakes, data warehouses, data governance, and advanced machine learning into a single platform that helps users analyze data using AI models across any cloud.",substantive,focal_firm,current,customer_facing_product,GOOGL_uc_cloud_data_analytics,Google Cloud AI data analytics,NA,no,3,4,yes,no,no,no,high,no,Current unified ML/AI data analytics platform offering.
GOOGL_claim_d3fdfd3d9cd8d1bda6b8,GOOGL_10K_2026-02-05:L263:71e4a849007866c2,GOOGL,GOOGL_10K_2026-02-05.txt,263,"◦ Gemini Enterprise: empowers teams to discover, create, share, and run AI agents all in one secure platform, bringing the best of Google AI to employees through an intuitive chat interface, helping to automate workflows and drive smarter business outcomes.",substantive,focal_firm,current,customer_facing_product,GOOGL_uc_gemini_enterprise,Gemini Enterprise AI agent workflows,NA,no,3,4,yes,no,no,no,high,no,"Gemini Enterprise currently provides enterprise agent discovery, creation and execution."
GOOGL_claim_3a06b4bca9f3678afb70,GOOGL_10K_2026-02-05:L265:1b9506f20f6f6c14,GOOGL,GOOGL_10K_2026-02-05.txt,265,"◦ Gemini for Google Workspace: brings our AI-powered agents into Gmail, Docs, Sheets, and more to help users write, organize, visualize, accelerate workflows, and have more productive meetings.",substantive,focal_firm,current,customer_facing_product,GOOGL_uc_workspace_ai,Gemini for Workspace productivity assistance,NA,no,3,4,yes,no,no,no,high,no,"Current Workspace AI agents assist writing, organization and meetings; suite-level application."
GOOGL_claim_2c8d8391e73d6ff2ded3,GOOGL_10K_2026-02-05:L365:1f2c8f6ed4a6e039,GOOGL,GOOGL_10K_2026-02-05.txt,365,"We have invested and expect to expand our investment in new businesses, products, services, and technologies in a wide range of industries beyond online advertising. The investments that we are making across our businesses - such as building AI-optimized infrastructure, including our custom TPUs, and integrating AI capabilities into new and existing products and services - reflect our ongoing efforts to innovate and provide products and services that are helpful to users, advertisers, publishers, customers, content providers, and distribution partners. Our investments ultimately may not be commercially viable or may not result in an adequate return of capital and, in pursuing new strategies, we may incur unanticipated liabilities.",substantive,focal_firm,current,unclear_or_other,NA,NA,innovation,no,2,1,NA,no,yes,no,high,no,"Ongoing broad AI product and infrastructure innovation investment with uncertain returns; strategic direction, no distinct deployed task."
GOOGL_claim_906fa0dcfbdd3d15a5b4,GOOGL_10K_2026-02-05:L387:8651f50cad6a9923,GOOGL,GOOGL_10K_2026-02-05.txt,387,"Our business environment is rapidly evolving and intensely competitive. Our businesses face changing technologies, shifting user needs, and frequent introductions of rival products and services. To compete successfully, we must accurately anticipate technology developments and deliver innovative, relevant, and useful products, services, and technologies in a timely manner. For example, with the rise of AI in recent years, we have increasingly focused our investments in building powerful AI tools and AI enhancements to our existing products and services to better cater to our users, customers, and other partners. As our businesses evolve, the competitive pressure to innovate will encompass a wider range of products and services. We must continue to invest significant resources in technical infrastructure, including the development of our custom TPUs, and research and development, including through acquisitions, in order to enhance our technology, products, and services.",substantive,focal_firm,current,unclear_or_other,NA,NA,competitive_positioning|innovation,no,2,1,NA,no,no,no,high,no,Explicit user-oriented AI investment and innovation strategy; no named intended task.
GOOGL_claim_7f86db6eb213727dadb9,GOOGL_10K_2026-02-05:L849:3bb6aed819731cfc,GOOGL,GOOGL_10K_2026-02-05.txt,849,"Expanded AI Offerings in our Products and Services: The continuing evolution of the online world has contributed to the growth of our business. We expect that this evolution, including user engagement with AI products and services, will continue to benefit our business and our revenues. As we continue to incorporate AI into our products and services, such as with AI Overviews and AI Mode in Search, and with enterprise AI solutions on our Google Cloud Platform, we may monetize differently than our historical consumer and enterprise offerings which could affect revenue growth rates and margin trends. When developing new products and services we generally focus first on user experience and then on monetization. At the same time, we face increasing competition, including from other developers and providers of AI products and services, which may affect our revenues.",substantive,focal_firm,current,customer_facing_product,GOOGL_uc_search_ai,Google Search AI responses and reasoning,NA,no,3,4,yes,no,yes,no,high,no,Current Search AI offerings corroborate earlier provision; monetization uncertainty is separate from realized outcomes.
META_claim_bf933a2ab84064b0b5db,META_10K_2026-01-29:L147:09c441b1f4c4b6b9,META,META_10K_2026-01-29.txt,147,"Many people in our community have user accounts on more than one of our products, and some people have multiple user accounts within an individual product. Accordingly, for our Family metrics, we do not seek to count the total number of user accounts across our products because we believe that would not reflect the actual size of our community. Rather, our Family metrics represent our estimates of the number of unique people using at least one of Facebook, Instagram, Messenger, and WhatsApp. We do not require people to use a common identifier or link their accounts to use multiple products in our Family, and therefore must seek to attribute multiple user accounts within and across products to individual people. To calculate these metrics, we rely upon complex techniques, algorithms and machine learning models that seek to count the individual people behind user accounts, including by matching multiple user accounts within an individual product and across multiple products when we believe they are attributable to a single person, and counting such group of accounts as one person. These techniques and models require significant judgment, are subject to data and other limitations discussed below, and inherently are subject to statistical variances and uncertainties. We estimate the potential error in our Family metrics primarily based on user survey data as described further below, which itself is subject to error as well. While we expect the error margin for our Family metrics to vary from period to period, we estimate that such margin generally will be approximately 3% of our worldwide DAP. At our scale, it is very difficult to attribute multiple user accounts within and across products to individual people, and it is possible that the actual numbers of unique people using our products may vary significantly from our estimates, potentially beyond our estimated error margins. As a result, it is also possible that our Family metrics may indicate changes or trends in user numbers that do not match actual changes or trends.",substantive,focal_firm,current,internal_operations,META_uc_dap_account_matching,ML account matching and unique-user metric estimation,NA,no,4,4,yes,no,yes,no,high,no,"Current ML models estimate unique people and match accounts for DAP; repeated metric computation is one internal application. Error margins describe measurement uncertainty, not realized AI benefit."
META_claim_631f98137a71f9510f61,META_10K_2026-01-29:L149:c8564db0e68cec1d,META,META_10K_2026-01-29.txt,149,"To calculate our estimates of DAP, we currently use a series of machine learning models that are developed based on internal reviews of limited samples of user accounts and calibrated against user survey data. We apply significant judgment in designing these models and calculating these estimates. For example, to match user accounts within individual products and across multiple products, we use data signals such as similar device information, IP addresses, and user names. We also calibrate our models against data from periodic user surveys of varying sizes and frequency across our products, which survey questions are based on monthly usage, and which are inherently subject to error. The timing and results of such user surveys have in the past contributed, and may in the future contribute, to changes in our reported Family metrics from period to period. In addition, our data limitations may affect our understanding of certain details of our business and increase the risk of error for our Family metrics estimates. Our techniques and models rely on a variety of data signals from different products, and we rely on more limited data signals for some products compared to others. For example, as a result of limited visibility into encrypted products, we have fewer data signals from WhatsApp user accounts and primarily rely on phone numbers and device information to match WhatsApp user accounts with accounts on our other products. Any loss of access to data signals we use in our process for calculating Family metrics, whether as a result of our own product decisions, actions by third-party browser or mobile platforms, regulatory or legislative requirements, or other factors, also may impact the stability or accuracy",substantive,focal_firm,current,internal_operations,META_uc_dap_account_matching,ML account matching and unique-user metric estimation,NA,no,4,4,yes,no,yes,no,high,no,"Current ML models estimate unique people and match accounts for DAP; repeated metric computation is one internal application. Error margins describe measurement uncertainty, not realized AI benefit."
META_claim_5eeecbac943dccd5c974,META_10K_2026-01-29:L169:c8f7b7f940ecbb85,META,META_10K_2026-01-29.txt,169,"Our products enable people to connect and share through mobile devices, personal computers, virtual reality (VR) headsets, and AI glasses. We are innovating in artificial intelligence (AI) technologies to build transformative experiences and capabilities across our Family of Apps and new platforms, and to advance our vision to deliver personal superintelligence for everyone.",substantive,focal_firm,current,unclear_or_other,NA,NA,innovation,no,2,1,NA,no,no,no,high,no,Explicit personal-superintelligence product direction without a concrete intended task.
META_claim_1d8a865e9ed324dc6749,META_10K_2026-01-29:L171:1291e116d84cba47,META,META_10K_2026-01-29.txt,171,"We build technology that helps people connect and share, find and build communities, and grow businesses. We also help people discover and learn about what is going on in the world around them, enable people to share their experiences, ideas, photos, videos, and other content with audiences ranging from their closest family members and friends to the public at large, and stay connected everywhere by accessing our products. Meta is moving our offerings beyond 2D screens toward immersive experiences like augmented and virtual reality to help build the next computing platform. Our vision does not center on any single product, but rather an entire ecosystem of experiences, devices, and new technologies powered by AI. While the metaverse is in the very early stages of its development, we believe it will become the next computing platform and the future of social interaction.",substantive,focal_firm,current,unclear_or_other,NA,NA,customer_experience|innovation,no,2,1,NA,no,no,no,high,no,AI-powered ecosystem vision for social interaction; future metaverse vision is not deployment.
META_claim_633252c388c7853c3b6e,META_10K_2026-01-29:L173:03292494be41940c,META,META_10K_2026-01-29.txt,173,"Our AI investments support initiatives across our products and services, helping power the systems that rank content in our apps, our discovery engine that recommends relevant content, the tools advertisers use to reach customers, the development of new generative AI experiences, and the tools that make our product development more efficient and productive.",substantive,focal_firm,current,customer_facing_product,META_uc_content_recommendation,AI content ranking and discovery recommendation,NA,no,3,4,yes,no,no,no,high,no,AI currently powers content ranking and recommendation; one discovery/ranking application.
META_claim_31a7a76af9a8a218a688,META_10K_2026-01-29:L173:03292494be41940c,META,META_10K_2026-01-29.txt,173,"Our AI investments support initiatives across our products and services, helping power the systems that rank content in our apps, our discovery engine that recommends relevant content, the tools advertisers use to reach customers, the development of new generative AI experiences, and the tools that make our product development more efficient and productive.",substantive,focal_firm,current,customer_facing_product,META_uc_advertising_optimization,AI advertising delivery targeting and measurement,NA,no,3,4,yes,no,no,no,high,no,Currently supported advertiser reach tools; current advertising application differentiated from content discovery.
META_claim_0e588152fd52cc9dd555,META_10K_2026-01-29:L173:03292494be41940c,META,META_10K_2026-01-29.txt,173,"Our AI investments support initiatives across our products and services, helping power the systems that rank content in our apps, our discovery engine that recommends relevant content, the tools advertisers use to reach customers, the development of new generative AI experiences, and the tools that make our product development more efficient and productive.",substantive,focal_firm,current,internal_operations,META_uc_product_development_tools,Internal AI-assisted product development,NA,no,3,4,yes,no,no,no,medium,yes,"AI tools make focal product development more efficient; identifiable internal development task, tool identity coarse."
META_claim_795e061fc1717a97962c,META_10K_2026-01-29:L173:03292494be41940c,META,META_10K_2026-01-29.txt,173,"We are also working to develop the next generation of AI models and advance our vision to build superintelligence, which we define as AI that surpasses human intelligence. Although it is inherently difficult to predict when superintelligence may be achieved, we are investing now because we believe this has the potential to begin a new era of individual empowerment, where people can direct superintelligence towards what they value in their own lives.",substantive,focal_firm,current,unclear_or_other,NA,NA,innovation,no,2,1,NA,no,no,no,high,no,Superintelligence research ambition and investment do not establish experimental application use.
META_claim_d77600ea64562b6cc6eb,META_10K_2026-01-29:L183:f4f3b532a1f41175,META,META_10K_2026-01-29.txt,183,"• Meta AI. Meta AI is an assistant that's available across our apps, as a stand-alone app, on our AI glasses, and on the web. It's designed to help people learn, get things done, create content, and connect with others to make the most of every moment.",substantive,focal_firm,current,customer_facing_product,META_uc_meta_ai_assistant,Meta AI conversational and content assistant across surfaces,NA,no,4,4,yes,no,no,no,high,no,"Meta AI assistant explicitly currently available across apps, web and glasses."
META_claim_98ed7d2280bed8af96f6,META_10K_2026-01-29:L192:c48ea6e671416b53,META,META_10K_2026-01-29.txt,192,"Many of our Reality Labs investments are directed toward long-term, cutting edge research and development for products that are not on the market today and may only be fully realized in the next decade. This includes exploring innovations in AI and hardware to help build next-generation interfaces. In the near term, we are continuing to develop products and experiences that help people feel connected, anytime, anywhere.",substantive,focal_firm,planned,customer_facing_product,META_uc_nextgen_interfaces,Future Reality Labs AI interfaces,NA,yes,3,2,no,no,no,no,medium,yes,Explicit intended next-generation AI interfaces for Reality Labs products; exploring innovation is not an actual application pilot.
META_claim_fe3118d52ea113494cb5,META_10K_2026-01-29:L196:2c61b4eb03b35e2e,META,META_10K_2026-01-29.txt,196,"Our wearables efforts include our AI glasses and long-term AR initiatives. Our current AI glasses include the Ray-Ban Meta and Oakley Meta glasses, which feature Meta AI, our advanced conversational assistant, as well as other features such as hands-free interaction. As we continue our long-term efforts to bring AR glasses to market, in 2024 we also unveiled our Orion prototype, a pair of true AR glasses that overlay content on top of the physical world. It does this with an industry-leading field of view and in glasses form factor for comfortable wear. In 2025, we introduced Meta Ray-Ban Display, which combines our AI glasses with an integrated display built into the lens. It comes with the Meta Neural Band, which is a wrist-worn wearable device that uses electromyography to let people control their AI glasses using neuromuscular signals.",substantive,focal_firm,current,customer_facing_product,META_uc_meta_ai_assistant,Meta AI conversational and content assistant across surfaces,NA,no,4,4,yes,no,no,no,high,no,Current named AI glasses include Meta AI assistant; same assistant across surfaces is not counted again as another application. Orion AR prototype has no explicit AI pilot evidence.
META_claim_a28f05723be818b5b218,META_10K_2026-01-29:L204:ae2b6b21170d3682,META,META_10K_2026-01-29.txt,204,"We invest in our business based on our company priorities. In 2026, we intend to focus on several key investment areas: AI, Reels and our discovery engine, wearables, monetization of our products and services, youth, platform integrity and community support, and infrastructure capacity.",substantive,focal_firm,planned,unclear_or_other,NA,NA,innovation,yes,2,1,NA,no,no,no,high,no,2026 corporate AI investment priority; no concrete AI task specified.
META_claim_6a9853c88c41af0db6c5,META_10K_2026-01-29:L219:fa37ed33ac47be7f,META,META_10K_2026-01-29.txt,219,"We make significant investments in technology both to improve our existing products and services and to develop new ones, as well as for our marketers and developers. We are also investing in protecting the security, privacy, and integrity of our platform by investing in both people and technology to strengthen our systems against abuse. Across all of these efforts, we are making significant investments in AI initiatives, including generative AI and superintelligence, to, among other things, recommend relevant content across our products through our AI-powered discovery engine, enhance our advertising tools and improve our ad delivery, targeting, and measurement capabilities, and to develop new products as well as new features for existing products.",substantive,focal_firm,current,customer_facing_product,META_uc_content_recommendation,AI content ranking and discovery recommendation,NA,no,3,4,yes,no,no,no,high,no,Current AI discovery engine powers content recommendations; same current discovery application.
META_claim_4742a367f5aed2bf9dd0,META_10K_2026-01-29:L219:fa37ed33ac47be7f,META,META_10K_2026-01-29.txt,219,"We make significant investments in technology both to improve our existing products and services and to develop new ones, as well as for our marketers and developers. We are also investing in protecting the security, privacy, and integrity of our platform by investing in both people and technology to strengthen our systems against abuse. Across all of these efforts, we are making significant investments in AI initiatives, including generative AI and superintelligence, to, among other things, recommend relevant content across our products through our AI-powered discovery engine, enhance our advertising tools and improve our ad delivery, targeting, and measurement capabilities, and to develop new products as well as new features for existing products.",substantive,focal_firm,current,customer_facing_product,META_uc_advertising_optimization,AI advertising delivery targeting and measurement,NA,no,3,4,yes,no,no,no,medium,yes,"AI advertising-tool investment supports concrete delivery, targeting and measurement improvements; established current tool use in parent 297."
META_claim_711a44d466c704c13f82,META_10K_2026-01-29:L221:73fbb6165d3202a0,META,META_10K_2026-01-29.txt,221,"We have a history of open-sourcing in AI, including releasing our Llama foundation models as well as other models and tools, and continue to believe in the power of open source innovation. By sharing these resources, we aim to accelerate AI research, improve our products, and foster innovation across the tech community. We have not released everything we have developed historically and expect to continue training a combination of open and closed models going forward.",substantive,focal_firm,current,unclear_or_other,NA,NA,innovation,no,2,1,NA,no,no,no,high,no,Explicit open-source AI innovation and product improvement strategy; licensing/model release alone lacks a distinct reported deployed application.
META_claim_52f6b928cf0497287327,META_10K_2026-01-29:L227:9766616528bc92b5,META,META_10K_2026-01-29.txt,227,"For our RL products, our sales efforts utilize third-party sales channels such as retailers, resellers, and distribution partners, and our direct-to-consumer channel, Meta.com, and several Meta stores. These efforts are focused on driving consumer and enterprise sales and adoption of our Meta Quest portfolio of products and AI glasses.",substantive,focal_firm,current,customer_facing_product,META_uc_meta_ai_assistant,Meta AI conversational and content assistant across surfaces,NA,no,2,4,yes,no,no,no,high,no,Current AI-glasses consumer sales corroborate existing assistant-enabled offering; not new application.
META_claim_f54548dc3e13907417cd,META_10K_2026-01-29:L253:bfe2a4acb9436818,META,META_10K_2026-01-29.txt,253,"We value our investment in growing and keeping a highly skilled workforce. We aim to make AI utilization core to the way we operate by providing our personnel access to AI tools and training programs. We provide our employees with regular performance reviews twice a year as we believe it is an important part of how we support their growth and career development while also recognizing and rewarding their impact at Meta. We also offer career development opportunities and work experience programs that extend beyond the physical and virtual classroom. To do this, we utilize various learning modalities, such as live virtual and in-person learning experiences, on-demand e-learning, self-service resources, learning communities, and coaching engagements.",substantive,focal_firm,current,internal_operations,NA,NA,workforce_productivity,no,2,1,NA,no,no,no,high,no,Aim to make AI core to operations through employee access/training; access alone does not prove actual operational application use.
META_claim_bb7248d63845ebe08f60,META_10K_2026-01-29:L477:59ccabefb99bd5d1,META,META_10K_2026-01-29.txt,477,"Our ability to retain, increase, and engage our user base and to increase our revenue depends heavily on our ability to continue to evolve our existing products and to create successful new products, both independently and in conjunction with developers or other third parties. We may introduce significant changes to our existing products or acquire or introduce new and unproven products, including using technologies with which we have little or no prior development or operating experience. For example, we have relatively limited experience with consumer hardware products and virtual and augmented reality technology, which may adversely affect our ability to successfully develop and market these evolving products and technologies. We are also making significant investments in artificial intelligence (AI) initiatives across our business. For example, we continue to launch new AI features on our products, including support for new modalities, conversational AIs, AI profiles, stickers, photos, videos, and editing tools. We continue to incur substantial costs, and we may not be successful in generating profits, in connection with these efforts.",substantive,focal_firm,current,customer_facing_product,META_uc_content_creation,AI social content generation and editing,NA,no,3,4,yes,no,yes,no,high,no,"Continuing launches of AI content features; current product provision with suite task granularity, not individual sticker/photo counts."
META_claim_3f9ee3a8020649aca49e,META_10K_2026-01-29:L507:9c232efb1eafd2d6,META,META_10K_2026-01-29.txt,507,"We believe the metaverse, an embodied internet where people have immersive experiences beyond two-dimensional screens, is the next evolution in social technology. In 2021, we announced a shift in our business and product strategy to focus on helping to bring the metaverse to life, and we are directing our efforts toward innovations in AI, wearables, and devices to help build next-generation interfaces. We expect this will be a complex, evolving, and long-term initiative that will involve the development of new and emerging technologies, continued investment in infrastructure as well as privacy, safety, and security efforts, and collaboration with other companies, developers, partners, and other participants. However, the metaverse may not develop in accordance with our expectations, and market acceptance of features, products, or services we build is uncertain. We regularly evaluate our product roadmaps and make significant changes as our understanding of the technological challenges and market landscape and our product ideas and designs evolve. In addition, we have relatively limited experience with consumer hardware products and virtual and augmented reality technology, which may enable other companies to compete more effectively than us. We may be unsuccessful in our research and product development efforts, including if we are unable to develop relationships with key participants in the metaverse or develop products that operate effectively with metaverse technologies, products, systems, networks, or standards. For example, some of our consumer hardware products depend on the ability to operate with third-party mobile platforms and these platforms do not necessarily provide our products with the same levels of interoperability that they provide to their own competing products. In addition, our Reality Labs efforts may also divert resources and management attention from other areas of our business. We expect to continue to make significant investments in virtual and augmented reality and other technologies to support these efforts, and our ability to support these efforts is dependent on generating sufficient profits from other areas of our business. In addition, as our Reality Labs efforts evolve, we may be subject to a variety of existing or new laws and regulations in the United States and international jurisdictions, including in the areas of privacy, safety, AI, competition, content regulation, medical devices, tariffs, export controls, consumer protection, and e-commerce, which may delay or impede the development of our products and services, increase our operating costs, require significant management time and attention, or otherwise harm our business.",substantive,focal_firm,planned,customer_facing_product,META_uc_nextgen_interfaces,Future Reality Labs AI interfaces,NA,yes,3,2,no,no,yes,no,medium,yes,Explicit intended AI/wearable next-generation interfaces; actual AR innovation is not automatically an AI pilot.
META_claim_4fab2d4ada4d90e9b3ea,META_10K_2026-01-29:L703:e814cb6d46204518,META,META_10K_2026-01-29.txt,703,"To calculate our estimates of DAP, we currently use a series of machine learning models that are developed based on internal reviews of limited samples of user accounts and calibrated against user survey data. We apply significant judgment in designing these models and calculating these estimates. For example, to match user accounts within individual products and across multiple products, we use data signals such as similar device information, IP addresses, and user names. We also calibrate our models against data from periodic user surveys of varying sizes and frequency across our products, which survey questions are based on monthly usage, and which are inherently subject to error. The timing and results of such user surveys have in the past contributed, and may in the future contribute, to changes in our reported Family metrics from period to period. In addition, our data limitations may affect our understanding of certain details of our business and increase the risk of error for our Family metrics estimates. Our techniques and models rely on a variety of data signals from different products, and we rely on more limited data signals for some products compared to others. For example, as a result of limited visibility into encrypted products, we have fewer data signals from WhatsApp user accounts and primarily rely on phone numbers and device information to match WhatsApp user accounts with accounts on our other products. Any loss of access to data signals we use in our process for calculating Family metrics, whether as a result of our own product decisions, actions by third-party",substantive,focal_firm,current,internal_operations,META_uc_dap_account_matching,ML account matching and unique-user metric estimation,NA,no,4,4,yes,no,yes,no,high,no,"Current ML models estimate unique people and match accounts for DAP; repeated metric computation is one internal application. Error margins describe measurement uncertainty, not realized AI benefit."
META_claim_7eefa959dcc602f65d93,META_10K_2026-01-29:L1256:a6a610b71c53eb1e,META,META_10K_2026-01-29.txt,1256,"To mitigate these developments, we are continually working to evolve our advertising systems to improve the performance of our ad products. We are developing privacy enhancing technologies to deliver relevant ads and measurement capabilities while reducing the amount of personal information we process, including by relying more on anonymized or aggregated third-party data. In addition, we are developing tools that enable marketers to share their data into our systems, as well as ad products that generate more valuable signals within our apps. More broadly, we also continue to innovate our advertising tools to help marketers prepare campaigns and connect with consumers, including developing growing formats such as Reels ads and our business messaging ad products. Across all of these efforts, we are making significant investments in artificial intelligence (AI), including generative AI, to improve our delivery, targeting, and measurement capabilities. Further, we are focused on driving onsite conversions in our business messaging ad products by developing new features and scaling existing features.",substantive,focal_firm,current,customer_facing_product,META_uc_advertising_optimization,AI advertising delivery targeting and measurement,NA,no,3,4,yes,no,no,no,medium,yes,"Current AI advertising delivery/targeting/measurement investment, consistent with previously described operational advertising tools."
META_claim_b5d6990c70393e31f61d,META_10K_2026-01-29:L1266:2817fc275579d987,META,META_10K_2026-01-29.txt,1266,"In addition, competitive products and services have reduced some users' engagement with our products and services. We are investing in Reels and in AI initiatives across our products, including our AI-powered discovery engine to recommend relevant content, which we have already seen results in improved user engagement and monetization of our products. However, we continue to face competition from other products and services within certain demographics, in particular younger users. In addition, while Reels is growing in usage, it monetizes at a lower rate than our Feed and Stories products and we expect it will continue to monetize at a lower rate for the foreseeable future. We also have seen fluctuations and declines in the size of our active user base in one or more regions from time to time due to geopolitical conditions, which have adversely affected our user growth and engagement. These trends have adversely affected our advertising revenue and we expect will continue to adversely affect our advertising revenue in the foreseeable future.",substantive,focal_firm,current,customer_facing_product,META_uc_content_recommendation,AI content ranking and discovery recommendation,NA,no,3,4,yes,no,no,no,high,no,Current AI discovery engine has improved engagement/monetization qualitatively; no numerical attribution for Stage 5.
META_claim_777056546aca244241f1,META_10K_2026-01-29:L1297:3d17081822f128b8,META,META_10K_2026-01-29.txt,1297,"• Daily Active People (DAP). We define a daily active person as a registered and logged-in user of Facebook, Instagram, Messenger, and/or WhatsApp (collectively, our ""Family"" of products) who visited at least one of these Family products through a mobile device application or using a web or mobile browser on a given day. We do not require people to use a common identifier or link their accounts to use multiple products in our Family, and therefore must seek to attribute multiple user accounts within and across products to individual people. Our calculations of DAP rely upon complex techniques, algorithms, and machine learning models that seek to estimate the underlying number of unique people using one or more of these products, including by matching user accounts within an individual product and across multiple products when we believe they are attributable to a single person, and counting such group of accounts as one person. As these techniques and models require significant judgment, are developed based on internal reviews of limited samples of user accounts, and are calibrated against user survey data, there is necessarily some margin of error in our estimates. We view DAP as a measure of engagement across our products. For additional information, see the section entitled ""Limitations of Key Metrics and Other Data"" in this Annual Report on Form 10-K.",substantive,focal_firm,current,internal_operations,META_uc_dap_account_matching,ML account matching and unique-user metric estimation,NA,no,4,4,yes,no,yes,no,high,no,"Current ML models estimate unique people and match accounts for DAP; repeated metric computation is one internal application. Error margins describe measurement uncertainty, not realized AI benefit."
META_claim_cf7294f08ca26e21b7b8,META_10K_2026-01-29:L1375:52e8767a15479ea4,META,META_10K_2026-01-29.txt,1375,"RL revenue is generated from the delivery of consumer hardware products, such as Meta Quest and AI glasses, and related software and content.",substantive,focal_firm,current,customer_facing_product,META_uc_meta_ai_assistant,Meta AI conversational and content assistant across surfaces,NA,no,3,4,yes,no,no,no,high,no,Current AI-glasses delivery/sales corroborate Meta AI product provision. Reality Labs revenue changes include offsetting Quest sales and do not quantify the AI application effect.
META_claim_8ed32f2a70e6e5156da0,META_10K_2026-01-29:L1461:136d8ceb5c9af37d,META,META_10K_2026-01-29.txt,1461,"RL revenue in 2025 increased $61 million, or 3%, compared to 2024. The increase was driven by an increase in sales of AI glasses, partially offset by a decrease in Meta Quest sales.",substantive,focal_firm,current,customer_facing_product,META_uc_meta_ai_assistant,Meta AI conversational and content assistant across surfaces,NA,no,3,4,yes,no,no,no,high,no,Current AI-glasses delivery/sales corroborate Meta AI product provision. Reality Labs revenue changes include offsetting Quest sales and do not quantify the AI application effect.
META_claim_57cf9c329a4c1c88b8d6,META_10K_2026-01-29:L2072:7802514c858e0ff3,META,META_10K_2026-01-29.txt,2072,"RL revenue is generated from the delivery of consumer hardware products, such as Meta Quest and AI glasses, and related software and content. Revenue is recognized at the time control of the products is transferred to customers, which is generally at the time of delivery, in an amount that reflects the consideration RL expects to be entitled to in exchange for the products.",substantive,focal_firm,current,customer_facing_product,META_uc_meta_ai_assistant,Meta AI conversational and content assistant across surfaces,NA,no,3,4,yes,no,no,no,high,no,Current AI-glasses delivery/sales corroborate Meta AI product provision. Reality Labs revenue changes include offsetting Quest sales and do not quantify the AI application effect.
ORCL_claim_1a43c00df654bc822b8d,ORCL_10K_2026-06-22:L137:ec3a5042fb06aa59,ORCL,ORCL_10K_2026-06-22.txt,137,"Oracle provides products and services that build, run and support enterprise information technology (IT) frameworks. Our products and services include enterprise applications and infrastructure offerings that incorporate and are enhanced by artificial intelligence (AI) technologies, including embedded AI-driven automation and analytics and generative AI capabilities. These offerings are delivered worldwide through a variety of flexible and interoperable IT deployment models. These models include cloud-based, on-premise and hybrid deployments, such as Oracle Exadata Cloud@Customer and multicloud options that enable customers to use Oracle cloud offerings in conjunction with other public clouds. We provide choice and flexibility to our customers as to when and how they deploy Oracle applications and infrastructure technologies. We believe that offering customers broad, comprehensive, flexible and interoperable deployment models for Oracle applications and infrastructure technologies is important to our growth strategy, an important element of our corporate strategy and better addresses customer needs relative to our competitors.",substantive,focal_firm,current,customer_facing_product,NA,Oracle cloud AI automation and analytics suite; application boundaries unresolved,NA,no,3,4,yes,no,no,no,high,no,Current Oracle cloud applications incorporate AI automation and analytics; product provision with task/product boundaries unresolved.
ORCL_claim_566880a2f4bfe4a72a2e,ORCL_10K_2026-06-22:L139:aa1a993ec84ec74e,ORCL,ORCL_10K_2026-06-22.txt,139,"Oracle cloud offerings include Oracle Cloud Applications (OCA) and Oracle Cloud Infrastructure (OCI, and collectively with OCA, Oracle Cloud), which provide comprehensive and integrated applications and infrastructure services, enabling our customers to choose the best option that meets their specific business needs. Oracle Cloud integrates IT components in a cloud-based IT environment that Oracle deploys and manages for customers and is accessible by utilizing common web browsers via a broad spectrum of devices. AI technologies embedded in Oracle Cloud offerings are designed to support the improvement of our customers’ existing and new workflows and business processes, including automation and data analyses. Oracle Cloud is designed to be:",substantive,focal_firm,current,customer_facing_product,NA,Oracle cloud AI automation and analytics suite; application boundaries unresolved,NA,no,3,4,yes,no,no,no,high,no,Current Oracle cloud applications incorporate AI automation and analytics; product provision with task/product boundaries unresolved.
ORCL_claim_12bcd1f960530f2d76f9,ORCL_10K_2026-06-22:L162:1e692ae730cdf96a,ORCL,ORCL_10K_2026-06-22.txt,162,"Our investments in and innovation with respect to Oracle products and services that we offer through our three businesses (cloud and software, hardware and services businesses, described further below) are another important element of our corporate strategy. In fiscal 2026, 2025 and 2024, we invested $10.3 billion, $9.9 billion and $8.9 billion, respectively, in research and development to enhance our existing portfolio of offerings and to develop new technologies and services. We have a deep understanding of how applications and infrastructure technologies interact and function with one another, including using OCI to power our OCA, which we and our customers use to run internal business processes. We focus our development efforts on improving the performance, security, reliability, operation, integration and cost-effectiveness of our offerings relative to our competitors; facilitating the ease with which organizations are able to deploy, use, manage and maintain our offerings; and incorporating emerging technologies, such as AI, within our offerings to enable leaner business processes, automation and innovation.",substantive,focal_firm,current,unclear_or_other,NA,NA,efficiency|innovation,no,2,1,NA,no,no,no,high,no,Explicit AI incorporation direction for lean processes and innovation; internal OCA use is not specifically asserted to use AI.
ORCL_claim_31ceb7eb2279742106b9,ORCL_10K_2026-06-22:L172:2bd66ad7cd22291a,ORCL,ORCL_10K_2026-06-22.txt,172,"We believe that our Oracle Cloud offerings, which have built-in AI capabilities, represent opportunities for us to continue to expand our business. We believe that our customers increasingly recognize the value of access to the latest versions of Oracle cloud-based applications and infrastructure capabilities via a cost-effective, rapidly deployable, flexible and interoperable services model that Oracle provisions, manages, upgrades and maintains on our customers’ behalf. We believe that we can market and sell our Oracle Cloud offerings together to help new and existing customers migrate their extensive installed base of on-premise and cloud-based applications and infrastructure technologies to the Oracle Cloud and we believe we are in the early stages of what we expect will be a material migration of our existing Oracle customer base from on-premise applications and infrastructure products and services to the Oracle Cloud. The proportion of our cloud revenues relative to our total revenues has increased, and our cloud revenues represented 51%, 43% and 37% of our total revenues during fiscal 2026, 2025 and 2024, respectively. We expect these trends to continue. During the past three fiscal years, customers with annual software",substantive,focal_firm,current,unclear_or_other,NA,NA,revenue_growth,no,2,1,NA,no,no,no,high,no,"AI cloud business expansion strategy; cloud revenue shares are mixed product metrics, not attributable AI outcomes."
ORCL_claim_80e8667e13a855c8d300,ORCL_10K_2026-06-22:L204:67fa6729ce48ca20,ORCL,ORCL_10K_2026-06-22.txt,204,"Our cloud applications revenues represented 47%, 58% and 65% of our total cloud revenues during fiscal 2026, 2025 and 2024, respectively. We believe that the comprehensiveness and breadth of our cloud applications offerings differentiate us from many of our competitors that offer more limited or specialized applications. Our cloud applications offerings are designed to support connected business processes in the cloud and are centered on an intuitive and conversational user experience, a responsive, open and flexible business core and a common data model. We believe Oracle Fusion Cloud ERP is a strategic suite of applications that is foundational to facilitating and extracting more business value out of the adoption of other OCA offerings, such as Oracle Fusion Cloud HCM and Oracle Fusion Cloud CX, as customers realize the value of a common data model that spans across core business applications. We believe our cloud applications offerings together remove business boundaries between front- and back-office activities. Our cloud applications offerings are designed to deliver a secure data isolation architecture and flexible upgrades; self-service access controls for users; a Service-Oriented Architecture; built-in social, mobile and business insight capabilities (analytics); and a high performance, high availability infrastructure based on OCI. These cloud applications capabilities are designed to simplify customer IT environments, reduce time to implement and upgrade, enable agility, reduce risk and provide a user-friendly experience. Our cloud applications offerings incorporate advanced technologies such as AI, machine learning, blockchain, digital assistants and advances in the “human interface” and how users interact with OCA offerings within a business context or to augment human capabilities to enhance productivity.",substantive,focal_firm,current,customer_facing_product,NA,Oracle cloud AI automation and analytics suite; application boundaries unresolved,NA,no,3,4,yes,no,no,no,high,no,Current Oracle cloud applications incorporate AI automation and analytics; product provision with task/product boundaries unresolved.
ORCL_claim_5e61d28780df2dad26fa,ORCL_10K_2026-06-22:L221:70ce35611ba5956a,ORCL,ORCL_10K_2026-06-22.txt,221,"OCI offerings are designed to deliver our infrastructure technologies, including compute, storage, networking, and cloud-native services, along with new and innovative solutions such as AI Infrastructure, generative AI and agentic AI. OCI offerings include our Oracle Autonomous AI Database offerings, among others, that Oracle runs, manages, upgrades and supports on behalf of the customer. We also offer a portfolio of specialized databases to address specific customer requirements, including MySQL, the world’s most popular open source database, as a cloud service with Oracle MySQL HeatWave. By utilizing OCI, customers can leverage the Oracle Cloud for enterprise-grade, high-performance, scalable, cost-effective and secure infrastructure technologies that are designed to be rapidly deployable and provide real-time elasticity while reducing the amount of time and resources normally consumed by IT processes within on-premise environments. OCI is designed to be differentiated from other cloud vendors to provide better security by separating cloud control code computers from customer compute nodes. Customers use OCI to build and operate new applications ranging from low-code to AI-powered cloud-native applications, to run new workloads and to move their existing Oracle or non-Oracle workloads to the Oracle Cloud from their on-premise data centers or other cloud-based IT environments, among other uses. We continue to invest in OCI to improve features and performance; to expand the catalog of cloud-based infrastructure tools and services that we provide; to increase the capacity and geographic footprint to deliver these services; to simplify the processes for migrating workloads to the Oracle Cloud; and to provide customers with the ability to run workloads across different IT environments, the Oracle Cloud as well as other third-party clouds in both multicloud and hybrid deployment models.",substantive,focal_firm,current,infrastructure_or_platform,ORCL_uc_oci_ai_compute,OCI AI training and inference compute,NA,no,3,4,yes,no,no,no,high,no,OCI currently supplies AI training/inference infrastructure and hosted database offerings; same compute application as detailed compute disclosure.
ORCL_claim_1521c4666a6fc5a8129f,ORCL_10K_2026-06-22:L223:1248ac39453718dd,ORCL,ORCL_10K_2026-06-22.txt,223,"Oracle customers and partners utilize OCI offerings for platform-related services that are based upon the Oracle AI Database, Java and Oracle Middleware, including open source and other tools for a variety of use cases across data management (including the use of Oracle Autonomous AI Database and Oracle MySQL HeatWave), applications development, integration, content management, analytics, IT management and governance, security and rapidly emerging technologies such as AI and machine learning. OCI AI services are designed to be embedded into customer applications for a variety of predictive use cases, including, among others, the servicing of machine parts that are at risk of failing, using generative AI for fault detection on an assembly line, improving customer experiences in the purchasing of consumer products, managing the supply chain to keep retailer store shelves refreshed, credit fraud detection and financial modeling to stay within a business’ forecasts.",substantive,focal_firm,current,customer_facing_product,ORCL_uc_oci_ai_prediction,OCI embedded predictive AI services,NA,no,3,4,yes,no,no,no,medium,yes,"OCI currently offers AI predictive application services; examples describe vendor-supported applications, not confirmed customer production use. Suite-level application avoids inferred deployments for every example."
ORCL_claim_ea194d02e4f3edc8efe1,ORCL_10K_2026-06-22:L225:c491b2cbe4bdb81d,ORCL,ORCL_10K_2026-06-22.txt,225,"OCI compute services range from virtual machines and graphics processing unit (GPU)-based offerings to bare metal servers, with options for high I/O workloads and high-performance computing to run traditional compute-intensive workloads and AI model training and inference. OCI storage offerings include block, file, object and archive storage services. In addition, our OCI offerings include networking, connectivity and edge services that help connect",substantive,focal_firm,current,infrastructure_or_platform,ORCL_uc_oci_ai_compute,OCI AI training and inference compute,NA,no,3,4,yes,no,no,no,high,no,Current OCI GPU/bare-metal compute provision for AI training/inference.
ORCL_claim_4343980d46399d0d567c,ORCL_10K_2026-06-22:L246:f8984b4f9d8fe13d,ORCL,ORCL_10K_2026-06-22.txt,246,"Oracle Autonomous AI Database is designed to deliver performance and scale for enterprise AI, analytics, and transaction processing workloads with automated database operations and policy- and AI- and machine learning-driven optimization by combining certain Oracle infrastructure technologies, including the Oracle AI Database, OCI, Oracle Exadata and native AI and machine learning capabilities, among others. Oracle Autonomous AI Database is designed to be self-driving, automating routine database administration tasks, including maintenance, tuning, patching, scaling, security and backup. Oracle Autonomous AI Database is engineered to lower labor costs and reduce human error while using machine learning-driven diagnostics for fault prediction and error handling and is also engineered to provide automatic threat detection and remediation.",substantive,focal_firm,current,customer_facing_product,ORCL_uc_autonomous_database,Autonomous AI Database operational optimization and diagnostics,NA,no,3,4,yes,no,no,no,high,no,"Currently offered Autonomous AI Database uses ML for routine database optimization, diagnostics and threat remediation; availability corroborated by next parent."
ORCL_claim_f0ca6f79298306c3ad66,ORCL_10K_2026-06-22:L248:1c9f0c3ea47a3ec7,ORCL,ORCL_10K_2026-06-22.txt,248,"Oracle Autonomous AI Database is designed to enable on-demand, automatic scaling of database resources combined with consumption-based pricing in order to help organizations lower costs by paying only for resources used. Oracle Autonomous AI Database includes Oracle APEX low-code application development service with AI Assistant, along with open interfaces and integrations, and is designed to provide developers with a modern, open platform to develop new and innovative cloud-native applications. Oracle Autonomous AI Database is available on OCI for serverless or dedicated deployments, as a hybrid deployment with Oracle Exadata Cloud@Customer and OCI Dedicated Region. In addition, Oracle Autonomous AI Database is available in multicloud deployments on other hyperscale cloud IT environments.",substantive,focal_firm,current,customer_facing_product,ORCL_uc_autonomous_database,Autonomous AI Database operational optimization and diagnostics,NA,no,4,4,yes,no,no,no,high,no,Explicit current availability of Autonomous AI Database; same database application.
ORCL_claim_0c8fe128ec1d4dff51cb,ORCL_10K_2026-06-22:L248:1c9f0c3ea47a3ec7,ORCL,ORCL_10K_2026-06-22.txt,248,"Oracle Autonomous AI Database includes Oracle APEX low-code application development service with AI Assistant, along with open interfaces and integrations, and is designed to provide developers with a modern, open platform to develop new and innovative cloud-native applications.",substantive,focal_firm,current,customer_facing_product,ORCL_uc_apex_assistant,APEX AI-assisted application development,NA,no,3,4,yes,no,no,no,high,no,Currently included APEX AI Assistant in low-code development service; identified product task.
ORCL_claim_d28950f69b9d4027947a,ORCL_10K_2026-06-22:L250:95bb18928e29c1a9,ORCL,ORCL_10K_2026-06-22.txt,250,"For analytics workloads, Oracle Autonomous AI Database is designed to provide customers with easy-to-use analytics tools, machine learning and AI-driven capabilities that are accelerated using Oracle Exadata’s scale-out infrastructure and work with Oracle Analytics Cloud and third-party analytics tools. We believe Oracle Autonomous AI Database’s built-in developer capabilities and automation can enable organizations to quickly deploy new data marts and data warehouses; move existing ones to the cloud; and create data lakes. All of these capabilities are designed to enable organizations to gain new insights into customer behavior, more accurately anticipate future",substantive,focal_firm,current,customer_facing_product,ORCL_uc_database_analytics,Autonomous AI Database analytics,NA,no,3,4,yes,no,no,no,high,no,Currently offered database ML/AI analytics capabilities; one analytics task group distinct from administration.
ORCL_claim_7b112be1c7c271711599,ORCL_10K_2026-06-22:L257:120d67039266e428,ORCL,ORCL_10K_2026-06-22.txt,257,"We offer advanced AI functionality, such as AI Vector Search, Select AI and Private AI Agent Factory, in our recent releases of Oracle AI Database, which enables customers to leverage their data for advanced generative AI functionality without needing to duplicate and maintain such data securely in other databases or external systems, while also providing customers with an option to utilize generative AI large language models (LLMs) of their choice.",substantive,focal_firm,current,customer_facing_product,ORCL_uc_database_genai,Oracle AI Database enterprise-data GenAI search and agents,NA,no,3,4,yes,no,no,no,high,no,"Recent database releases explicitly offer AI vector search, Select AI and agent factory; one enterprise-data GenAI product function group."
ORCL_claim_b3a6b7e0e39d020e9b18,ORCL_10K_2026-06-22:L548:0bdd990074685899,ORCL,ORCL_10K_2026-06-22.txt,548,"Our AI products may not operate as anticipated, which could adversely affect our reputation, revenues and profitability. Machine learning and AI, including generative AI, agentic AI and LLMs, are increasingly driving innovations in technology, and AI technology and services are highly competitive and rapidly evolving. We are building AI into many of our product offerings and we are also making AI available for our customers to use in solutions that they build. We have made significant investments in AI initiatives, including investments in infrastructure and headcount, and we expect to continue to invest significant resources to build and support our AI products in support of our growth strategy. In addition, we rely on partners and suppliers to produce some of our AI products. If we are unable to introduce new AI products, or if our AI products fail to operate as anticipated or as well as competing products or otherwise do not meet customer needs, if our competitors’ AI products achieve higher market acceptance than ours, or if we incur costs higher than expected to build and support our AI products, we may fail to recoup our investments in AI and our business and reputation may be harmed. Further, if we do not",substantive,focal_firm,current,unclear_or_other,NA,NA,revenue_growth,no,2,1,NA,no,yes,no,high,no,"AI growth strategy and resource investment with product performance, partner and monetization uncertainty; no distinct deployment identified."
ORCL_claim_27af5da3a9832f1bfb75,ORCL_10K_2026-06-22:L597:06fc67af7814d39a,ORCL,ORCL_10K_2026-06-22.txt,597,"Our periodic workforce restructurings and reorganizations can be disruptive. We have an existing restructuring plan in place under which we have made, and will continue to make, adjustments to our workforce in response to management changes, product changes, performance issues, changes in strategies, acquisitions and other internal and external considerations. We may initiate new restructuring plans in the future. In addition, the adoption and deployment of AI technologies across our operations have resulted, and may continue to result, in reductions to our workforce.",substantive,focal_firm,current,internal_operations,NA,Internal AI operational integration; functions unspecified,NA,no,2,4,yes,no,yes,no,medium,yes,"AI adoption/deployment across operations has already reduced workforce; current implementation asserted but tasks unspecified, no numerical outcome."
ORCL_claim_5aaefdbe399f2e05ce22,ORCL_10K_2026-06-22:L929:3d0ab93e2d61f40b,ORCL,ORCL_10K_2026-06-22.txt,929,"Oracle provides products and services that build, run and support enterprise information technology (IT) frameworks. Our products and services include enterprise applications and infrastructure offerings that incorporate and are enhanced by artificial intelligence (AI) technologies, including embedded AI-driven automation and analytics and generative AI capabilities. These offerings are delivered worldwide through a variety of flexible and interoperable IT deployment models. These models include cloud-based, on-premise and hybrid deployments. We provide choice and flexibility to our customers as to when and how they deploy Oracle applications and infrastructure technologies. Through our worldwide sales force and Oracle Partner Network, we sell to customers all over the world, including businesses of various sizes and industries, government agencies, educational institutions and resellers.",substantive,focal_firm,current,customer_facing_product,NA,Oracle cloud AI automation and analytics suite; application boundaries unresolved,NA,no,3,4,yes,no,no,no,high,no,Current Oracle cloud applications incorporate AI automation and analytics; product provision with task/product boundaries unresolved.
ORCL_claim_5b8d07397f4fe367be03,ORCL_10K_2026-06-22:L2267:2f6937c7afee0baf,ORCL,ORCL_10K_2026-06-22.txt,2267,"7.
RESTRUCTURING AND OTHER EXPENSES
Restructuring and other expenses line item on our consolidated statement of operations consist of restructuring expenses for employee severance costs, contract termination costs and certain other exit costs to improve our cost structure prospectively. The restructuring expenses resulted from the execution of management-approved restructuring plans that were developed for certain strategic initiatives and/or to improve operational efficiencies, as further described below; and other operating expenses, net.
Year Ended May 31,
(in millions) 2026 2025 2024
─────────────────────────────────────────────────────────────────────────────────────────────────
Restructuring $ 1,779 $299 $404
Other, net 59 75 314
Total restructuring and other expenses $ 1,838 $374 $718
Fiscal 2026 Oracle Restructuring Plan
During fiscal 2026, our management approved, committed to, initiated and further supplemented plans to restructure to implement certain strategic measures and further improve operational efficiencies, including through the adoption and integration of AI technologies across certain functions and other operational activities (2026 Restructuring Plan). The total estimated restructuring costs associated with the 2026 Restructuring Plan are up to $2.1 billion and will be recorded to the restructuring and other expense line item within our consolidated statements of operations through the end of the plan. We recorded $1.8 billion of restructuring expenses in connection with the 2026 Restructuring Plan in fiscal 2026. Any changes to the estimates of executing the 2026 Restructuring Plan will be reflected in our future results of operations.
Fiscal 2024 Oracle Restructuring Plan
During fiscal 2024, our management approved, committed to and initiated plans to restructure and further improve efficiencies in our operations due to our acquisitions and certain other operational activities (2024 Restructuring Plan). In fiscal 2025, our management supplemented the 2024 Restructuring Plan to reflect additional actions that we expected to take. Restructuring costs associated with the 2024 Restructuring Plan were recorded to the restructuring and other expense line item within our consolidated statements of operations. We recorded $314 million and $432 million of restructuring expenses in connection with the 2024 Restructuring Plan in fiscal 2025 and 2024, respectively. Actions pursuant to the 2024 Restructuring Plan were substantially complete as of May 31, 2025.",substantive,focal_firm,current,internal_operations,NA,Internal AI operational integration; functions unspecified,NA,no,2,4,yes,no,no,no,medium,yes,"Initiated restructuring includes AI operational integration; broad current implementation corroborated in parent 399, but function identities unresolved. Costs are restructuring expenses rather than application outcomes."
NOW_claim_a7382be8c5f54755160a,NOW_10K_2026-01-29:L135:df646202835ece28,NOW,NOW_10K_2026-01-29.txt,135,"ServiceNow delivers solutions that help public and private organizations govern, secure and manage artificial intelligence and digitalize and streamline workflows to drive collaboration, productivity and better experiences across the enterprise. We offer an innovative suite of products, including AI-powered applications, and services designed to automate workflows, integrate systems and empower employees, regardless of existing systems, cloud environments or collaboration tools. At the core of these solutions is the ServiceNow AI Platform, a robust, cloud-based platform that facilitates comprehensive delivery of seamless workflows and drives digital transformation across all departments and personas within an organization.",substantive,focal_firm,current,customer_facing_product,NA,AI enterprise workflow application suite; task boundaries unresolved,NA,no,2,4,yes,no,no,no,high,no,Current AI-powered workflow application suite is offered; individual tasks/product identities unresolved in this overview.
NOW_claim_78849f61288aaedbfd79,NOW_10K_2026-01-29:L139:12cbf0294b6a0951,NOW,NOW_10K_2026-01-29.txt,139,"We operate in a dynamic and rapidly evolving technology landscape characterized by the accelerating adoption of artificial intelligence and machine learning capabilities across enterprise software. While this period of technological transformation presents both opportunities and uncertainties reminiscent of prior inflection points - such as the shift from on-premises to cloud computing in the early 2010s and the advent of mobile computing before that - we believe our established market position, deep customer relationships, and platform capabilities position us favorably to capitalize on these emerging needs. We have invested in understanding evolving customer requirements through ongoing dialogue with our customer base, which spans diverse industries and use cases, and we have developed our platform to address the practical challenges enterprises encounter when",substantive,focal_firm,current,unclear_or_other,NA,NA,competitive_positioning,no,2,1,NA,no,no,no,high,no,"AI market positioning and customer-informed platform development; continuation provides governance context, not a specific deployed task."
NOW_claim_97bd91f1ffe38a5a46c8,NOW_10K_2026-01-29:L150:90de60f3e5e8f715,NOW,NOW_10K_2026-01-29.txt,150,"Several factors contribute to our competitive positioning in this environment. Our two decades partnering with enterprise customers provide us with a deep understanding of how work actually flows across organizations - across departments, systems and organizational silos. We have developed expertise in the operational processes specific to different industries, functional areas and user roles, knowledge that cannot be readily replicated and that proves essential when designing solutions that must integrate with existing workflows rather than replace them. This institutional knowledge enables us to build cross-functional workflows that reflect the practical realities of how enterprises operate, rather than idealized process models. Building on this foundation, our platform’s architecture, developed over years of iteration with customer feedback, allows organizations to deploy AI-enhanced workflows without replacing their existing technology infrastructure or disrupting established processes. We bridge the gap between AI's analytical capabilities and the execution layer where business processes operate, providing the connective tissue that turns insights into outcomes. Equally important, our experience operating a software-as-a-service platform at scale gives us operational expertise in maintaining reliability, security, and performance standards that enterprise customers require, particularly as they entrust increasingly critical functions to AI-enabled systems.",substantive,focal_firm,current,unclear_or_other,NA,NA,competitive_positioning,no,2,1,NA,no,no,no,high,no,AI workflow integration differentiation supports explicit strategic positioning; concrete application not identified.
NOW_claim_58f3069676828148f1aa,NOW_10K_2026-01-29:L152:04ac89b6e7b6aaeb,NOW,NOW_10K_2026-01-29.txt,152,"While competitors are actively developing AI capabilities and several entrants have emerged with point solutions focused on data analysis and information generation, we believe many face challenges in delivering the comprehensive integration, workflow orchestration, governance frameworks, and enterprise-grade reliability that our customers require to operationalize AI insights. The AI era has not eliminated - and has arguably intensified - the fundamental need for platforms that can unify disparate systems, maintain data integrity, ensure regulatory compliance, enforce business logic, and provide consistent execution across complex organizational processes.",substantive,focal_firm,current,unclear_or_other,NA,NA,competitive_positioning,no,2,1,NA,no,no,no,high,no,AI competitor comparison and workflow infrastructure positioning; no specific focal deployment.
NOW_claim_27d0c4b5cf54cb3212d8,NOW_10K_2026-01-29:L154:eb26f91fc7c8c7e9,NOW,NOW_10K_2026-01-29.txt,154,"We recognize that technological transitions create both opportunity and risk. Competitive dynamics may shift as new approaches emerge and customer preferences evolve. However, we believe our established customer relationships, platform investments, and operational experience in workflow orchestration and systems integration provide meaningful advantages as enterprises navigate this transformation. Our strategy focuses on continuing to understand and meet customer needs as they adopt AI technologies, applying our ability to deliver integrated solutions that address the practical complexities of converting AI-generated insights into controlled, governed business outcomes.",substantive,focal_firm,current,unclear_or_other,NA,NA,customer_experience|responsible_ai,no,2,1,NA,no,no,no,high,no,Explicit corporate strategy of controlled/governed AI business outcomes.
NOW_claim_ebe616a79ca62af95013,NOW_10K_2026-01-29:L163:a8130f7b8dc7ce4c,NOW,NOW_10K_2026-01-29.txt,163,"AI. Our Platform’s integrated AI offering, Now Assist, empowers organizations to boost productivity by providing a range of AI tools. These tools operate autonomously with human oversight and adhere to predefined guardrails. Organizations can select the tools that best align with their unique AI transformation needs. To illustrate, organizations can choose to leverage ServiceNow’s language models or integrate third-party or proprietary models. Depending on the selected model, they can process different types of data, such as text, images, audio and video. They can also trust that the selected models are tested to confirm they will perform as intended on our Platform, as all integrated models are regularly evaluated on Platform-representative data. Additionally, organizations can choose to rapidly deploy thousands of out-of-the-box ServiceNow AI agents, integrate AI agents built into third-party applications, or create custom AI agents on our Platform using natural language. These options allow for flexible AI agent workflow orchestration in a wide range of use cases, making AI agents accessible to users with varying technical expertise.",substantive,focal_firm,current,customer_facing_product,NOW_uc_agent_orchestration,Now Assist AI agent creation and orchestration,NA,no,3,4,yes,no,no,no,high,no,Now Assist currently offers natural-language agent creation and workflow orchestration; provider availability does not prove every customer uses agents.
NOW_claim_7c97facf172ba6e063d7,NOW_10K_2026-01-29:L165:a5ad6e0e70e5e6b6,NOW,NOW_10K_2026-01-29.txt,165,"Data. Our Platform’s single data fabric and integrated data layer, enabled by our Workflow Data Fabric and RaptorDB products, supports organizations’ operationalization of their AI strategy with speed, scale and security. Our data fabric’s architecture also provides our Platform flexibility to create intuitive, efficient and seamless workflows aligned with business needs. For example, our Platform’s data fabric can connect to external data sources in real-time without moving or copying data from its source and map those connections to its single data model, which creates a seamless user experience. AI-enabled tools for the data layer can also help deliver precise, context-aware insights by linking people, processes and systems. By connecting a wide variety of data and systems, our Platform enables a single process flow across people and functions. These capabilities allow the front, middle and back offices to coordinate and address end user requests quickly and effectively.",substantive,focal_firm,current,customer_facing_product,NOW_uc_data_layer_insights,Workflow Data Fabric AI contextual insights,NA,no,3,4,yes,no,no,no,medium,yes,"Currently described AI-enabled data-layer contextual insights; conditional capability is product provision, with tool boundary coarse."
NOW_claim_a609ed42aab26f01bca6,NOW_10K_2026-01-29:L167:e4b073dab1214178,NOW,NOW_10K_2026-01-29.txt,167,"Workflows. Through its orchestration capabilities, our Platform manages complex, cross-functional workflows end-to-end. For example, an organization’s entire employee onboarding workflow, which spans across both internal and external functions, can be managed by our Platform. AI agents can autonomously trigger information technology (“IT”) provisioning, payroll setup, compliance checks and facilities access - coordinating tasks, monitoring progress and resolving exceptions without human intervention, if desired. Because our AI agents can access required information and understand the context of requests in a single environment, employees can complete their onboarding without contacting multiple departments.",substantive,focal_firm,current,customer_facing_product,NOW_uc_onboarding_agents,AI employee onboarding workflow coordination,NA,no,3,4,yes,no,no,no,high,no,"Currently offered agents coordinate onboarding IT/payroll/compliance workflows; an example of vendor product capability, not a verified customer rollout."
NOW_claim_4115b583b079c6ec3720,NOW_10K_2026-01-29:L167:e4b073dab1214178,NOW,NOW_10K_2026-01-29.txt,167,"Additionally, with our acquisition of Moveworks, Inc. we have strengthened our enterprise workflow automation on our Platform by integrating advanced enterprise search and front-end virtual agent technology. The advanced machine learning, conversational interface, natural language comprehension and broad integration capabilities of this technology help organizations and their employees handle service requests automatically, retrieve information quickly using AI, and complete tasks across diverse business applications, enhancing overall workflow experience.",substantive,focal_firm,current,customer_facing_product,NOW_uc_moveworks_assistant,Moveworks conversational service and enterprise search assistance,NA,no,3,4,yes,no,no,no,high,no,Moveworks technology explicitly integrated in current platform automates service requests and search.
NOW_claim_1090e52db259b4ff44a2,NOW_10K_2026-01-29:L180:543ebd4f4ff81a77,NOW,NOW_10K_2026-01-29.txt,180,"  Technology                                                                                                                                                                                                                                   Core Business
  Our Technology products help companies unite technology, risk management and security operations on a single platform to deliver modern and resilient digital services aligned to an organization’s priorities.                              Our Core Business products support processes across HR, legal, finance, supply chain and facilities, helping organizations improve productivity, increase employee satisfaction and fuel business growth.
  CRM and Industry                                                                                                                                                                                                                             Creator and Other
  Our CRM and Industry products help organizations integrate front-end customer service functions with operations, field service resources, sales processes and order management, and provide workflows tailored for specific industries.      Our Creator and Other products help organizations rapidly develop and manage cross-enterprise workflows using AI-powered, low-code development tools, as well as manage data privacy and security.",substantive,focal_firm,current,customer_facing_product,NOW_uc_creator_ai,Now Assist Creator AI application and code development,NA,no,3,4,yes,no,no,no,high,no,Current AI-powered low-code development offering; same Creator application described later.
NOW_claim_fc397c05aae144675a5a,NOW_10K_2026-01-29:L188:6eeb902cc482360c,NOW,NOW_10K_2026-01-29.txt,188,"Our Technology products help IT departments serve customers, manage IT infrastructure, identify and remediate security vulnerabilities and threats, increase visibility across IT resources and asset lifecycles, optimize IT costs and reduce time spent on administrative tasks. These products also drive enterprise-wide outcomes, as well as support our CRM and Industry and Core Business products. For example, a global energy company implemented a suite of our Technology products, including IT Operations Management (“ITOM”), IT Service Management (“ITSM”), and Risk Management (“RM”), along with Now Assist, to consolidate multiple employee portals into a single AI-powered portal serving over 50,000 employees in more than 10 languages. The solution saved the customer thousands of working hours, resulting in a substantial and immediate reduction in service desk requests.",substantive,focal_firm,current,customer_facing_product,NOW_uc_itsm_assist,Now Assist IT service incident assistance,NA,no,4,4,yes,no,no,no,medium,yes,"Customer energy-company portal example corroborates vendor Now Assist service application deployment; actor is vendor for provision, not internal adoption."
NOW_claim_1513e1513411005039f0,NOW_10K_2026-01-29:L194:433754923e806dec,NOW,NOW_10K_2026-01-29.txt,194,"Now Assist and AI agents for Asset Management help summarize software compliance requirements and recommend actions to avoid potential costs based on software utilization information. For physical business assets, these tools can identify and locate items to fulfill requests, automate approval decisions where desired and execute asset transfers or orders.",substantive,focal_firm,current,customer_facing_product,NOW_uc_asset_management,AI asset-management compliance and fulfillment,NA,no,3,4,yes,no,no,no,high,no,"Currently described named product/module offers the specified AI task. Capability wording describes available vendor product, not independently verified internal customer adoption; repeated module claims share one application ID."
NOW_claim_2c08b49693727b74b34d,NOW_10K_2026-01-29:L205:e9ddd07da2b50126,NOW,NOW_10K_2026-01-29.txt,205,"Now Assist and AI agents for ITOM simplify complex technical language into easy-to-understand descriptions and provide quick resolution recommendations to IT operations issues. When integrated with our other products such as IT Service Management, ITOM AI agents can help support an organization’s goals to achieve autonomous IT management to help reduce the risk of outages, improve productivity and enhance service reliability.",substantive,focal_firm,current,customer_facing_product,NOW_uc_itom_assist,Now Assist IT operations diagnostic assistance,NA,no,3,4,yes,no,no,no,high,no,"Currently described named product/module offers the specified AI task. Capability wording describes available vendor product, not independently verified internal customer adoption; repeated module claims share one application ID."
NOW_claim_2ffb8612f82e369d0070,NOW_10K_2026-01-29:L211:3a17f695287d25c7,NOW,NOW_10K_2026-01-29.txt,211,"Now Assist and AI agents for ITSM can help automate incident triage, generate summaries and provide intelligent resolution recommendations. These tools reduce routine work for IT staff, allowing them to focus on higher-value activities.",substantive,focal_firm,current,customer_facing_product,NOW_uc_itsm_assist,Now Assist IT service incident assistance,NA,no,3,4,yes,no,no,no,high,no,"Currently described named product/module offers the specified AI task. Capability wording describes available vendor product, not independently verified internal customer adoption; repeated module claims share one application ID."
NOW_claim_adaafbb5f61ac935b271,NOW_10K_2026-01-29:L226:9e7d20450d15a869,NOW,NOW_10K_2026-01-29.txt,226,"Now Assist and AI agents for RM can be configured by a customer to summarize issue and risk assessments, rationalize control objectives, identify control gaps and map regulations to an organization’s controls. These tools can also analyze historical data to identify similar issues, recommend actions and assign owners. They help improve an organization’s ability to respond and address potential threats before they escalate, making risk and compliance operations more efficient and effective.",substantive,focal_firm,current,customer_facing_product,NOW_uc_risk_management,Now Assist risk-assessment and control assistance,NA,no,3,4,yes,no,no,no,high,no,"Currently described named product/module offers the specified AI task. Capability wording describes available vendor product, not independently verified internal customer adoption; repeated module claims share one application ID."
NOW_claim_469415985c6a28aa7f04,NOW_10K_2026-01-29:L232:8857419e9e39d08a,NOW,NOW_10K_2026-01-29.txt,232,"Now Assist and AI agents for Security Operations allows security analysts to use natural language to interact with AI agents. These tools provide context-aware insights and targeted recommendations to support security incident resolution, vulnerability assessments, and security operations metric analysis. They help improve productivity, accelerate issue resolution and offer security leaders enhanced visibility into their organization’s security posture and performance.",substantive,focal_firm,current,customer_facing_product,NOW_uc_security_operations,Now Assist security incident and vulnerability assistance,NA,no,3,4,yes,no,no,no,high,no,"Currently described named product/module offers the specified AI task. Capability wording describes available vendor product, not independently verified internal customer adoption; repeated module claims share one application ID."
NOW_claim_ea49a19f27348e9855a8,NOW_10K_2026-01-29:L238:2be5e201715be156,NOW,NOW_10K_2026-01-29.txt,238,"Now Assist and AI agents for SPM help replace cumbersome intake forms with a conversational interface that intelligently summarizes business demands, documents and feedback from stakeholders and turn them into actionable insights. These tools allow organizations to uncover and prioritize tasks that can accelerate strategy and realization of value on their investments.",substantive,focal_firm,current,customer_facing_product,NOW_uc_portfolio_management,Now Assist strategic portfolio intake analysis,NA,no,3,4,yes,no,no,no,high,no,"Currently described named product/module offers the specified AI task. Capability wording describes available vendor product, not independently verified internal customer adoption; repeated module claims share one application ID."
NOW_claim_2b8f612e836899f97025,NOW_10K_2026-01-29:L251:60396c9b497f67c2,NOW,NOW_10K_2026-01-29.txt,251,"Now Assist and AI agents for CSM provide additional efficiency by summarizing cases, chats and calls, suggesting resolution steps, drafting customer communications and generating case closure notes. These tools help shorten time to resolution, reduce case and call volumes and personalize service delivery.",substantive,focal_firm,current,customer_facing_product,NOW_uc_customer_service,Now Assist customer service case assistance,NA,no,3,4,yes,no,no,no,high,no,"Currently described named product/module offers the specified AI task. Capability wording describes available vendor product, not independently verified internal customer adoption; repeated module claims share one application ID."
NOW_claim_e27568ebdea804ccd0b0,NOW_10K_2026-01-29:L260:012ac0c77d29eb04,NOW,NOW_10K_2026-01-29.txt,260,"Now Assist and AI agents for FSM supports intuitive mobile workflows, automated note generation, multilingual knowledge creation and intelligent task generation, extending FSM capabilities. These tools help field teams complete jobs more efficiently, document work more accurately and improve overall service delivery.",substantive,focal_firm,current,customer_facing_product,NOW_uc_field_service,Now Assist field-service documentation and tasks,NA,no,3,4,yes,no,no,no,high,no,"Currently described named product/module offers the specified AI task. Capability wording describes available vendor product, not independently verified internal customer adoption; repeated module claims share one application ID."
NOW_claim_4ac7785fda59f3d635c1,NOW_10K_2026-01-29:L266:81ae171c54537c67,NOW,NOW_10K_2026-01-29.txt,266,"Now Assist and AI agents for SOM help automate lead qualification, provide guidance on complex quote configuration and support issue diagnosis and resolution. These tools streamline routine tasks, increase sales and order fulfillment productivity and reduce time required to complete sales processes.",substantive,focal_firm,current,customer_facing_product,NOW_uc_sales_orders,Now Assist sales and order process assistance,NA,no,3,4,yes,no,no,no,high,no,"Currently described named product/module offers the specified AI task. Capability wording describes available vendor product, not independently verified internal customer adoption; repeated module claims share one application ID."
NOW_claim_acfd053e612e026511d6,NOW_10K_2026-01-29:L294:775a9f7a78f072b7,NOW,NOW_10K_2026-01-29.txt,294,"Now Assist and AI agents for HRSD provide HR service representatives AI-generated case summaries and virtual agent support to resolve issues more efficiently. These tools provide employees conversational AI interactions online or over the phone, personalized answers to questions, and proactive reminders or prompts that help employees complete HR tasks.",substantive,focal_firm,current,customer_facing_product,NOW_uc_hr_service,Now Assist HR case and conversational assistance,NA,no,3,4,yes,no,no,no,high,no,"Currently described named product/module offers the specified AI task. Capability wording describes available vendor product, not independently verified internal customer adoption; repeated module claims share one application ID."
NOW_claim_af72a56ac454931051ff,NOW_10K_2026-01-29:L305:ff7ede2c7d860359,NOW,NOW_10K_2026-01-29.txt,305,"Now Assist and AI agents for LCO can detect non-standard contract language, recommend pre-approved clauses from a library of acceptable terms, glean contract termination and renewal data to support timely management of contract deadlines, and generate summaries of requests and matters. These tools are intended to improve accuracy, reduce risk and simplify tracking of legal work.",substantive,focal_firm,current,customer_facing_product,NOW_uc_legal_contracts,Now Assist legal contract review and administration,NA,no,3,4,yes,no,no,no,high,no,"Currently described named product/module offers the specified AI task. Capability wording describes available vendor product, not independently verified internal customer adoption; repeated module claims share one application ID."
NOW_claim_b4c927de66ed4dce3ec1,NOW_10K_2026-01-29:L311:e98e943c556a88a1,NOW,NOW_10K_2026-01-29.txt,311,"Now Assist and AI agents for SPO allow employees to initiate sourcing and procurement requests through conversational AI interactions, and AI agents can pre-fill request details and confirm whether requests comply with organizational spending policies and other protocols.",substantive,focal_firm,current,customer_facing_product,NOW_uc_procurement,Now Assist sourcing and procurement assistance,NA,no,3,4,yes,no,no,no,high,no,"Currently described named product/module offers the specified AI task. Capability wording describes available vendor product, not independently verified internal customer adoption; repeated module claims share one application ID."
NOW_claim_4c9df1a10c88d9988aba,NOW_10K_2026-01-29:L317:b3944eae9ae78f96,NOW,NOW_10K_2026-01-29.txt,317,"Now Assist and AI agents for WSD provides employees with a conversational AI interface to help them handle everyday tasks such as booking reservations, requesting workplace services or managing guest access, without having to navigate multiple systems.",substantive,focal_firm,current,customer_facing_product,NOW_uc_workplace_service,Now Assist workplace booking and service assistance,NA,no,3,4,yes,no,no,no,high,no,"Currently described named product/module offers the specified AI task. Capability wording describes available vendor product, not independently verified internal customer adoption; repeated module claims share one application ID."
NOW_claim_ca3fc965c2d05fcd6102,NOW_10K_2026-01-29:L326:d83b783dffd24656,NOW,NOW_10K_2026-01-29.txt,326,"App Engine enables organizations to create enterprise-class workflows using low-code and no-code development tools, supported by AI. App Engine does not require formal coding experience and is designed for scale, security and rapid deployment. Applications developed using App Engine include those that help:",substantive,focal_firm,current,customer_facing_product,NOW_uc_creator_ai,Now Assist Creator AI application and code development,NA,no,3,4,yes,no,no,no,high,no,"Currently described named product/module offers the specified AI task. Capability wording describes available vendor product, not independently verified internal customer adoption; repeated module claims share one application ID."
NOW_claim_4efa6af1c38c2a0c6e83,NOW_10K_2026-01-29:L336:7db047f6e1a7bce9,NOW,NOW_10K_2026-01-29.txt,336,"App Engine can also be used with Now Assist and AI agents for Creator to quickly create and scale apps on our Platform. Now Assist for Creator includes various natural language AI capabilities, including text-to-code, text-to-flow, text-to-service catalog and text-to-app. Organizations can select among LLMs to train these tools and align with their requirements, with models vetted for reliability and performance.",substantive,focal_firm,current,customer_facing_product,NOW_uc_creator_ai,Now Assist Creator AI application and code development,NA,no,3,4,yes,no,no,yes,high,no,"Currently described named product/module offers the specified AI task. Capability wording describes available vendor product, not independently verified internal customer adoption; repeated module claims share one application ID."
NOW_claim_292ff24da78b2b46fb43,NOW_10K_2026-01-29:L347:e7be651514baab54,NOW,NOW_10K_2026-01-29.txt,347,"Now Assist and AI agents for Platform Privacy and Security enhance these capabilities by auto-classifying data, providing real-time insights into user activity and risk and recommending or initiating protective actions through automated workflows.",substantive,focal_firm,current,customer_facing_product,NOW_uc_privacy_security,Now Assist data classification and protective workflows,NA,no,3,4,yes,no,no,yes,high,no,"Currently described named product/module offers the specified AI task. Capability wording describes available vendor product, not independently verified internal customer adoption; repeated module claims share one application ID."
NOW_claim_56e3bb0b875b075f4ebc,NOW_10K_2026-01-29:L372:f40896b673df0712,NOW,NOW_10K_2026-01-29.txt,372,"ServiceNow Impact is offered on a subscription basis and provides customers with software tools, guided plans, and AI-driven recommendations to support adoption of our products. The offering includes monitoring of Platform health, reporting on Platform metrics and access to designated experts and technical support.",substantive,focal_firm,current,customer_facing_product,NOW_uc_impact_recommendations,ServiceNow Impact AI product-adoption recommendations,NA,no,3,4,yes,no,no,no,high,no,"Currently described named product/module offers the specified AI task. Capability wording describes available vendor product, not independently verified internal customer adoption; repeated module claims share one application ID."
NOW_claim_fdf4c342c21cb4ddb94b,NOW_10K_2026-01-29:L460:99cedcf3ae8e6aad,NOW,NOW_10K_2026-01-29.txt,460,Our ambition to become the defining AI enterprise software company of the 21st century is the driving force behind our overall business strategy and is guided by our values:,substantive,focal_firm,current,unclear_or_other,NA,NA,competitive_positioning,no,1,1,NA,no,no,no,high,no,Explicit defining-AI-software-company strategic ambition.
NOW_claim_a3627ba8f32278e57da9,NOW_10K_2026-01-29:L478:43004a2654619698,NOW,NOW_10K_2026-01-29.txt,478,"  People Led                                                                                               Data Driven                                                                                                            AI Powered
  We apply a product mindset that puts the user at the center of program, process and service design.      We use data to promote accountability, tell meaningful talent stories and support evidence-based decision-making.      We use AI in talent management to enhance efficiency, while supporting, not replacing, human contributions.
 ───────────────────────────────────────────────────────────────────────────────────────────────────────────────────────────────────────────────────────────────────────────────────────────────────────────────────────────────────────────────────────────────────────────────────────────────────────────────────────────────────────────────",substantive,focal_firm,current,internal_operations,NOW_uc_talent_management,Internal AI talent management,efficiency,no,2,4,yes,no,no,no,medium,yes,"Explicit current use of AI in focal talent management; task domain identifiable, finer workflow unspecified."
NOW_claim_27eac2a4126fffad69a1,NOW_10K_2026-01-29:L486:4336eb5f3b08a1ef,NOW,NOW_10K_2026-01-29.txt,486,"In 2025, we launched ServiceNow University, our AI-powered learning hub that provides professional development tools and resources to strengthen learners’ technical AI skills, industry knowledge and leadership capabilities, among others. It is free and available to organizations and individuals throughout the entire ServiceNow ecosystem - employees, customers and partners. ServiceNow University also supports our upskilling initiative, RiseUp with ServiceNow, which provides training and opportunities for individuals without traditional technology backgrounds to pursue technology careers and helps address talent needs across our ecosystem.",substantive,focal_firm,current,customer_facing_product,NOW_uc_university_learning,ServiceNow University AI-powered professional learning,NA,no,4,4,yes,no,no,no,high,no,2025 launched AI-powered learning hub is currently free and available to employees/customers/partners. One application has mixed internal/product access scope; internal use itself is not asserted.
NOW_claim_442d3742d12e34ea9d92,NOW_10K_2026-01-29:L685:973d06e4ae5a990e,NOW,NOW_10K_2026-01-29.txt,685,"We are increasingly innovating and expanding offerings on our platform by integrating AI technology into our customer-facing products and internal operations. We consider AI to be an important driver of future growth, although, like many innovations, it presents risks and uncertainties that may impact our ability to realize its desired or anticipated benefits for our business.",substantive,focal_firm,current,customer_facing_product|internal_operations,NA,Mixed internal/product AI integration; task boundaries unspecified,NA,no,2,4,yes,no,yes,no,medium,yes,"Actual broad customer-facing/internal AI integration is asserted, but mixed scope and tasks prevent distinct application counting."
NOW_claim_076f855b208e25a9da6e,NOW_10K_2026-01-29:L1197:5d11f478d1c1f91e,NOW,NOW_10K_2026-01-29.txt,1197,"ServiceNow delivers solutions that help public and private organizations govern, secure and manage artificial intelligence and digitalize and streamline workflows to drive collaboration, productivity and better experiences across the enterprise. At the core of these solutions is the ServiceNow AI Platform (“Platform”), a robust, cloud-based Platform that facilitates comprehensive delivery of seamless workflows and drives digital transformation across all departments and personas within an organization. Our Platform’s single data fabric and integrated data layer supports organizations’ operationalization of their AI strategy with speed, scale and security. Our workflow applications built on the Platform are grouped into four areas: Technology, CRM and Industry, Core Business, and Creator and Other. We offer an innovative suite of products, including AI-powered applications, and services designed to automate workflows, integrate systems and empower employees, regardless of existing systems, cloud environments or collaboration tools. Our one platform architecture provides the foundation for organizations to seamlessly integrate AI, data, and workflows and create intelligent processes across their enterprise.",substantive,focal_firm,current,customer_facing_product,NA,AI enterprise workflow application suite; task boundaries unresolved,NA,no,2,4,yes,no,no,no,high,no,Current AI-powered workflow application suite is offered; individual tasks/product identities unresolved in this overview.
NOW_claim_df830b253707f213bea8,NOW_10K_2026-01-29:L1973:577bcd03bd0e7d73,NOW,NOW_10K_2026-01-29.txt,1973,"ServiceNow delivers solutions that help public and private organizations govern, secure and manage artificial intelligence (“AI”) and digitalize and streamline workflows to drive collaboration, productivity and better experiences across the enterprise. At the core of these solutions is the ServiceNow AI Platform (“Platform”), a robust, cloud-based Platform that facilitates comprehensive delivery of seamless workflows and drives digital transformation across all departments and personas within an organization. Our Platform’s single data fabric and integrated data layer supports organizations’ operationalization of their AI strategy with speed, scale and security. Our workflow applications built on the Platform are grouped into four areas: Technology, CRM and Industry, Core Business, and Creator and Other. We offer an innovative suite of products, including AI-powered applications, and services designed to automate workflows, integrate systems and empower employees, regardless of existing systems, cloud environments or collaboration tools. Our one platform architecture provides the foundation for organizations to seamlessly integrate AI, data, and workflows and create intelligent processes across their enterprise.",substantive,focal_firm,current,customer_facing_product,NA,AI enterprise workflow application suite; task boundaries unresolved,NA,no,2,4,yes,no,no,no,high,no,Current AI-powered workflow application suite is offered; individual tasks/product identities unresolved in this overview.
WMT_claim_9682e22e8725b7c2f5c1,WMT_10K_2026-03-13:L214:892bdc2896d30a81,WMT,WMT_10K_2026-03-13.txt,214,"We continue to heavily invest in omnichannel and eCommerce innovation, as well as supply chain capabilities, which enables us to leverage technology, talent and expertise, and expand our assortment and service offerings, including through the integration of advanced technologies such as AI.",substantive,focal_firm,current,unclear_or_other,NA,NA,customer_experience|innovation,no,2,1,NA,no,no,no,high,no,AI integration within broad omnichannel investment/innovation direction.
WMT_claim_57c4230cc1cbd02816c1,WMT_10K_2026-03-13:L216:e537e4354733e4be,WMT,WMT_10K_2026-03-13.txt,216,"Our strategies increasingly include the use of AI-powered tools to support customer and member-facing experiences, associate productivity and operational efficiency across our ecosystem.",substantive,focal_firm,current,customer_facing_product|internal_operations,NA,NA,customer_experience|efficiency|workforce_productivity,no,2,1,NA,no,no,no,high,no,"AI strategy targets customer experiences, associates and operations without identified task."
WMT_claim_71ccf760f8cec09a6abd,WMT_10K_2026-03-13:L294:5d8f27273431651b,WMT,WMT_10K_2026-03-13.txt,294,"We employ many strategies and programs designed to meet competitive pressures within our industry, which increasingly incorporate the use of AI-powered tools.",substantive,focal_firm,current,unclear_or_other,NA,NA,competitive_positioning,no,2,1,NA,no,no,no,high,no,Broad competitive strategy incorporating AI tools; no identified task.
WMT_claim_22de0eed55ec86818c22,WMT_10K_2026-03-13:L338:6f327b75d3bc6810,WMT,WMT_10K_2026-03-13.txt,338,"Workforce Strategy and Enablement. Our workforce strategy focuses on aligning our organizational structure, talent capabilities and technology investments with the evolving needs of the business, including development of a digitally skilled, AI-enabled workforce. This includes preparing associates for new roles, technologies and ways of working, as well as deploying digital tools that support associate effectiveness, engagement and performance. As part of this effort, we are making everyday work simpler and more meaningful by reshaping roles to emphasize uniquely human strengths such as creativity and leadership and identifying areas where AI can automate repetitive tasks.",substantive,focal_firm,current,internal_operations,NA,NA,efficiency|workforce_productivity,no,2,1,NA,no,no,no,high,no,"AI workforce enablement and search for repetitive-task opportunities, without concrete application plan."
WMT_claim_2737eee67eac6ba112fb,WMT_10K_2026-03-13:L342:abcb81bff0afb7ae,WMT,WMT_10K_2026-03-13.txt,342,This includes company‑wide AI learning pathways and certifications designed to meet associates where they are.,substantive,focal_firm,current,unclear_or_other,NA,NA,workforce_productivity,no,2,1,NA,no,no,no,high,no,"Company-wide AI learning pathways concern human skills, not AI-tool deployment."
WMT_claim_dcda35b6595ec9fd10fc,WMT_10K_2026-03-13:L399:c7d23fbb400b962f,WMT,WMT_10K_2026-03-13.txt,399,"Our strategy, which includes investments in eCommerce, technology, AI, talent, supply chain automation and enhancements, advertising, acquisitions, joint ventures, new store and club openings and remodels and other customer initiatives, may not adequately or effectively allow us to continue to grow our omnichannel business offerings, increase comparable sales or maintain or grow our overall market position.",substantive,focal_firm,current,unclear_or_other,NA,NA,competitive_positioning,yes,2,1,NA,no,yes,no,high,no,AI investment strategy and risk to omnichannel performance.
WMT_claim_4dba1d72cecc758ba46b,WMT_10K_2026-03-13:L407:8c064d659d6c7372,WMT,WMT_10K_2026-03-13.txt,407,"In addition, to remain competitive, we must continue to develop, integrate and scale digital tools, including AI-powered search and discovery platforms and capabilities, useful interfaces and other marketing tools such as third-party recommendation engines, paid search and mobile applications.",substantive,focal_firm,planned,customer_facing_product,WMT_uc_ai_search_discovery,AI-powered shopping search and discovery,competitive_positioning|customer_experience,yes,3,2,no,no,no,no,medium,yes,"Identifiable intended continued AI search/discovery development, without production evidence."
WMT_claim_bc741b3e848ec97c4931,WMT_10K_2026-03-13:L481:0fe55dff29186fc1,WMT,WMT_10K_2026-03-13.txt,481,"We continue to invest in AI to enhance our customers' shopping experience and our associate work experience and to improve efficiencies of our supply chain, operations, management functions and talent recruitment and development;",substantive,focal_firm,current,customer_facing_product|internal_operations,NA,NA,customer_experience|efficiency|workforce_productivity,no,2,1,NA,no,no,no,high,no,"Current AI investment targets shopping, associates, supply-chain and management efficiency broadly."
TGT_claim_513f9419b0f66d21c375,TGT_10K_2026-03-11:L354:2b6c743f6d28806a,TGT,TGT_10K_2026-03-11.txt,354,"This initiative is intended to simplify cross-functional ways of working, increase role clarity, leverage technology (including artificial intelligence) and data to enhance decision-making, and reduce costs.",substantive,focal_firm,planned,internal_operations,TGT_uc_transformation_ai_decisions,Transformation AI-assisted business decision-making,efficiency,yes,3,2,no,no,no,no,medium,yes,Intended AI/data decision-making in company-wide transformation; no completed AI use established.
AMZN_claim_6fdf6f1e08d296bbfcea,AMZN_10K_2026-02-06:L343:4ed0cbfc85215b70,AMZN,AMZN_10K_2026-02-06.txt,343,"We are continuing to rapidly and significantly expand our global operations, including increasing our product and service offerings, scaling our infrastructure to support our retail and services businesses (including our technology infrastructure), and adopting and utilizing artificial intelligence and machine learning technologies. The complexity of the current scale of our business can place significant strain on our management, personnel, operations, systems, technical performance, financial resources, and internal financial control and reporting functions, and our expansion increases these factors. Failure to manage growth effectively could damage our reputation, limit our growth, and negatively affect our operating results.",substantive,focal_firm,current,unclear_or_other,NA,Broad AI/ML utilization across operations; tasks and scope unspecified,NA,no,2,4,yes,no,yes,no,medium,yes,"Explicit present adopting and utilizing AI/ML in expanding operations; deployment asserted broadly, scope/tasks unresolved rather than inferred retail-only."
AMZN_claim_3b5dd20038eadab6f37f,AMZN_10K_2026-02-06:L667:a8f01c48912bd8d6,AMZN,AMZN_10K_2026-02-06.txt,667,"We expect spending in technology and infrastructure will increase over time, which can negatively impact short-term free cash flow, as we add infrastructure and employees, including to support our artificial intelligence and machine learning initiatives, to support long-term growth. Our technology and infrastructure investment and capital spending projects often support a variety of product and service offerings due to geographic expansion and the cross-functionality of our systems and operations. We seek to invest efficiently in several areas of technology and infrastructure, including AWS, and expansion of new and existing product categories and service offerings, as well as in infrastructure to enhance the customer experience and improve our process efficiencies. We believe that advances in technology, specifically the speed and reduced cost of processing power, data storage and analytics, improved wireless connectivity, and the practical applications of artificial intelligence and machine learning, will continue to improve users’ experience on the internet and increase its ubiquity in people’s lives. To best take advantage of these continued advances in technology, we are investing in AWS, which offers a broad set of on-demand technology services, including compute, storage, database, analytics, and machine learning, and other services to developers and enterprises of all sizes. We are also investing in initiatives to build and deploy innovative and efficient software and electronic devices as well as other initiatives including the development of a satellite network for global broadband service and autonomous vehicles for ride-hailing services.",substantive,focal_firm,current,infrastructure_or_platform,NA,NA,customer_experience|efficiency,yes,2,1,NA,no,no,no,high,no,"Explicit AI/ML investment direction for customer experience, efficiency and growth, with AWS provider scope preserved; generic services/autonomous-vehicle development do not establish distinct AI deployment here."
HD_claim_b5e9300cf7cc0003c331,HD_10K_2026-03-18:L281:e8139b931cb0452b,HD,HD_10K_2026-03-18.txt,281,"In addition, we are leveraging AI tools to improve our search, recommendations, and chat features, and offering new AI-powered customer-facing tools such as Magic ApronTM, which supports customers and associates with online product and project inquiries, and our AI-powered Blueprint Takeoffs Tool and Material List Builder, which generate project-specific materials lists and quotes.",substantive,focal_firm,current,customer_facing_product,HD_uc_shopping_search,AI shopping search and recommendation features,NA,no,3,4,yes,no,no,no,high,no,Focal firm explicitly currently leverages AI for online search/recommendations/chat.
HD_claim_5f5dae2ddec161d6c0f4,HD_10K_2026-03-18:L281:e8139b931cb0452b,HD,HD_10K_2026-03-18.txt,281,"In addition, we are leveraging AI tools to improve our search, recommendations, and chat features, and offering new AI-powered customer-facing tools such as Magic ApronTM, which supports customers and associates with online product and project inquiries, and our AI-powered Blueprint Takeoffs Tool and Material List Builder, which generate project-specific materials lists and quotes.",substantive,focal_firm,current,customer_facing_product,HD_uc_magic_apron,Magic Apron product and project inquiry assistance,NA,no,3,4,yes,no,no,no,high,no,"Magic Apron explicitly currently offered for product/project inquiries; supports customers and associates, internal associate use itself not separately asserted."
HD_claim_427bbea4b8e4732b84e1,HD_10K_2026-03-18:L281:e8139b931cb0452b,HD,HD_10K_2026-03-18.txt,281,"In addition, we are leveraging AI tools to improve our search, recommendations, and chat features, and offering new AI-powered customer-facing tools such as Magic ApronTM, which supports customers and associates with online product and project inquiries, and our AI-powered Blueprint Takeoffs Tool and Material List Builder, which generate project-specific materials lists and quotes.",substantive,focal_firm,current,customer_facing_product,HD_uc_project_materials,AI project materials-list and quote generation,NA,no,3,4,yes,no,no,no,high,no,Currently offered Blueprint Takeoffs and Material List Builder generate project materials/quotes; one disclosed task suite rather than inferred independent underlying models.
HD_claim_12d4af5fe593c8b44545,HD_10K_2026-03-18:L307:6fa0dbc98a6a0624,HD,HD_10K_2026-03-18.txt,307,"Our 'ship from best location' initiative seeks to optimize delivery speed, reliability, cost, and capacity by leveraging machine learning algorithms to route orders to the optimal fulfillment node.",substantive,focal_firm,current,internal_operations,HD_uc_fulfillment_routing,ML order-to-fulfillment-node routing,NA,no,3,4,yes,no,no,no,high,no,Current ship-from-best-location initiative leverages ML to route orders to fulfillment nodes; speed objectives are not realized numerical benefits.
HD_claim_8db6318ebaa966a260cd,HD_10K_2026-03-18:L461:f29c32744e407149,HD,HD_10K_2026-03-18.txt,461,"Through our technology infrastructure, we are able to provide an improved overall shopping and interconnected experience that empowers our customers to shop and interact with us from a variety of electronic devices and digital platforms at each stage of their shopping journey. We use our digital platforms as sales channels for our products and services, as methods of providing inspiration, and as sources of product, project, and other relevant information to our customers to help drive sales. In addition to supporting our DIY and DIFM customers, we make other resources available that are designed to serve the needs of Pros, including those working on complex projects. We also have multiple online communities, digital platforms, and knowledge centers that allow us to inform, assist and interact with our customers. The retail industry is continually evolving and expanding, with a significant increase in sales initiated online and via mobile applications in recent years. We may not be successful at managing this increased volume and related delivery options without interruption in the future. Additionally, we must effectively respond to new developments and changing customer preferences with respect to a complex, evolving digital and interconnected experience, including adopting AI tools and other technology innovations to better serve our customers. We continually seek to enhance all of our online and digital platforms to provide a personalized, user-friendly interface for our customers. Disruptions, delays, failures, inaccuracies, or other performance issues in or with our customer-facing technology systems, either due to increased volumes, system or other technology modifications, cybersecurity incidents or attacks, information technology outages or other interruptions, launches of new or emerging technologies; or other factors, or a failure of these systems to meet our or our customers’ expectations, could impair the value they provide, damage our brand and reputation, and adversely impact our sales.",substantive,focal_firm,current,customer_facing_product,NA,NA,customer_experience,no,2,1,NA,no,yes,no,high,no,Normative response to customer needs includes AI tools; broad customer experience direction rather than a concrete intended task.
LOW_claim_d6ac819fb2de3690c6ac,LOW_10K_2026-03-23:L175:4e53ae09232eca3b,LOW,LOW_10K_2026-03-23.txt,175,"Our 1,759 Lowe’s-branded retail home improvement stores and outlet stores are generally open seven days per week and average approximately 112,000 square feet of retail selling space, plus approximately 32,000 square feet of outdoor garden center selling space. Our retail home improvement stores offer similar products and services, with certain variations based on localization, along with a dedicated team of knowledgeable and friendly frontline associates available to assist our customers. We continue to develop and implement productivity tools, including freight flow optimization and advanced AI customer service tools, to enhance the efficiency of our sales associates and improve the customer experience. Our 16 Lowe’s Outlet stores have a smaller format and offer value to our customers through incremental savings on discontinued, overstocked, or scratch and dent items.",substantive,focal_firm,current,internal_operations,LOW_uc_associate_customer_service,AI sales-associate customer service assistance,NA,no,3,4,yes,no,no,no,medium,yes,"Continued implementation of advanced AI customer-service tools for sales associates; current routine support, not merely a planned introduction."
LOW_claim_f3f645a399ba4d2d82aa,LOW_10K_2026-03-23:L430:fe99f5ce6d561bee,LOW,LOW_10K_2026-03-23.txt,430,"Additionally, the rapid evolution of AI and machine learning technologies and the implementation of pilot programs integrating generative AI into our internal and customer-facing systems may intensify our cybersecurity risks and create new risks to our business, operations, and financial condition.",substantive,focal_firm,current,customer_facing_product|internal_operations,NA,GenAI pilots in internal and customer-facing systems; tasks unspecified,NA,no,2,3,no,no,yes,no,medium,yes,"Implementation of GenAI pilot programs in internal and customer-facing systems is explicitly reported; actual pilots, with particular task/product identities unresolved."
LOW_claim_8ca5cd49ff75fe4730e7,LOW_10K_2026-03-23:L445:30ab38859a5332bd,LOW,LOW_10K_2026-03-23.txt,445,"We have developed an AI framework designed to enhance the customer experience and unlock productivity across three pillars - how we sell, how we shop, and how we work.",substantive,focal_firm,current,unclear_or_other,NA,NA,customer_experience|efficiency,no,2,1,NA,no,no,no,high,no,Explicit AI three-pillar corporate direction.
LOW_claim_f50742611498ecec5839,LOW_10K_2026-03-23:L445:30ab38859a5332bd,LOW,LOW_10K_2026-03-23.txt,445,"We use AI-powered solutions designed to enable quick and personalized customer interactions, design assistance platforms, and tools for better forecasting, sourcing, inventory planning, and faster fulfillment.",substantive,focal_firm,current,customer_facing_product,LOW_uc_customer_interactions,AI personalized customer interaction assistance,NA,no,3,4,yes,no,no,no,medium,yes,Current AI solutions facilitate personalized customer interactions; separate from associate-facing tools but exact tool linkage requires review.
LOW_claim_78eec15a6fbe7ce4f7be,LOW_10K_2026-03-23:L445:30ab38859a5332bd,LOW,LOW_10K_2026-03-23.txt,445,"We use AI-powered solutions designed to enable quick and personalized customer interactions, design assistance platforms, and tools for better forecasting, sourcing, inventory planning, and faster fulfillment.",substantive,focal_firm,current,customer_facing_product,LOW_uc_design_assistance,AI customer design assistance,NA,no,3,4,yes,no,no,no,high,no,Current AI design-assistance platforms are explicitly used.
LOW_claim_ee03da20f47bf8f154e9,LOW_10K_2026-03-23:L445:30ab38859a5332bd,LOW,LOW_10K_2026-03-23.txt,445,"We use AI-powered solutions designed to enable quick and personalized customer interactions, design assistance platforms, and tools for better forecasting, sourcing, inventory planning, and faster fulfillment.",substantive,focal_firm,current,internal_operations,LOW_uc_supply_chain_planning,AI supply-chain forecasting inventory and fulfillment suite,NA,no,3,4,yes,no,no,no,high,no,Current AI forecasting/sourcing/inventory/fulfillment tools are a disclosed supply-chain suite; do not infer one independent application for each verb.
LOW_claim_09fdae8fe69b60260377,LOW_10K_2026-03-23:L508:ebdb396983ae129e,LOW,LOW_10K_2026-03-23.txt,508,"As part of our focus on the use of AI technology in our business, we developed an AI cybersecurity strategy designed to enable the building of secure and reliable AI systems while also managing ethical, legal, cyber, data privacy, and other technology risks. The Company also established an AI Governance Committee, which is composed of leaders across a variety of business, technology, and support functions, to oversee and approve ongoing enhancements to our AI governance framework.",substantive,focal_firm,current,unclear_or_other,NA,NA,responsible_ai|security,no,3,1,NA,no,no,yes,high,no,"Actual AI cybersecurity strategy and Governance Committee; strategic responsible-AI direction and governance, no AI-operated control tool deployment."
KR_claim_a615e8b01e1a0f76bb7d,KR_10K_2026-03-31:L300:8bef66a02a3424dc,KR,KR_10K_2026-03-31.txt,300,"Rapidly evolving technological and regulatory developments related to artificial intelligence (“AI”) and related technologies may increase competitive, legal, and security risks facing the Company. While we are utilizing AI and machine learning capabilities across our business, our competitors or other third parties may incorporate AI into their products, services and operations more successfully, which could impair our ability to compete effectively, or adversely affect our results of operations or our ability to improve operational efficiency.",substantive,focal_firm,current,unclear_or_other,NA,Broad AI/ML business utilization; tasks unspecified,NA,no,2,4,yes,no,yes,no,medium,yes,"Focal firm explicitly currently utilizes AI/ML across business; tasks unspecified, no distinct use-case ID invented."
JPM_claim_57f930d9636ced4c8220,JPM_10K_2026-02-13:L6537:3a65cd9ebe7b95ed,JPM,JPM_10K_2026-02-13.txt,6537,"The Firm uses models and other analytical and judgment-based estimations, including those based upon machine learning or artificial intelligence techniques, across various businesses and functions. The estimation methods are of varying levels of sophistication and are used for many purposes, such as the valuation of positions and measurement of risk, assessing regulatory capital requirements, conducting stress testing, evaluating the allowance for credit losses and making business decisions.",substantive,focal_firm,current,internal_operations,NA,AI/ML analytical estimation; task-method mapping unspecified,security,no,2,4,yes,no,no,no,medium,yes,"Firm currently uses AI/ML estimation models, with named purpose list but pooled methods."
BAC_claim_b414454562bbd3bd71e8,BAC_10K_2026-02-25:L554:c699b40759bb8a67,BAC,BAC_10K_2026-02-25.txt,554,"We use, and expect to increasingly use, emerging technologies, including AI, across our operations, including business processes, services and products, and we expect greater AI adoption by our third parties, clients, counterparties, clearinghouses and financial intermediaries.",substantive,focal_firm,current,internal_operations,NA,AI across business processes/services/products; tasks unspecified,NA,yes,2,4,yes,no,no,no,medium,yes,"Explicit current AI use across firm operations, but no specific task-to-application linkage."
BAC_claim_cf4922c3988b0e43a86f,BAC_10K_2026-02-25:L730:026d77ce65949dd5,BAC,BAC_10K_2026-02-25.txt,730,"While we continually update our policies, programs, processes and practices and take steps to leverage emerging technologies, such as automation, AI and robotics, our data management processes may not be effective and are subject to weaknesses and failures, including human error, data limitations, process delays, system failure or failed controls.",substantive,focal_firm,planned,internal_operations,BAC_uc_ai_data_management,AI-assisted data management,efficiency,yes,3,2,no,no,yes,no,medium,yes,"Steps toward using AI in data management identify intended function, not production evidence."
C_claim_26c03547df5df5df15c6,C_10K_2026-02-20:L2028:33d98d58f613acd4,C,C_10K_2026-02-20.txt,2028,"Citi has used AI and machine learning tools for many years and has more recently begun to broadly deploy Generative AI, including within its technology platforms and services.",substantive,focal_firm,current,internal_operations,NA,Current GenAI platform/service deployment; tasks unspecified,NA,no,2,4,yes,no,no,no,medium,yes,"Currently begun broad GenAI deployment, but no independent task specified."
C_claim_72530ba2420198a94646,C_10K_2026-02-20:L2028:33d98d58f613acd4,C,C_10K_2026-02-20.txt,2028,"In the future, Citi expects to more broadly integrate Generative AI tools within its systems, businesses and functions, including advanced AI capabilities, such as autonomous agents and sophisticated user interactions, which if improperly managed, could result in increased risks and costs.",substantive,focal_firm,planned,internal_operations,NA,NA,NA,yes,2,1,NA,no,yes,no,high,no,Future broader GenAI/agent integration ambition lacks concrete intended task.
GS_claim_c6fd31f3e1ea559cc0b9,GS_10K_2026-02-25:L1268:8379b700b9a58c91,GS,GS_10K_2026-02-25.txt,1268,"In addition to our use of AI technologies, we are exposed to risks arising from the use of AI technologies by bad actors to commit fraud and misappropriate funds and to facilitate cyber attacks. Generative AI, if used to perpetrate fraud or launch cyber attacks, could result in losses, liquidity outflows or other adverse effects for us and our clients.",substantive,focal_firm,current,unclear_or_other,NA,Broad focal AI utilization; task and scope unspecified,NA,no,1,4,yes,no,yes,no,medium,yes,"Our use of AI explicitly asserted in present tense; broad reported use with unidentified task/scope, retained apart from distinct application counts."
USB_claim_49b563ec2f0d56a13e03,USB_10K_2026-02-23:L199:0dd3a26d4a160da2,USB,USB_10K_2026-02-23.txt,199,"As part of its talent strategy, the Company strives to support continuous employee learning and development. The Company provides several talent development opportunities for employees to enhance skills that are critical in the current and future working environment and empowers employees to discover ways to thrive and grow in their careers. In 2025, the Company hosted its second annual development event for all employees, which focused on topics ranging from communications to the future of banking. The Company also launched a new learning platform through its Skills Academy, providing higher quality learning aligned to critical skills. The new learning platform will be leveraged to augment skill development for role training programs and will provide core training for job family skill development needs. The Company also launched an “AI Essentials Channel” on Skills Academy, which is designed to help team members build skills in effectively using Company-approved artificial intelligence tools in their daily work. During 2025, employees completed over 1.7 million hours of training through the Company’s enterprise learning programs to better support their professional development and customer and business needs.",substantive,focal_firm,current,internal_operations,NA,NA,workforce_productivity,no,3,1,NA,no,no,no,high,no,"AI-specific Skills Academy channel prepares employees to use approved tools; workforce strategic enablement, not evidence of actual tool deployment. Total training hours are not AI-only outcomes."
JNJ_claim_63b265f0d8f41ce28d64,JNJ_10K_2026-02-11:L465:57cda764f065a70e,JNJ,JNJ_10K_2026-02-11.txt,465,"The Company leverages the use of data science, machine learning and other forms of AI and emerging technologies across varying parts of its business and operations, and the introduction and incorporation of AI may result in unintended consequences or other new or expanded risks and liabilities.",substantive,focal_firm,current,internal_operations,NA,AI/ML use across business operations; tasks unspecified,NA,no,2,4,yes,no,yes,no,medium,yes,Firm currently leverages AI/ML across business operations; individual tasks unspecified.
PFE_claim_301ebc245e783a3b8b81,PFE_10K_2026-02-26:L447:03ebee8abe80457f,PFE,PFE_10K_2026-02-26.txt,447,4. Scale AI across our business.,substantive,focal_firm,current,unclear_or_other,NA,NA,competitive_positioning,no,1,1,NA,no,no,no,high,no,Explicit broad AI-scaling business priority.
PFE_claim_645c89edf463697a02e3,PFE_10K_2026-02-26:L451:e990cf7878ac86c6,PFE,PFE_10K_2026-02-26.txt,451,"In addition, we are scaling AI across R&D, manufacturing, commercial and patient engagement to improve productivity and accelerate innovation.",substantive,focal_firm,current,internal_operations|research_and_development,NA,NA,innovation|workforce_productivity,no,2,1,NA,no,no,no,high,no,Broad scaling AI across R&D/manufacturing/commercial/patient functions; no task-specific evidence.
PFE_claim_8ff3e4c5fd568c2714fe,PFE_10K_2026-02-26:L843:b61ed6067c661677,PFE,PFE_10K_2026-02-26.txt,843,"Such opportunities are designed to equip colleagues with the skills to tackle new challenges and seize emerging opportunities, including related to AI and technology innovation.",substantive,focal_firm,current,unclear_or_other,NA,NA,workforce_productivity,no,2,1,NA,no,no,no,high,no,"AI learning opportunity is workforce capability strategy, not operational AI adoption."
PFE_claim_b1a0b135f316d703737b,PFE_10K_2026-02-26:L1042:a4c4f2e52b18a192,PFE,PFE_10K_2026-02-26.txt,1042,"We have begun deploying AI in various parts of our internal and external operations, including in R&D, and continue to explore further use cases for AI, and our investments in AI may not yield anticipated benefits.",substantive,focal_firm,current,internal_operations|research_and_development,NA,AI deployment across operations/R&D; individual tasks unspecified,NA,no,2,4,yes,no,no,no,medium,yes,Actual begun AI deployment in internal/external operations including R&D; tasks unspecified.
PFE_claim_d35d9c375acc04d78637,PFE_10K_2026-02-26:L1258:c5bd61a75315c4a0,PFE,PFE_10K_2026-02-26.txt,1258,"One way we believe we will be more efficient, effective and able to execute on these strategic priorities is through digital enablement. This includes expanding automation, data‑driven decision making, and enterprise AI solutions that strengthen productivity and accelerate innovation.",substantive,focal_firm,current,internal_operations,NA,NA,efficiency|innovation|workforce_productivity,yes,2,1,NA,no,no,no,high,no,"Enterprise AI digital-enablement objective seeks productivity and innovation, without an identified task."
PFE_claim_b7b070aa1c3a827eee2c,PFE_10K_2026-02-26:L1266:87cc40eb057a6b14,PFE,PFE_10K_2026-02-26.txt,1266,"In the second quarter of 2025, we identified additional productivity opportunities to further reduce costs primarily in SI&A, driven in large part by enhanced digital enablement, including automation and AI, and simplification of business processes.",substantive,focal_firm,planned,internal_operations,PFE_uc_sia_ai_cost_realignment,AI-enabled SI&A business-process cost realignment,efficiency,yes,4,2,no,no,no,no,medium,yes,Cost-realignment program identifies intended AI-enabled SI&A process productivity opportunities.
PFE_claim_dbb59c1fedb91cd7957d,PFE_10K_2026-02-26:L1268:ba79f346f9fcfc73,PFE,PFE_10K_2026-02-26.txt,1268,"• In connection with our efforts to simplify the structure and sharpen the focus of our R&D organization, in the first quarter of 2025, we expanded this program after having identified additional opportunities to drive improvements in productivity and operational efficiencies through enhanced digital enablement, including automation and AI, and simplification of business processes.",substantive,focal_firm,planned,internal_operations,PFE_uc_rd_ai_cost_realignment,AI-enabled R&D organizational process cost realignment,efficiency,yes,4,2,no,no,no,no,medium,yes,Expanded R&D cost-program intends AI-enabled process efficiency; no actual AI test or deployment.
PFE_claim_19073faaa7ec3e5e5b23,PFE_10K_2026-02-26:L2884:c7eab1fc6554b327,PFE,PFE_10K_2026-02-26.txt,2884,"In the second quarter of 2025, we identified additional productivity opportunities to further reduce costs primarily in SI&A, driven in large part by enhanced digital enablement, including automation and AI, and simplification of business processes.",substantive,focal_firm,planned,internal_operations,PFE_uc_sia_ai_cost_realignment,AI-enabled SI&A business-process cost realignment,efficiency,yes,4,2,no,no,no,no,medium,yes,Repeated intended AI-enabled SI&A productivity cost program.
PFE_claim_ae1b58a811b418efea4d,PFE_10K_2026-02-26:L2894:b2a0a75cec182305,PFE,PFE_10K_2026-02-26.txt,2894,"Additionally, in connection with our efforts to simplify the structure and sharpen the focus of our R&D organization, in the first quarter of 2025, we expanded this program after having identified additional opportunities to drive improvements in productivity and operational efficiencies through enhanced digital enablement, including automation and AI, and simplification of business processes.",substantive,focal_firm,planned,internal_operations,PFE_uc_rd_ai_cost_realignment,AI-enabled R&D organizational process cost realignment,efficiency,yes,4,2,no,no,no,no,medium,yes,Repeated AI-enabled R&D efficiency program with shared severance/digital implementation cost.
MRK_claim_80a3e3adec782f2c3e03,MRK_10K_2026-02-24:L917:ede66a101b39b2b1,MRK,MRK_10K_2026-02-24.txt,917,"• The Company is increasing its use of artificial intelligence (AI) systems to automate processes, analyze data, and support decision-making, which poses inherent risks.",substantive,focal_firm,current,internal_operations,NA,AI process automation/data analysis/decision support; tasks pooled,NA,no,2,4,yes,no,yes,no,medium,yes,Increasing current AI use in process automation/data/decisions; individual workflow not identified.
MRK_claim_d34e581dff2c33289bb2,MRK_10K_2026-02-24:L1193:e382cfa16f059f9c,MRK,MRK_10K_2026-02-24.txt,1193,"The Company is increasing its use of artificial intelligence (AI) systems to automate processes, analyze data, and support decision-making, which poses inherent risks.",substantive,focal_firm,current,internal_operations,NA,AI process automation/data analysis/decision support; tasks pooled,NA,no,2,4,yes,no,yes,no,medium,yes,Repeated current AI operational-use assertion.
ABBV_claim_45d43cff7854118a0512,ABBV_10K_2026-02-20:L438:4dbd713d5f4c5d0c,ABBV,ABBV_10K_2026-02-20.txt,438,"AbbVie also provides structured, broad-based development opportunities, focusing on high-performance skills and leadership training. AbbVie has invested significantly in equipping employees with foundational artificial intelligence (AI) skills,",substantive,focal_firm,current,unclear_or_other,NA,NA,workforce_productivity,no,2,1,NA,no,no,no,high,no,"Significant focal investment specifically equips staff with foundational AI skills; workforce enablement strategy, not operational deployment."
ABBV_claim_cf894a3ac6c356727dc4,ABBV_10K_2026-02-20:L442:7181c3d2d26f45f0,ABBV,ABBV_10K_2026-02-20.txt,442,"reflecting both the opportunities AI presents and its commitment to supporting employees as work evolves. AbbVie's talent philosophy holds leaders accountable for building a high-performing organization, and the company provides development opportunities for all levels of leadership. AbbVie's Learn, Develop, Perform program offers year-long, self-directed leadership education, supplemented with tools and resources, and leverages leaders as role models and teachers. In addition, a foundational success factor to AbbVie's leadership pipeline is the company's Professional Development Programs, which attract graduates, postgraduates and post-doctoral talent to participate in formal development programs lasting up to three years, with the objective of strengthening functional and leadership capabilities.",substantive,focal_firm,current,unclear_or_other,NA,NA,workforce_productivity,no,1,1,NA,no,no,no,medium,yes,Continuation of prior AI workforce-skills commitment; generic leadership-program text does not add AI applications.
ABBV_claim_b683f73d69d6e5160bc9,ABBV_10K_2026-02-20:L664:69a88da6fe1ace49,ABBV,ABBV_10K_2026-02-20.txt,664,"Additionally, AbbVie utilizes AI and other emerging technologies in select applications to support its operations. These technologies may present opportunities for AbbVie's business but may also entail risks, including that AI-generated analyses utilized by AbbVie could be deficient or exacerbate regulatory, cybersecurity or other significant risks. Further, our failure to effectively implement these technologies could hinder our ability to compete, as competitors' advancements in AI may lead to more efficient operations.",substantive,focal_firm,current,internal_operations,NA,AI operational analyses; tasks unspecified,NA,no,2,4,yes,no,yes,no,medium,yes,Explicit present AI utilization and AI-generated analyses in operations; broad application evidence with unresolved task boundaries.
BMY_claim_68bb0b4323fcd6df6695,BMY_10K_2026-02-11:L670:85fb52ac2a3fb563,BMY,BMY_10K_2026-02-11.txt,670,"Career Growth and Development: BMS is committed to empowering every employee with the skills and capabilities needed to drive growth and transform patient lives through science. We are investing in next-generation platforms that enable employees to own their careers, including tools that promote internal mobility and the democratization of just-in-time learning resources. These investments reflect our shift toward a dynamic, forward-thinking framework for talent development that seeks to cultivate agility and unlock potential. Recognizing the transformative role of AI across industries, we are investing in upskilling our workforce to build confidence in the proper use and innovative application of these next-generation tools. Our vision of acknowledging everyone in the organization as a leader is addressed via a full suite of leadership development resources. Through these initiatives, we seek to build capabilities for delivering long-term value for patients and shareholders while providing employees with the resources and opportunities they need to own their impact.",substantive,focal_firm,current,unclear_or_other,NA,NA,innovation|workforce_productivity,no,2,1,NA,no,no,no,high,no,Explicit AI-related workforce upskilling commitment for proper/innovative use; no operating tool or actual pilot.
BMY_claim_ad177c46461a282d3c3e,BMY_10K_2026-02-11:L817:279f84f2963b417f,BMY,BMY_10K_2026-02-11.txt,817,"We rely extensively on information technology systems, networks and services, including internet sites, data hosting and processing facilities and tools, physical security systems and other hardware, software and technical applications and platforms, some of which are managed, hosted, provided by and/or used for third parties or their vendors, to assist in conducting our business. We have faced, and will continue to face, risks of incidents, whether through cyber attacks or cyber intrusions through the Cloud, the Internet, phishing attempts, ransomware and other forms of malware, computer viruses, email attachments, extortion, exfiltration and other scams. Although we make efforts to maintain the security and integrity of our information technology systems and data, these systems and the proprietary, confidential and personal information that resides on or is transmitted through them, are subject to the risk of a cybersecurity incident or disruption, and there can be no assurance that our security efforts and measures, and those of our third-party vendors, will prevent breakdowns or incidents to our or our third-party vendors’ systems, which could adversely affect our business strategy, results of operations, or financial condition. Cybersecurity risks continue to develop, including as a result of threat actors increasingly targeting employees and supply chains and geopolitical tensions leading to an increase in sabotage, espionage and cyber attacks. As the cyber-threat landscape evolves, these attacks are growing in frequency, sophistication and intensity, and due to the nature of some of these attacks, there is also a risk that they may remain undetected for a period of time. A significant breakdown, invasion, corruption, destruction or interruption of critical information technology systems, including artificial intelligence programs that we utilize, or leak, theft or misuse of proprietary, confidential or personal information could negatively impact operations. There can be no assurance that our continuing efforts will prevent breakdowns or incidents to our or our third-party providers’ systems or databases that could adversely affect our business. Under certain circumstances, such incidents when detected could require disclosure to government authorities and/or regulators and could require notification to impacted individuals, and any such incident could result in material financial, legal, business and reputational harm to us. Further, although we maintain insurance coverage designed to transfer certain cybersecurity incident costs, there is a risk this insurance would be insufficient to cover the costs of the incident, including due to coverage limits or insurance exclusions.",substantive,focal_firm,current,internal_operations,NA,Internal AI programs; tasks unspecified,NA,no,2,4,yes,no,yes,no,medium,yes,Explicit AI programs that we utilize corroborates current internal use; particular functions not identified.
BMY_claim_f728ef1ee999c79d61e9,BMY_10K_2026-02-11:L819:1a072dc388543938,BMY,BMY_10K_2026-02-11.txt,819,"In addition, we face certain risks as we seek to leverage artificial intelligence programs and machine learning (“AI”) to optimize productivity and efficiency in various aspects of the organization. For example, flawed algorithms and/or biased, incomplete or inaccurate data used in AI programs may result in deficient AI-generated content. Additionally malfunctions or outages of these systems, certain of which are managed, hosted or provided by third parties, may result in operational disruptions, data loss, or inaccurate content. The regulatory landscape related to AI remains uncertain, and we may be required to devote significant resources to comply with developing laws and address ethical concerns. Our competitors may also develop or adopt more effective AI technologies, resulting in more efficient operations and putting us at a competitive disadvantage. These risks may result in an adverse impact on our business, financial condition or results of operations.",substantive,focal_firm,current,unclear_or_other,NA,NA,efficiency,no,2,1,NA,no,yes,no,high,no,"Seeking AI productivity is a broad focal objective, not a concrete intended task; output/data/provider/regulatory risks retained."
BMY_claim_7fa891cc2cf0cdb4fdec,BMY_10K_2026-02-11:L1175:907a3c332dc9ae21,BMY,BMY_10K_2026-02-11.txt,1175,"Our R&D strategy is designed to invest in the most promising science and to consistently execute in a way that translates that science into new medicines with the highest probability of success. To execute this strategy, we focus on three key priorities: science, execution, and value. We have a disease-focused strategy that incorporates lead and supporting assets and pursues high-impact medicines to advance standards of care across our core therapeutic areas. To accelerate progress, we have taken steps to increase the probability of success in our clinical trials and are infusing artificial intelligence throughout our R&D process. Together, these efforts enable us to prioritize programs more deliberately and effectively, delivering novel therapies for patients and driving long-term growth.",substantive,focal_firm,current,research_and_development,NA,NA,innovation,no,2,1,NA,no,no,no,medium,yes,R&D strategy infuses AI for improved program prioritization; ongoing infusion alone does not establish routine AI task use or an actual application pilot.
BMY_claim_17d2864bb57512f156c6,BMY_10K_2026-02-11:L1179:f9b4d8844921d66e,BMY,BMY_10K_2026-02-11.txt,1179,"Together with our digital capabilities, including the deployment of artificial intelligence, we are enhancing commercial productivity through more effective clinician engagement and targeted patient outreach.",substantive,focal_firm,current,internal_operations,BMY_uc_commercial_outreach,AI clinician engagement and targeted patient outreach,NA,no,3,4,yes,no,no,no,high,no,Current AI deployment expressly supports clinician engagement and targeted patient outreach; one identified commercial outreach suite.
LLY_claim_747977cfb39b8d9194bf,LLY_10K_2026-02-12:L723:34e59ac9a43afa16,LLY,LLY_10K_2026-02-12.txt,723,We deploy AI and other emerging technologies in various facets of our operations and we continue to explore the development and use of AI technologies.,substantive,focal_firm,current,internal_operations,NA,AI across operations; tasks unspecified,NA,no,2,4,yes,no,no,no,high,no,Explicit current AI deployment across operations; particular workflows not disclosed.
AMGN_claim_915fb64cf147fad01816,AMGN_10K_2026-02-13:L1053:e24b7f849c1a9272,AMGN,AMGN_10K_2026-02-13.txt,1053,"Dr. David M. Reese, age 63, became the Company’s inaugural Executive Vice President and Chief Technology Officer in 2023, responsible for accelerating the use of technology and artificial intelligence across the organization. From 2018 to 2023, Dr. Reese served as Executive Vice President, Research and Development. Dr. Reese joined the Company in 2005 and has held leadership roles in development, translational, and medical sciences, and discovery research, including as Senior Vice President, Translational Sciences and Oncology, from 2017 to 2018. Prior to joining Amgen, Dr. Reese was a cofounder, president, and chief medical officer of Translational Oncology Research International, a not-for-profit academic clinical research organization, and director of Clinical Research at the Breast Cancer International Research Group. Dr. Reese previously served on the faculty at the University of California, Los Angeles and the University of California, San Francisco.",substantive,focal_firm,current,unclear_or_other,NA,NA,innovation,no,2,1,NA,no,no,no,high,no,"CTO explicitly responsible for accelerating organizational AI use; focal strategic mandate, beyond job title alone."
AMGN_claim_6811f824a9e07c85dd7e,AMGN_10K_2026-02-13:L1222:b7156b291e07c90a,AMGN,AMGN_10K_2026-02-13.txt,1222,"Our information technology systems, including AI-enabled tools and systems are highly integrated into our business, including our R&D efforts, our clinical and commercial manufacturing processes and our product sales and distribution processes. Further, as the majority of our employees work remotely for some portion of their jobs in our hybrid work environment, our reliance on our and third-party information technology systems has increased substantially and is expected to continue to increase. Remote and hybrid working arrangements, including those of many third-party providers, can increase cybersecurity risks due to the challenges associated with managing remote computing assets and security vulnerabilities that are",substantive,focal_firm,current,internal_operations|research_and_development,NA,AI-enabled tools integrated across business; workflow boundaries unresolved,NA,no,2,4,yes,no,yes,no,medium,yes,AI-enabled tools expressly integrated into internal/R&D/commercial operations; pooled IT processes do not resolve individual AI applications.
AMGN_claim_28f955f8f12c2c83142c,AMGN_10K_2026-02-13:L1330:24165102f78fbc3c,AMGN,AMGN_10K_2026-02-13.txt,1330,"We believe that genetics, together with the benefit of artificial intelligence and computational evidence, could meaningfully aid our search for new medicines and help guide our R&D decisions and investments, and have focused our R&D strategy on drug targets validated by genetic or other compelling human evidence. We have invested considerable time, energy and resources into developing our expertise in human genetics and acquiring access to libraries of genetic information, and are applying artificial intelligence to our R&D activities, including applying such technologies to advance our human data efforts and our generative biology platform that seek to discover and design new drugs. However, product candidates based on genetically validated targets or developed with the assistance of such technologies remain subject to the uncertainties of the drug development process and may not reach the market for a number of reasons, including the factors listed above.",substantive,focal_firm,current,research_and_development,AMGN_uc_drug_discovery_design,AI human-data and generative-biology drug discovery/design,NA,no,3,4,yes,no,yes,no,medium,yes,Explicit current AI application in human-data efforts and generative biology to discover/design drugs; one R&D drug-design task suite. Candidate drug uncertainty is not an AI pilot report.
DE_claim_421786d9fa8e430f8195,DE_10K_2025-12-18:L161:5be41308d22079d9,DE,DE_10K_2025-12-18.txt,161,"Technology Stack. Investments in technology, as well as research and development, which deliver intelligent solutions to our customers through hardware and devices, embedded software, connectivity, data platforms, and applications. The technology stack leverages these core technologies across the enterprise, including digital capabilities, automation and machine learning, and autonomy. The stack has the potential to unlock economic and sustainable value for customers by optimizing jobs, strengthening decision-making, and better connecting the steps of a production system.",substantive,focal_firm,current,research_and_development,NA,NA,innovation,no,2,1,NA,no,no,no,high,no,ML technology-stack investment and intelligent-product direction; no specific application.
DE_claim_dbd55bab09c79e5d056f,DE_10K_2025-12-18:L186:9ef383e5069e6142,DE,DE_10K_2025-12-18.txt,186,"For example, cameras, obstacle detection, radars, and machine learning have been applied to our CF Smart Detect™ tool to identify obstacles on jobsites.",substantive,focal_firm,current,customer_facing_product,DE_uc_smartdetect_obstacles,SmartDetect machine-learning jobsite obstacle detection,security,no,3,4,yes,no,no,no,medium,yes,"Smart Detect obstacle detection uses ML, with current portfolio confirmation."
DE_claim_76649a19100000420a83,DE_10K_2025-12-18:L245:7415649567e0410b,DE,DE_10K_2025-12-18.txt,245,"Obstacle detection solutions such as SmartDetect™ supplement operator visibility on the jobsite through a combination of cameras, radar, and machine learning.",substantive,focal_firm,current,customer_facing_product,DE_uc_smartdetect_obstacles,SmartDetect machine-learning jobsite obstacle detection,security,no,3,4,yes,no,no,no,high,no,Currently delivered SmartDetect portfolio supplements operator visibility through ML.
DE_claim_6f2b4d5c4be3f4b57edd,DE_10K_2025-12-18:L290:3adab8f61c88c6dd,DE,DE_10K_2025-12-18.txt,290,We are also integrating emerging technologies such as artificial intelligence driven analytics and advanced robotics into our manufacturing processes where appropriate.,substantive,focal_firm,planned,internal_operations,DE_uc_manufacturing_ai_analytics,AI analytics integration in manufacturing processes,efficiency,yes,3,2,no,no,no,no,medium,yes,"Manufacturing AI-driven analytics integration underway, not an explicit production-use milestone."
DE_claim_ad0b3545de9e42dea13d,DE_10K_2025-12-18:L795:f78f44d27b32e490,DE,DE_10K_2025-12-18.txt,795,"We utilize and intend to expand our use of automation and machine learning in many of our products, including consumer-facing features, and we leverage generative artificial intelligence in our business processes.",substantive,focal_firm,current,internal_operations,NA,GenAI in internal business processes; tasks unspecified,NA,no,2,4,yes,no,no,no,medium,yes,Firm currently leverages GenAI in internal business processes; task identity unspecified.
DE_claim_5eb61ee2255a5576b6f5,DE_10K_2025-12-18:L795:f78f44d27b32e490,DE,DE_10K_2025-12-18.txt,795,"We utilize and intend to expand our use of automation and machine learning in many of our products, including consumer-facing features, and we leverage generative artificial intelligence in our business processes. For example, we use automation software, digital tools, applications, and analytics on the S7 Series Combines and our See & Spray™ targeted spraying solution. In addition, we maintain the John Deere Operations Center™, which stores substantial volumes of data with respect to our customers’ operations and that we use to support our customers and to develop or enhance our product offerings.",substantive,focal_firm,current,customer_facing_product,NA,Machine learning in customer-facing products; task-method boundaries unresolved,NA,no,3,4,yes,no,no,no,medium,yes,"Explicit current ML use in customer-facing products; named agricultural examples have pooled method linkage, so current product use qualifies but distinct task identity remains unresolved."
HON_claim_0169a137fa435368c8a6,HON_10K_2026-02-17:L1037:2eb62360fe2323b0,HON,HON_10K_2026-02-17.txt,1037,while we aim to develop and use artificial intelligence responsibly,substantive,focal_firm,planned,unclear_or_other,NA,NA,responsible_ai,yes,1,1,NA,no,no,no,high,no,"Explicit aim to develop/use AI responsibly is strategic direction, not concrete application."
HON_claim_e1c55d997464922d8e03,HON_10K_2026-02-17:L2413:7bba0d32cae58431,HON,HON_10K_2026-02-17.txt,2413,"Industrial Automation combines these products and services with proprietary machine learning and artificial intelligence algorithms in products and projects which are digitally enabled through the Company's industry leading industrial IoT platform, Honeywell Forge.",substantive,focal_firm,current,customer_facing_product,HON_uc_forge_industrial_ai,Honeywell Forge-enabled industrial AI optimization,efficiency|workforce_productivity,no,3,4,yes,no,no,no,medium,yes,Industrial Automation currently combines ML/AI algorithms in delivered Forge-enabled products/projects.
GE_claim_fcad75be9ab4ea190ca5,GE_10K_2026-01-29:L781:b8864ff4f555a8d7,GE,GE_10K_2026-01-29.txt,781,"In addition, our use of emerging and evolving technologies such as artificial intelligence and machine learning, which we expect to continue to increase over time, presents business, reputational and legal and compliance risks, including risks related to data sourcing, design flaws, integration issues, security threats, privacy protections and the ability to develop sufficient protection measures.",substantive,focal_firm,current,unclear_or_other,NA,AI/ML use across business; tasks unspecified,NA,no,2,4,yes,no,yes,no,medium,yes,"Explicit current own AI/ML use, expected to grow; operational task boundaries and scope unspecified. Risk location does not negate affirmative current use."
RTX_claim_4704ddda7e6fbd9cdc7d,RTX_10K_2026-02-06:L373:7b8f9c35b6100c42,RTX,RTX_10K_2026-02-06.txt,373,"For example we are investing in artificial intelligence, among other advanced technologies, and our business may be adversely affected if we are unable to successfully integrate the technology into our internal business processes and products and services in a timely, cost-effective, compliant, and responsible manner.",substantive,focal_firm,current,unclear_or_other,NA,NA,innovation,no,2,1,NA,no,yes,no,high,no,"Explicit focal investment in AI for business integration; strategic resource commitment, without concrete task, actual pilot or current routine use."
RTX_claim_0b82c2ca4a629c052672,RTX_10K_2026-02-06:L474:78c0139dd0732f37,RTX,RTX_10K_2026-02-06.txt,474,"For example, we continue to invest in the integration of artificial intelligence technologies into our processes and business operations.",substantive,focal_firm,current,internal_operations,NA,NA,efficiency,no,2,1,NA,no,no,no,high,no,Continued investment integrating AI into operations is strategic commitment; no identifiable task or actual routine-use milestone.
MMM_claim_9541e08ab2ccd480b8a5,MMM_10K_2026-02-03:L401:12258ca71e51fa62,MMM,MMM_10K_2026-02-03.txt,401,"Artificial intelligence (AI) technologies support a range of the Company’s activities, including research and development, operational processes, customer facing tools, and other business functions.",substantive,focal_firm,current,customer_facing_product|internal_operations|research_and_development,NA,AI supporting business functions; task identities unresolved,NA,no,2,4,yes,no,no,no,medium,yes,"Explicit current AI support across R&D, operations and customer tools; no distinct workflow boundaries; current use retained without inventing separate applications."
MMM_claim_66b66712b964081ce17a,MMM_10K_2026-02-03:L401:12258ca71e51fa62,MMM,MMM_10K_2026-02-03.txt,401,"While the Company will seek to develop and use artificial intelligence responsibly, and will attempt to identify and mitigate ethical, privacy, legal or other issues presented by its use, there can be no assurance that the Company will be fully successful in doing so, and may be subject to data breaches, allegations of unauthorized access to, or use of, third party data, information, or intellectual property rights, or other risks, which may lead to financial losses, legal liability, regulatory scrutiny and reputational damage.",substantive,focal_firm,planned,unclear_or_other,NA,NA,responsible_ai,yes,2,1,NA,no,yes,no,high,no,"Explicit future objective to develop/use AI responsibly and mitigate ethical/privacy/legal issues; general strategy, not a concrete intended task or installed governance control."
XOM_claim_0128e6579059df43522c,XOM_10K_2026-02-18:L242:5fabef96d47d247e,XOM,XOM_10K_2026-02-18.txt,242,"To remain competitive, we must also continuously adapt and capture the benefits of new and emerging technologies, such as AI, including successfully applying advances in the ability to process and integrate large amounts of data to our businesses and decision-making processes.",substantive,focal_firm,current,internal_operations,NA,NA,competitive_positioning|efficiency,yes,2,1,NA,no,no,no,medium,yes,"AI/data decision benefits as a competitive success objective, without explicit implementation plan."
CVX_claim_057c060d831288000e5a,CVX_10K_2026-02-24:L743:ed961f62cbfa1aca,CVX,CVX_10K_2026-02-24.txt,743,"Chevron is applying artificial intelligence (AI) to drive productivity, efficiency and value to its global operations. The company is building high-impact use cases leveraging its extensive data and insights and collaborating with others to access AI solutions to help unlock value.",substantive,focal_firm,current,internal_operations,NA,AI use across processes/systems/operations; tasks unspecified,efficiency|workforce_productivity,no,2,4,yes,no,no,no,medium,yes,Current applying-AI statement corroborated by explicit ongoing AI use in processes/operations; tasks remain unidentified.
CVX_claim_7579bf99ebf3c23950a2,CVX_10K_2026-02-24:L781:db256fd1841be56f,CVX,CVX_10K_2026-02-24.txt,781,"The company is increasingly utilizing artificial intelligence (“AI”) technologies in certain of its processes, information systems and various operations, and expects that AI will assume a more critical role in its operations over time.",substantive,focal_firm,current,internal_operations,NA,AI use across processes/systems/operations; tasks unspecified,NA,yes,2,4,yes,no,no,no,medium,yes,Explicit current AI use in internal processes/operations without named tasks.
OXY_claim_75ab48edd80b9f1b86bf,OXY_10K_2026-02-18:L618:b0ed73ce4d87320e,OXY,OXY_10K_2026-02-18.txt,618,"While the Company uses advanced technologies, including AI-based tools, to strengthen its defenses and support business operations, such measures may not be successful in preventing or mitigating cyber threats.",substantive,focal_firm,current,internal_operations,OXY_uc_cyber_defense,AI-assisted cybersecurity defenses,NA,no,3,4,yes,no,yes,yes,high,no,"Explicit current AI-based tools strengthen cyber defenses; business support generic, cybersecurity is the one identified task. Risk caveat does not undo deployment."
SLB_claim_f626436c4e6aba6533d5,SLB_10K_2026-01-23:L147:a234233c08849baf,SLB,SLB_10K_2026-01-23.txt,147,"• Platforms & Applications: Includes SLB’s cloud technologies such as the Delfi and Lumi platforms, along with a suite of specialized, domain-focused applications such as Petrel and Techlog offered as SaaS subscription or perpetual licenses. These platforms and applications automate complex models to simulate the impact of reservoir development plans and aid in the planning of key operations such as drilling, completion, and production designs. Additionally, they unlock data and utilize artificial intelligence (“AI”) and machine learning to reduce cycle time and improve efficiency of workflows to allow customers to make better, faster decisions to improve their project economics and reservoir performance.",substantive,focal_firm,current,customer_facing_product,SLB_uc_reservoir_workflows,AI reservoir-development and operational workflow planning,innovation,no,3,4,yes,no,no,no,high,no,"Currently offered platforms use AI/ML for reservoir planning and drilling/completion/production decision workflows; grouped as one disclosed task suite, no invented component boundaries."
SLB_claim_6d1a277b68b983ca09c8,SLB_10K_2026-01-23:L151:7c68998669200387,SLB,SLB_10K_2026-01-23.txt,151,"• Digital Exploration: Represents SLB’s exploration data business. The exploration data library is a differentiated asset library of seismic surveys and other subsurface data that customers rely on for better exploration and development decisions. These licensed datasets also support carbon storage design and monitoring. The library covers key exploration and producing basins worldwide and datasets are refreshed and reprocessed to benefit from the latest imaging algorithms and AI technologies, enabled by high performance cloud computing.",substantive,focal_firm,current,customer_facing_product,SLB_uc_seismic_imaging,AI-assisted seismic dataset imaging and reprocessing,NA,no,3,4,yes,no,no,no,high,no,Licensed seismic datasets currently refreshed/reprocessed with AI imaging; identifiable data-imaging workflow rather than hypothetical benefit.
SLB_claim_42841d7fa3926db5a806,SLB_10K_2026-01-23:L225:ccd0e590ba84c737,SLB,SLB_10K_2026-01-23.txt,225,"Digital capabilities continue to grow throughout the energy industry as a key element of the complex systems required to meet current energy demand and improve efficiency. SLB is uniquely positioned to support customers on their digital journeys by providing an offering which spans planning and operational workflows, underpinned by data platforms and agentic AI orchestration which not only allow customers to realize efficiency gains but also transforms industry workflows through AI.",substantive,focal_firm,current,customer_facing_product,SLB_uc_reservoir_workflows,AI reservoir-development and operational workflow planning,NA,no,3,4,yes,no,no,no,high,no,"Current digital offering underpinned by agentic AI orchestration; repeats operational workflow suite, not additional application for branding."
SLB_claim_52519e7890f997152194,SLB_10K_2026-01-23:L227:75140b6aeed6f01f,SLB,SLB_10K_2026-01-23.txt,227,"We are also focused on using digital technology to enhance operational performance for our customers. Our software products sold directly to customers, which are agnostic to equipment provider, enable automation and autonomy to reduce costs and improve performance. We also provide digital services to enhance the equipment and service offerings in our Core Divisions. Many of these services use embedded AI to automate insights and differentiate our service delivery offering.",substantive,focal_firm,current,customer_facing_product,NA,Embedded AI insights in core services; task boundaries unspecified,NA,no,2,4,yes,no,no,no,high,no,Current digital services use embedded AI for automated insights; tasks/product boundaries unresolved so not counted as a distinct resolved application.
