claim_id,passage_id,ticker,report_period,source_file,source_line,evidence_quote,ai_relevance,focal_firm_evidence,actor,temporal_status,use_case_id,use_case,application_scope,ai_technology_type,strategic_orientation,ai_commitment,forward_looking,strategy_specificity,adoption_stage,reported_deployment,pilot_reported,ai_investment,ai_partnership,ai_risk,ai_governance,quantified_outcome,outcome_attribution,outcome_metric,coding_confidence,needs_human_review,annotation_rationale,uncertainty_reason,human_validated,stage_eligible,operational_stage,use_case_identity_status,is_strategy_claim,risk_category,context_reviewed,context_reference,evidence_start_char,evidence_end_char,evidence_start_line,evidence_end_line,duplicate_group_id,record_type,annotation_version
MSFT_claim_eaa8e874c2f10f291c6d,MSFT_10K_2026-07-29:L124:cba32c2084f48265,MSFT,2026-06-30,MSFT_10K_2026-07-29.txt,124,Microsoft is a technology company committed to making digital technology and artificial intelligence (“AI”) available broadly and doing so responsibly. Our mission is to empower every person and every organization on the planet to achieve more.,substantive,yes,focal_firm,current,NA,NA,unclear_or_other,unspecified_ai,responsible_ai,yes,no,1,1,NA,NA,no,no,no,no,no,NA,NA,high,no,Broad responsible AI access objective; no identified operational application.,NA,no,yes,1,NA,yes,NA,no,NA,11067,11311,124,124,NA,claim,expanded_2026_10_08_v2
MSFT_claim_c3c9806cf79895597c4a,MSFT_10K_2026-07-29:L126:099f2984aec36957,MSFT,2026-06-30,MSFT_10K_2026-07-29.txt,126,"We develop and support a broad portfolio of technology solutions for individuals and businesses, focusing on secure, trusted, and innovative platforms and applications that meet evolving customer needs across AI, cloud computing, productivity and collaboration, and personal computing. We strive to create opportunity, growth, and impact in every country around the world.",substantive,yes,focal_firm,current,NA,NA,unclear_or_other,unspecified_ai,innovation,no,no,1,1,NA,NA,no,no,no,no,no,NA,NA,high,no,AI portfolio and innovation direction without identified application.,NA,no,yes,1,NA,yes,NA,no,NA,11315,11687,126,126,NA,claim,expanded_2026_10_08_v2
MSFT_claim_635f838780b8b65a4adc,MSFT_10K_2026-07-29:L128:8b82d7c71beec676,MSFT,2026-06-30,MSFT_10K_2026-07-29.txt,128,"AI is fundamentally transforming productivity for every individual, organization, and industry.",context_only,no,industry,unclear,NA,NA,NA,NA,NA,NA,NA,NA,NA,NA,NA,NA,NA,NA,NA,NA,NA,NA,high,no,Industry productivity proposition is background rather than focal implementation.,NA,no,no,NA,NA,NA,NA,no,NA,11691,11786,128,128,NA,screening,expanded_2026_10_08_v2
MSFT_claim_fa047e45bee1cf3eb338,MSFT_10K_2026-07-29:L128:8b82d7c71beec676,MSFT,2026-06-30,MSFT_10K_2026-07-29.txt,128,"Microsoft's AI offerings span every layer of the technology stack, enabling transformative outcomes across sectors and unlocking opportunity for every country, community, and individual.",substantive,yes,focal_firm,current,NA,NA,customer_facing_product,unspecified_ai,NA,no,no,1,NA,NA,NA,no,no,no,no,NA,NA,NA,high,no,Broad AI portfolio claim lacks an identifiable application.,NA,no,no,NA,NA,no,NA,no,NA,11787,11973,128,128,NA,claim,expanded_2026_10_08_v2
MSFT_claim_91a64df7294e14647cce,MSFT_10K_2026-07-29:L130:592d60126f389ab5,MSFT,2026-06-30,MSFT_10K_2026-07-29.txt,130,"We believe AI should be as empowering as it is powerful, and we’re committed to designing and deploying AI responsibly with safety and security from the outset.",substantive,yes,focal_firm,planned,NA,NA,unclear_or_other,unspecified_ai,responsible_ai,yes,yes,1,1,NA,NA,no,no,no,yes,no,NA,NA,high,no,Explicit responsible design commitment; no deployed system identified.,NA,no,yes,1,NA,yes,NA,no,NA,11977,12137,130,130,NA,claim,expanded_2026_10_08_v2
MSFT_claim_7e6693f3273d89584d21,MSFT_10K_2026-07-29:L136:3567704567ee96bb,MSFT,2026-06-30,MSFT_10K_2026-07-29.txt,136,"We offer an array of services, including cloud-based solutions that provide customers with AI, software, services, platforms, and content, and we provide solution support and consulting services.",substantive,yes,focal_firm,current,NA,NA,customer_facing_product,unspecified_ai,NA,no,no,2,NA,NA,NA,no,no,no,no,NA,NA,NA,high,no,Current generic AI service provision does not identify an application.,NA,no,no,NA,NA,no,NA,no,NA,12342,12537,136,136,NA,claim,expanded_2026_10_08_v2
MSFT_claim_2fa2f248ad8516e0727c,MSFT_10K_2026-07-29:L140:9790d3d1baf5589e,MSFT,2026-06-30,MSFT_10K_2026-07-29.txt,140,"Digital transformation and adoption of AI continues to revolutionize more business workstreams for organizations in every sector across the globe. For enterprises, digital technology empowers employees, optimizes operations, engages customers, and in some cases, changes the very core of products and services.",context_only,no,industry,unclear,NA,NA,NA,NA,NA,NA,NA,NA,NA,NA,NA,NA,NA,NA,NA,NA,NA,NA,high,no,"General cross-industry transformation, not focal-firm adoption.",NA,no,no,NA,NA,NA,NA,no,NA,12929,13239,140,140,NA,screening,expanded_2026_10_08_v2
MSFT_claim_f3c501d5d50748a405e9,MSFT_10K_2026-07-29:L148:ed3dd9a75c893f81,MSFT,2026-06-30,MSFT_10K_2026-07-29.txt,148,"We prioritize security above all else and we offer our customers integrated AI-driven products addressing security, compliance, identity, management, and privacy across customers’ multi-cloud, application, and device assets.",substantive,yes,focal_firm,current,NA,Integrated AI security/compliance/identity product family,customer_facing_product,unspecified_ai,security,no,no,4,4,yes,no,no,no,no,no,no,NA,NA,medium,yes,Current offered AI security product family; applications not individually specified.,Product-family breadth prevents distinct task counts.,no,yes,4,not_identified,no,NA,no,NA,13841,14065,148,148,NA,claim,expanded_2026_10_08_v2
MSFT_claim_8a25c78ca4eeb0182c64,MSFT_10K_2026-07-29:L156:3310c0a71d25ae3a,MSFT,2026-06-30,MSFT_10K_2026-07-29.txt,156,"• Build the intelligent cloud and intelligent edge platform to provide a foundation for our customers’ digital workloads, including hybrid consistency, developer productivity, data and AI capabilities, and trusted security and compliance.",substantive,yes,focal_firm,planned,NA,NA,infrastructure_or_platform,unspecified_ai,infrastructure_capacity,no,yes,2,1,NA,NA,no,no,no,no,no,NA,NA,high,no,"Cloud foundation investment objective, not actual deployment.",NA,no,yes,1,NA,yes,NA,yes,MSFT_10K_2026-07-29.txt:L156 (full parent/context),14344,14582,156,156,NA,claim,expanded_2026_10_08_v2
MSFT_claim_fdbc08c2c49c0977f79a,MSFT_10K_2026-07-29:L162:6eb024ff8d49dbe1,MSFT,2026-06-30,MSFT_10K_2026-07-29.txt,162,"We are focused on helping customers use the breadth and depth of the Microsoft Cloud to get the most value out of their digital spend while leading the AI platform wave across our solution areas. We continue to develop complete, intelligent solutions for our customers that empower people to be productive and collaborate, while safeguarding businesses and simplifying IT management. Our goal is to lead the industry in several distinct areas of technology over the long term, which we expect will translate to sustained growth. We are investing significant resources in:",substantive,yes,focal_firm,current,NA,NA,unclear_or_other,unspecified_ai,competitive_positioning,no,yes,1,1,NA,NA,yes,no,no,no,no,NA,NA,high,no,Cloud/AI leadership direction and explicit significant resources.,NA,no,yes,1,NA,yes,NA,no,NA,14773,15344,162,162,NA,claim,expanded_2026_10_08_v2
MSFT_claim_e4ec87f124d3a031a551,MSFT_10K_2026-07-29:L170:e9073322437f5a93,MSFT,2026-06-30,MSFT_10K_2026-07-29.txt,170,"• Applying AI and ambient intelligence to drive insights, revolutionize many types of work and business processes, and provide substantive productivity gains using Microsoft 365 Copilot and agents.",substantive,yes,focal_firm,planned,MSFT_uc_m365_commercial_copilot,Microsoft 365 Copilot commercial productivity assistance,customer_facing_product,unspecified_ai,workforce_productivity,no,yes,3,2,no,no,no,no,no,no,no,NA,NA,medium,yes,Identified planned productivity assistance through Copilot and agents in investment priorities.,"Investment-priority bullet implies intended application, not established production use here.",no,yes,2,resolved,yes,NA,yes,MSFT_10K_2026-07-29.txt:L162-L176,15888,16085,170,170,NA,claim,expanded_2026_10_08_v2
MSFT_claim_4535ad7cdf29d3493b8e,MSFT_10K_2026-07-29:L172:6e3b3ebd567585ee,MSFT,2026-06-30,MSFT_10K_2026-07-29.txt,172,"• Helping customers drive frontier transformation by applying frontier AI capabilities, engineering expertise, and trusted platforms to reinvent how their organizations operate, improve decision-making, create new value, and deliver measurable business outcomes from AI.",substantive,yes,focal_firm,planned,NA,NA,customer_facing_product,unspecified_ai,efficiency|innovation,no,yes,2,1,NA,NA,no,no,no,no,no,NA,NA,high,no,Enterprise AI transformation objective; no individual operational task adequately delineated.,NA,no,yes,1,NA,yes,NA,no,NA,16089,16359,172,172,NA,claim,expanded_2026_10_08_v2
MSFT_claim_cc6f882efee0cef430c7,MSFT_10K_2026-07-29:L174:dfc503abd104e41e,MSFT,2026-06-30,MSFT_10K_2026-07-29.txt,174,• Providing a unified intelligence layer for enterprise AI to ground AI in a continuously evolving understanding of an organization’s data.,substantive,yes,focal_firm,planned,MSFT_uc_enterprise_ai_grounding,Enterprise data grounding intelligence layer,customer_facing_product,unspecified_ai,NA,no,yes,3,2,no,no,no,no,no,no,no,NA,NA,medium,yes,Identifiable intended enterprise-data grounding layer in stated investment priorities.,Priority statement indicates intended application; production status absent.,no,yes,2,resolved,yes,NA,yes,MSFT_10K_2026-07-29.txt:L162-L176,16363,16502,174,174,NA,claim,expanded_2026_10_08_v2
MSFT_claim_062a10f4acb0379e21f4,MSFT_10K_2026-07-29:L176:c3ce6c456733964d,MSFT,2026-06-30,MSFT_10K_2026-07-29.txt,176,"• Providing training on generative AI and greater access to digital learning and resources through skilling programs and initiatives, grants, and LinkedIn learning pathways.",substantive,yes,focal_firm,current,NA,NA,unclear_or_other,genai,workforce_productivity,no,no,3,1,NA,NA,no,no,no,no,no,NA,NA,high,no,"AI skilling initiative concerns human capability, not operation of an AI application.",NA,no,yes,1,NA,yes,NA,no,NA,16506,16679,176,176,NA,claim,expanded_2026_10_08_v2
MSFT_claim_c2a62d885a3249ae9a88,MSFT_10K_2026-07-29:L180:979f13f8233a221a,MSFT,2026-06-30,MSFT_10K_2026-07-29.txt,180,"• Leveraging Windows to fuel our cloud business, grow our share of the PC market, and drive increased engagement with our services like Microsoft Edge, Bing, Copilot, Microsoft Teams, Microsoft 365 Consumer, XBOX Game Pass, and more.",uncertain,yes,focal_firm,current,NA,NA,customer_facing_product,NA,NA,NA,NA,NA,NA,NA,NA,NA,NA,NA,NA,NA,NA,NA,low,yes,Copilot appears in portfolio list without AI evidence specific to this product.,Consumer branding cannot be linked automatically to commercial AI Copilot.,no,uncertain,NA,NA,NA,NA,no,NA,16866,17099,180,180,NA,screening,expanded_2026_10_08_v2
MSFT_claim_1f95f5ea6ccd9509efca,MSFT_10K_2026-07-29:L204:067e83934a3d544b,MSFT,2026-06-30,MSFT_10K_2026-07-29.txt,204,"• Microsoft 365 Commercial products and cloud services, including Microsoft 365 Commercial cloud, comprising Microsoft 365 Commercial, Enterprise Mobility + Security, the cloud portion of Windows Commercial, the per-user portion of Power BI, Exchange, SharePoint, Microsoft Teams, Microsoft 365 Security and Compliance, and Microsoft 365 Copilot; and Microsoft 365 Commercial products, comprising Windows Commercial on-premises and Office licensed on-premises.",substantive,yes,focal_firm,current,MSFT_uc_m365_commercial_copilot,Microsoft 365 Copilot commercial productivity assistance,customer_facing_product,unspecified_ai,NA,no,no,2,NA,NA,NA,no,no,no,no,NA,NA,NA,high,no,Commercial Copilot catalogue entry is identifiable but not independently a deployment assertion.,NA,no,no,NA,resolved,no,NA,yes,MSFT_10K_2026-07-29.txt:L204 (full parent/context),18874,19334,204,204,NA,claim,expanded_2026_10_08_v2
MSFT_claim_857886c0a928ab990edc,MSFT_10K_2026-07-29:L214:7e1f9194201b448f,MSFT,2026-06-30,MSFT_10K_2026-07-29.txt,214,"Microsoft 365 Commercial is an AI-powered business and productivity solutions platform that brings together Office, Windows, Microsoft 365 Copilot, and Enterprise Mobility + Security to help organizations empower their employees.",substantive,yes,focal_firm,current,MSFT_uc_m365_commercial_copilot,Microsoft 365 Copilot commercial productivity assistance,customer_facing_product,unspecified_ai,workforce_productivity,no,no,3,4,yes,no,no,no,no,no,no,NA,NA,medium,yes,Present AI-powered commercial platform is offered to business users.,Platform description combines Copilot with non-AI components.,no,yes,4,resolved,no,NA,no,NA,19881,20110,214,214,NA,claim,expanded_2026_10_08_v2
MSFT_claim_dcfdc54415c35cd1ba38,MSFT_10K_2026-07-29:L214:7e1f9194201b448f,MSFT,2026-06-30,MSFT_10K_2026-07-29.txt,214,"Growth depends on our ability to reach new users in new markets such as frontline workers, small and medium businesses, and growth markets, as well as add AI-enabled tools, features, and agentic scenarios to our core product and service offerings across communication, collaboration, analytics, security, compliance, and other AI business productivity categories.",substantive,yes,focal_firm,planned,NA,Commercial communication/collaboration/analytics AI feature expansion,customer_facing_product,unspecified_ai,innovation,no,yes,3,2,no,no,no,no,no,no,no,NA,NA,medium,yes,Intended addition of AI tools to identifiable commercial platform functions; no rollout evidence.,Conditional growth objective; application boundaries not individually specified.,no,yes,2,not_identified,yes,NA,no,NA,20111,20474,214,214,NA,claim,expanded_2026_10_08_v2
MSFT_claim_5034c0c51fa1511d0b1b,MSFT_10K_2026-07-29:L218:3bdeced2087163e5,MSFT,2026-06-30,MSFT_10K_2026-07-29.txt,218,"Growth depends on our ability to reach new users, add value to our core product set with new features including AI tools, and continue to expand our product and service offerings into new markets.",substantive,yes,focal_firm,current,NA,NA,customer_facing_product,unspecified_ai,innovation,no,yes,2,1,NA,NA,no,no,no,no,no,NA,NA,high,no,"Consumer product growth direction includes AI tools, but no concrete task or current AI use.",NA,no,yes,1,NA,yes,NA,no,NA,20884,21080,218,218,NA,claim,expanded_2026_10_08_v2
MSFT_claim_7b4bd05925014eb792fb,MSFT_10K_2026-07-29:L226:2f2a64b3e3376048,MSFT,2026-06-30,MSFT_10K_2026-07-29.txt,226,"In addition to LinkedIn’s free services, LinkedIn offers monetized solutions designed to offer AI-enabled insights and productivity: Talent Solutions, Marketing Solutions, Premium Subscriptions, and Sales Solutions.",substantive,yes,focal_firm,current,MSFT_uc_linkedin_ai_insights,LinkedIn monetized AI insights/productivity suite,customer_facing_product,unspecified_ai,workforce_productivity,no,no,3,4,yes,no,no,no,no,no,no,NA,NA,medium,yes,Currently monetized LinkedIn AI insight/productivity suite; subapplications insufficiently differentiated.,Four solution names do not specify four independently distinct AI tasks; retained as suite.,no,yes,4,resolved,no,NA,no,NA,21719,21934,226,226,NA,claim,expanded_2026_10_08_v2
MSFT_claim_32753e3f43069ac2bb1d,MSFT_10K_2026-07-29:L226:2f2a64b3e3376048,MSFT,2026-06-30,MSFT_10K_2026-07-29.txt,226,Growth will depend on our ability to increase LinkedIn member engagement on the platform and our ability to continue offering insight and AI-enabled services that provide value for our members and customers.,substantive,yes,focal_firm,current,NA,NA,customer_facing_product,unspecified_ai,customer_experience,no,yes,2,1,NA,NA,no,no,no,no,no,NA,NA,high,no,Intention to sustain AI services and customer value.,NA,no,yes,1,NA,yes,NA,no,NA,21935,22142,226,226,NA,claim,expanded_2026_10_08_v2
MSFT_claim_35610e4a2e421d5686d8,MSFT_10K_2026-07-29:L230:d07b453384419b15,MSFT,2026-06-30,MSFT_10K_2026-07-29.txt,230,"Dynamics provides cloud-based and on-premises business solutions for financial management, enterprise resource planning (“ERP”), customer relationship management (“CRM”), and supply chain management, as well as agentic AI and other low code application development platforms, for small and medium businesses, large organizations, and divisions of global enterprises.",substantive,yes,focal_firm,current,MSFT_uc_dynamics_agentic_development,Dynamics agentic AI application development,customer_facing_product,unspecified_ai,innovation,no,no,4,4,yes,no,no,no,no,no,no,NA,NA,high,no,Dynamics currently provides agentic AI application-development platforms.,NA,no,yes,4,resolved,no,NA,no,NA,22487,22853,230,230,NA,claim,expanded_2026_10_08_v2
MSFT_claim_ad753b33d9bf368768af,MSFT_10K_2026-07-29:L234:0f4d30d5ea7451c5,MSFT,2026-06-30,MSFT_10K_2026-07-29.txt,234,"Competitors to Office include software and global application vendors, web-based and mobile application companies, AI-first application companies, as well as local application developers.",context_only,no,competitor,current,NA,NA,NA,NA,NA,NA,NA,NA,NA,NA,NA,NA,NA,NA,NA,NA,NA,NA,high,no,"Competitor AI application landscape, not Microsoft's AI implementation evidence.",NA,no,no,NA,NA,NA,NA,no,NA,23187,23374,234,234,NA,screening,expanded_2026_10_08_v2
MSFT_claim_5b3e976442eb66293ac1,MSFT_10K_2026-07-29:L248:77e2d4c192c96aa0,MSFT,2026-06-30,MSFT_10K_2026-07-29.txt,248,"• Server products and cloud services, including Azure and other cloud services, comprising cloud and AI consumption-based services, GitHub cloud services, Health and Life Sciences cloud services (formerly Nuance Healthcare cloud services), virtual desktop offerings, and other cloud services; and Server products, comprising SQL Server, Windows Server, Visual Studio, System Center, related Client Access Licenses (“CALs”), and other on-premises offerings.",substantive,yes,focal_firm,current,NA,NA,infrastructure_or_platform,unspecified_ai,NA,no,no,2,NA,NA,NA,no,no,no,no,NA,NA,NA,high,no,Segment catalogue mentions AI services without a distinct use.,NA,no,no,NA,NA,no,NA,no,NA,24726,25182,248,248,NA,claim,expanded_2026_10_08_v2
MSFT_claim_b0a286d5cbe7fada47ea,MSFT_10K_2026-07-29:L258:0a8fdfb83d29df0d,MSFT,2026-06-30,MSFT_10K_2026-07-29.txt,258,"Customers can use Azure through our global network of datacenters for computing, networking, storage, mobile and web application services, AI, and Internet of Things.",substantive,yes,focal_firm,current,MSFT_uc_azure_ai_compute,Azure AI workload computing services,infrastructure_or_platform,unspecified_ai,NA,no,no,3,4,yes,no,no,no,no,no,no,NA,NA,high,no,Customers are currently offered Azure AI computing services.,NA,no,yes,4,resolved,no,NA,no,NA,25574,25740,258,258,NA,claim,expanded_2026_10_08_v2
MSFT_claim_75786fdb92ac2000a9a7,MSFT_10K_2026-07-29:L260:f76ff6ada6fd8bf9,MSFT,2026-06-30,MSFT_10K_2026-07-29.txt,260,Azure AI offerings provide a competitive advantage as companies seek ways to optimize and scale their business with AI.,substantive,yes,focal_firm,current,NA,NA,infrastructure_or_platform,unspecified_ai,competitive_positioning,no,no,2,1,NA,NA,no,no,no,no,no,NA,NA,high,no,Competitive AI platform positioning.,NA,no,yes,1,NA,yes,NA,no,NA,26040,26159,260,260,NA,claim,expanded_2026_10_08_v2
MSFT_claim_3d2c32a6d973b78ac72d,MSFT_10K_2026-07-29:L260:f76ff6ada6fd8bf9,MSFT,2026-06-30,MSFT_10K_2026-07-29.txt,260,"We offer supercomputing power for AI at scale to run large workloads, complemented by our rapidly expanding portfolio of AI cloud services (including the latest models) and hardware, which includes custom-built silicon and strong partnerships with chip manufacturers.",substantive,yes,focal_firm,current,MSFT_uc_azure_ai_compute,Azure AI workload computing services,infrastructure_or_platform,unspecified_ai,NA,no,no,4,4,yes,no,no,yes,no,no,no,NA,NA,high,no,Currently offered AI supercomputing and cloud-service infrastructure.,NA,no,yes,4,resolved,no,NA,no,NA,26160,26427,260,260,NA,claim,expanded_2026_10_08_v2
MSFT_claim_f201c78ff49ddf96a4c6,MSFT_10K_2026-07-29:L260:f76ff6ada6fd8bf9,MSFT,2026-06-30,MSFT_10K_2026-07-29.txt,260,"Azure AI Foundry is a unified platform for developers to design, customize, and manage AI applications and agents.",substantive,yes,focal_firm,current,MSFT_uc_azure_ai_foundry,Azure AI Foundry application/agent design and management,customer_facing_product,unspecified_ai,innovation,no,no,3,4,yes,no,no,no,no,no,no,NA,NA,medium,yes,Named Foundry platform in currently offered Azure portfolio.,Current availability established by immediately preceding portfolio provision.,no,yes,4,resolved,no,NA,yes,MSFT_10K_2026-07-29.txt:L260 (full parent/context),26428,26542,260,260,NA,claim,expanded_2026_10_08_v2
MSFT_claim_ebaf16f11e84adea367c,MSFT_10K_2026-07-29:L264:0d4cc6822c8f08c2,MSFT,2026-06-30,MSFT_10K_2026-07-29.txt,264,GitHub provides a collaboration platform for developers to manage code and incorporate AI and agent-based tools across the software development lifecycle.,substantive,yes,focal_firm,current,MSFT_uc_github_ai_development,GitHub AI-assisted software development lifecycle,customer_facing_product,unspecified_ai,workforce_productivity,no,no,3,4,yes,no,no,no,no,no,no,NA,NA,high,no,GitHub currently provides AI-assisted software lifecycle tools.,NA,no,yes,4,resolved,no,NA,no,NA,27513,27667,264,264,NA,claim,expanded_2026_10_08_v2
MSFT_claim_237cb66a30ff2f3f829d,MSFT_10K_2026-07-29:L264:0d4cc6822c8f08c2,MSFT,2026-06-30,MSFT_10K_2026-07-29.txt,264,Health and Life Sciences cloud services provides AI solutions to the healthcare industry.,substantive,yes,focal_firm,current,NA,Healthcare AI solutions; task unspecified,customer_facing_product,unspecified_ai,NA,no,no,2,NA,NA,NA,no,no,no,no,NA,NA,NA,high,no,Currently offered healthcare AI solutions; particular applications not identified.,NA,no,no,NA,not_identified,no,NA,no,NA,27668,27757,264,264,NA,claim,expanded_2026_10_08_v2
MSFT_claim_0b6687f470ccabd36876,MSFT_10K_2026-07-29:L268:4c53c48f77a5b097,MSFT,2026-06-30,MSFT_10K_2026-07-29.txt,268,"Enterprise and partner services assist customers in developing, deploying, and managing Microsoft server solutions, Microsoft desktop solutions, and conversational AI and ambient intelligent solutions, along with providing training and certification to developers and IT professionals on various Microsoft products.",substantive,yes,focal_firm,current,NA,NA,customer_facing_product,unspecified_ai,NA,no,no,2,NA,NA,NA,no,no,no,no,NA,NA,NA,high,no,Current service assists AI solution development/deployment; not a specific live AI application.,NA,no,no,NA,NA,no,NA,no,NA,27796,28111,268,268,NA,claim,expanded_2026_10_08_v2
MSFT_claim_d68ddd4b70aa8dd12f6c,MSFT_10K_2026-07-29:L272:56aca2c5670d617c,MSFT,2026-06-30,MSFT_10K_2026-07-29.txt,272,"Our AI offerings compete with AI products from hyperscalers, as well as products from other emerging competitors and other open-source offerings, many of which are also current or potential partners.",substantive,yes,focal_firm,current,NA,NA,customer_facing_product,unspecified_ai,NA,no,yes,2,NA,NA,NA,no,no,yes,no,NA,NA,NA,high,no,AI product competition and potential partnerships; no specific implementation.,NA,no,no,NA,NA,no,competitive,no,NA,28488,28687,272,272,NA,claim,expanded_2026_10_08_v2
MSFT_claim_82df3e169a431ae9ad87,MSFT_10K_2026-07-29:L296:3b2e86614e06d86d,MSFT,2026-06-30,MSFT_10K_2026-07-29.txt,296,"• Search advertising (formerly Search and news advertising), comprising Bing, Copilot, Microsoft News, Microsoft Edge, and third-party affiliates.",uncertain,yes,focal_firm,current,NA,NA,customer_facing_product,NA,NA,NA,NA,NA,NA,NA,NA,NA,NA,NA,NA,NA,NA,NA,low,yes,Search portfolio Copilot name alone leaves AI relevance uncertain.,AI identity of search Copilot not established by this catalogue.,no,uncertain,NA,NA,NA,NA,no,NA,31403,31549,296,296,NA,screening,expanded_2026_10_08_v2
MSFT_claim_cd0f9cc2bd851eaa770e,MSFT_10K_2026-07-29:L306:cb3b1915a634aa8e,MSFT,2026-06-30,MSFT_10K_2026-07-29.txt,306,• Growth of the AI PC category.,context_only,no,industry,unclear,NA,NA,customer_facing_product,NA,NA,NA,NA,NA,NA,NA,NA,NA,NA,NA,NA,NA,NA,NA,high,no,AI-PC category growth is industry background.,NA,no,no,NA,NA,NA,NA,no,NA,32176,32207,306,306,NA,screening,expanded_2026_10_08_v2
MSFT_claim_cbe5e60c5fed1fd3e2d2,MSFT_10K_2026-07-29:L320:508881888689d8e4,MSFT,2026-06-30,MSFT_10K_2026-07-29.txt,320,"We design and sell devices, such as Surface (including Copilot+ PCs) and PC accessories.",substantive,yes,focal_firm,current,MSFT_uc_surface_ai_pc,Surface Copilot+ AI-PC product provision,customer_facing_product,unspecified_ai,NA,no,no,3,4,yes,no,no,no,no,no,no,NA,NA,medium,yes,Current Surface Copilot+ PC sales linked to AI-PC category context.,"Hardware AI-product provision, not internal adoption or named AI task.",no,yes,4,resolved,no,NA,yes,MSFT_10K_2026-07-29.txt:L306-L320,32703,32791,320,320,NA,claim,expanded_2026_10_08_v2
MSFT_claim_a16a9234d36bb9d66326,MSFT_10K_2026-07-29:L336:653bf2b2224606eb,MSFT,2026-06-30,MSFT_10K_2026-07-29.txt,336,"Our Search advertising business is designed to deliver relevant search, native, and display advertising to a global audience. Microsoft Copilot is a digital companion designed to inform, entertain, and inspire. Our Microsoft Edge browser and Bing search engine with Copilot are key tools to enable user acquisition and engagement, while our technology platform enables accelerated delivery of digital advertising solutions. In addition to first-party tools, we have several partnerships with companies through which we provide and monetize search offerings. Growth depends on our ability to attract new users, understand intent, and match intent with relevant content on advertising offerings.",uncertain,yes,focal_firm,current,NA,NA,customer_facing_product,NA,NA,NA,NA,NA,NA,NA,NA,NA,NA,NA,NA,NA,NA,NA,low,yes,Consumer/Bing Copilot capabilities do not explicitly establish AI identity here.,Digital companion branding lacks explicit AI linkage.,no,uncertain,NA,NA,NA,NA,no,NA,35163,35856,336,336,NA,screening,expanded_2026_10_08_v2
MSFT_claim_4d6676b4c86c6fd4bab3,MSFT_10K_2026-07-29:L360:4393b07ea63d5b22,MSFT,2026-06-30,MSFT_10K_2026-07-29.txt,360,"We have a global operations service center covering the Americas, Asia Pacific, Europe, and the Middle East that supports our business operations, including customer contract and order processing, billing, credit and collections, customer lifecycle AI and cloud operations, and vendor management and logistics.",substantive,yes,focal_firm,current,NA,Customer-lifecycle AI/cloud operations,unclear_or_other,unspecified_ai,NA,no,no,2,NA,NA,NA,no,no,no,no,NA,NA,NA,medium,yes,"Operations centre includes AI/cloud operations, but focal use versus service support unclear.",Could denote operating customer services rather than internally applying AI.,no,uncertain,NA,not_identified,no,NA,no,NA,38830,39140,360,360,NA,claim,expanded_2026_10_08_v2
MSFT_claim_4660914ae33d66819841,MSFT_10K_2026-07-29:L362:6488cf7989fdd46c,MSFT,2026-06-30,MSFT_10K_2026-07-29.txt,362,"We continue to align our datacenter locations and server capacity to meet the evolving needs of our customers, particularly given the growing demand for AI services.",substantive,yes,focal_firm,current,NA,NA,infrastructure_or_platform,unspecified_ai,NA,no,no,3,NA,NA,NA,yes,no,no,no,NA,NA,NA,high,no,"Ongoing datacentre capacity alignment for AI service demand, not application deployment.",NA,no,no,NA,NA,no,NA,no,NA,39244,39409,362,362,NA,claim,expanded_2026_10_08_v2
MSFT_claim_0c6166e2f28add3a4d37,MSFT_10K_2026-07-29:L372:1c04a8805f44b6f0,MSFT,2026-06-30,MSFT_10K_2026-07-29.txt,372,"We make significant investments in research and development for new and existing products, services, and technologies, including tools and platforms spanning digital work and life experiences, cloud computing, AI, devices, security, and operating systems.",substantive,yes,focal_firm,current,NA,NA,research_and_development,unspecified_ai,innovation,no,no,2,NA,NA,NA,yes,no,no,no,NA,NA,NA,high,no,Current R&D investment includes AI technologies; no pilot established.,NA,no,no,NA,NA,no,NA,no,NA,40424,40679,372,372,NA,claim,expanded_2026_10_08_v2
MSFT_claim_9046167466009a01cbe0,MSFT_10K_2026-07-29:L376:f83b74407e8e436a,MSFT,2026-06-30,MSFT_10K_2026-07-29.txt,376,"We plan to continue to make significant investments in a broad range of product research and development activities, including AI-based products and services.",substantive,yes,focal_firm,planned,NA,NA,research_and_development,unspecified_ai,NA,yes,yes,2,NA,NA,NA,yes,no,no,no,NA,NA,NA,high,no,"Explicit intended continuing AI R&D expenditure, without identifiable application.",NA,no,no,NA,NA,no,NA,no,NA,41393,41551,376,376,NA,claim,expanded_2026_10_08_v2
MSFT_claim_d0746df86bdfa84833eb,MSFT_10K_2026-07-29:L481:585a0684b5523237,MSFT,2026-06-30,MSFT_10K_2026-07-29.txt,481,"Expansion of our vertically-integrated capabilities, including developing proprietary hardware, infrastructure, and artificial intelligence (“AI”) models, could increase our cost structure, reduce margins, and expose us to operational risks.",substantive,yes,focal_firm,hypothetical,NA,NA,infrastructure_or_platform,unspecified_ai,NA,no,yes,2,NA,NA,NA,NA,no,yes,no,NA,NA,NA,high,no,Possible AI/hardware integration expenditure brings margin/operational risk.,NA,no,no,NA,NA,no,financial|operational,no,NA,55750,55991,481,481,NA,claim,expanded_2026_10_08_v2
MSFT_claim_2e10ac87198fc2d9eb88,MSFT_10K_2026-07-29:L497:3db293159948e972,MSFT,2026-06-30,MSFT_10K_2026-07-29.txt,497,We are investing in AI across the entire company and infusing AI capabilities into our offerings.,substantive,yes,focal_firm,current,NA,NA,customer_facing_product,unspecified_ai,innovation,no,no,1,1,NA,NA,yes,no,no,no,no,NA,NA,high,no,Actual broad AI investment and portfolio infusion; no distinct deployed application.,NA,no,yes,1,NA,yes,NA,no,NA,58172,58269,497,497,NA,claim,expanded_2026_10_08_v2
MSFT_claim_c0d0a484cd56573bf92e,MSFT_10K_2026-07-29:L497:3db293159948e972,MSFT,2026-06-30,MSFT_10K_2026-07-29.txt,497,"AI technology and services are a highly competitive and rapidly evolving market, and new competitors continue to enter the market. Our AI offerings compete with AI products from hyperscalers, open-source offerings, and frontier model providers, some of which are also current or potential partners. To compete effectively we must also be responsive to technological change, new and potential regulatory developments, and public scrutiny.",substantive,yes,focal_firm,current,NA,NA,customer_facing_product,unspecified_ai,NA,no,yes,2,NA,NA,NA,no,no,yes,no,NA,NA,NA,high,no,Competitive and regulatory exposure of firm's AI portfolio.,NA,no,no,NA,NA,no,competitive|regulatory,no,NA,58270,58707,497,497,NA,claim,expanded_2026_10_08_v2
MSFT_claim_20d2c0d02b3191664935,MSFT_10K_2026-07-29:L505:be6ecedcf6a6170b,MSFT,2026-06-30,MSFT_10K_2026-07-29.txt,505,"• Some companies compete with us by modifying and then distributing open-source software at little or no cost to end users, developing, making available, or using AI models that are open, and earning revenue on advertising or integrated products and services. These firms do not bear the full costs of research and development for the open-source products. Some open-source products mimic the features and functionality of our products.",context_only,no,competitor,current,NA,NA,NA,NA,NA,NA,NA,NA,NA,NA,NA,NA,NA,NA,NA,NA,NA,NA,high,no,Competitor open AI models are industry competition context.,NA,no,no,NA,NA,NA,NA,no,NA,59836,60272,505,505,NA,screening,expanded_2026_10_08_v2
MSFT_claim_5fb1ab769a1c2fed91af,MSFT_10K_2026-07-29:L509:1708ad816c5487b5,MSFT,2026-06-30,MSFT_10K_2026-07-29.txt,509,"We have made and are continuing to make significant capital and operational investments to develop, train, deploy, and support AI models and related cloud-based services, including building and expanding datacenters, acquiring necessary components, and securing energy resources.",substantive,yes,focal_firm,current,NA,NA,infrastructure_or_platform,unspecified_ai,NA,no,no,3,NA,NA,NA,yes,no,no,no,NA,NA,NA,high,no,Current capital and operational investments in AI model/cloud infrastructure.,NA,no,no,NA,NA,no,NA,no,NA,60834,61113,509,509,NA,claim,expanded_2026_10_08_v2
MSFT_claim_35f66afe5c425b51bb12,MSFT_10K_2026-07-29:L509:1708ad816c5487b5,MSFT,2026-06-30,MSFT_10K_2026-07-29.txt,509,"These investments are being made at significant scale and on an accelerated timeline, require substantial and increasing capital expenditures and continued access to capital, and are in advance of fully developed revenue streams. The associated revenue may not be realized in the expected timeframes or at expected levels. Our capital and operational investments are complex and involve projects in multiple locations around the world that expose us to increased compliance risks and political challenges, among others. Our ability to fund these investments depends on our ability to generate sufficient cash flows and obtain financing on acceptable terms. Adverse changes in interest rates, credit markets, investor sentiment, our credit ratings, or other factors affecting capital availability could increase our cost of capital or limit our ability to execute our infrastructure strategy. The financial success of these investments depends on a number of uncertain factors, including customer demand for cloud-based and AI products and services and continued customer use of Azure to build, train, deploy, and run AI workloads, our ability to price and monetize those services at levels sufficient to recover our costs, competitive dynamics affecting pricing, and the pace of adoption of AI. Customers may reduce, delay, or shift AI workloads to competing platforms, on-premises or local deployments, or other alternatives. If adoption of our AI services develops more slowly than expected, or if customers do not continue to utilize Azure for AI workloads at anticipated levels, we may not realize the expected returns on our investments.",substantive,yes,focal_firm,hypothetical,NA,NA,infrastructure_or_platform,unspecified_ai,NA,no,yes,2,NA,NA,NA,yes,no,yes,no,NA,NA,NA,high,no,"Uncertain returns, financing, capacity and customer demand risks.",NA,no,no,NA,NA,no,capacity|competitive|financial|operational,no,NA,61114,62756,509,509,NA,claim,expanded_2026_10_08_v2
MSFT_claim_19879c5116d03e0b8243,MSFT_10K_2026-07-29:L515:d2797cfc7d5cee08,MSFT,2026-06-30,MSFT_10K_2026-07-29.txt,515,"Demand for cloud-based and AI products and services is evolving and difficult to forecast. Overestimation of demand or misalignment of capacity investments may result in underutilization of infrastructure and may lead to impairment of assets on our balance sheet. Conversely, demand exceeding available capacity limits our ability to meet customer needs in a timely manner.",substantive,yes,focal_firm,hypothetical,NA,NA,infrastructure_or_platform,unspecified_ai,NA,no,yes,2,NA,NA,NA,no,no,yes,no,NA,NA,NA,high,no,AI infrastructure demand forecasting and impairment/capacity exposures.,NA,no,no,NA,NA,no,capacity|financial,no,NA,62781,63154,515,515,NA,claim,expanded_2026_10_08_v2
MSFT_claim_2ddc435b7226ff14f79e,MSFT_10K_2026-07-29:L517:e14af7c166776879,MSFT,2026-06-30,MSFT_10K_2026-07-29.txt,517,"The cost structure for AI products and services is subject to significant uncertainty, including with respect to model training and inference costs, the availability and pricing of components, and energy costs. If these costs increase, remain elevated, or fail to decline, or if pricing for AI products and services declines as a result of competition, commoditization, or other market forces, our margins, financial condition, and results of operations could be adversely affected.",substantive,yes,focal_firm,hypothetical,NA,NA,infrastructure_or_platform,unspecified_ai,NA,no,yes,2,NA,NA,NA,no,no,yes,no,NA,NA,NA,high,no,AI training/inference/input cost and pricing margin risks.,NA,no,no,NA,NA,no,competitive|financial,no,NA,63158,63640,517,517,NA,claim,expanded_2026_10_08_v2
MSFT_claim_108550c5c0e4aae41a8d,MSFT_10K_2026-07-29:L519:cd782d383f96b5ed,MSFT,2026-06-30,MSFT_10K_2026-07-29.txt,519,"Our AI strategy also depends in part on strategic relationships with third parties that provide technologies, models, products, and services that enhance our offerings.",substantive,yes,focal_firm,current,NA,NA,partnership_or_investment,unspecified_ai,NA,no,no,2,NA,NA,NA,no,yes,no,no,NA,NA,NA,high,no,Existing AI strategic supplier relationships.,NA,no,no,NA,NA,no,NA,no,NA,63644,63812,519,519,NA,claim,expanded_2026_10_08_v2
MSFT_claim_31a76872ada07508aa55,MSFT_10K_2026-07-29:L519:cd782d383f96b5ed,MSFT,2026-06-30,MSFT_10K_2026-07-29.txt,519,"These relationships may change over time, and many of these partners compete with us with respect to certain products and services. Changes in strategic priorities, contractual arrangements, our access to third-party technologies, or key commercial relationships could adversely affect the competitiveness of our AI products and services. In some cases, these parties are significant customers of Azure and other cloud services. The economic benefits we expect to derive from these relationships, including through commercial arrangements, technology access, and Azure consumption, may not be realized or sustained. As we manage infrastructure capacity constraints and evolving customer demand, we may modify capacity allocations, deployment priorities, pricing, or other commercial arrangements. Strategic partners and other customers may likewise adjust their purchasing decisions, deployment strategies, workloads, or anticipated use of our products and services. As a result, expected consumption or anticipated demand may not materialize, may be delayed or reduced, or may decline over time. Any such developments could adversely affect our business, financial condition, and results of operations.",substantive,yes,focal_firm,hypothetical,NA,NA,partnership_or_investment,unspecified_ai,NA,no,yes,2,NA,NA,NA,no,yes,yes,no,NA,NA,NA,high,no,"Partner competition, consumption uncertainty and commercial exposure.",NA,no,no,NA,NA,no,competitive|financial|third_party,no,NA,63813,65016,519,519,NA,claim,expanded_2026_10_08_v2
MSFT_claim_35cd977d984d519040dc,MSFT_10K_2026-07-29:L521:5e88d42548da59b4,MSFT,2026-06-30,MSFT_10K_2026-07-29.txt,521,"Our success depends on our ability to develop, deliver, and maintain competitive cloud-based and AI products and services that achieve broad customer adoption and sustainable revenue growth. Our ability to succeed depends on our ability to develop and deliver differentiated products and services that meet evolving customer needs, achieve broad adoption, maintain customer trust, and generate sustainable revenue and growth. The markets for cloud-based and AI products and services are highly dynamic, characterized by shifting customer expectations, increasing regulatory and governmental scrutiny, intense competition, and rapid technological change, such as the accelerating importance of agentic computing. Whether we succeed in cloud-based and AI products and services depends on our execution in several areas, including:",substantive,yes,focal_firm,current,NA,NA,customer_facing_product,unspecified_ai,competitive_positioning|revenue_growth,no,yes,2,1,NA,NA,no,no,no,no,no,NA,NA,medium,yes,"AI/cloud commercial success requirements, not an implemented application.",Normative success condition coded as strategic direction.,no,yes,1,NA,yes,NA,no,NA,65020,65848,521,521,NA,claim,expanded_2026_10_08_v2
MSFT_claim_ba1a5ec7274e3beb2fa9,MSFT_10K_2026-07-29:L523:c02117237ba64029,MSFT,2026-06-30,MSFT_10K_2026-07-29.txt,523,• Continuing to bring to market compelling cloud-based and AI products and services that generate increasing traffic and market share.,substantive,yes,focal_firm,planned,NA,NA,customer_facing_product,unspecified_ai,innovation,no,yes,2,1,NA,NA,no,no,no,no,no,NA,NA,medium,yes,Normative AI business execution priority; no concrete operational application or rollout.,Success-condition bullet states direction rather than deployment.,no,yes,1,NA,yes,NA,yes,MSFT_10K_2026-07-29.txt:L523 (full parent/context),65852,65986,523,523,NA,claim,expanded_2026_10_08_v2
MSFT_claim_2998715c887b35323432,MSFT_10K_2026-07-29:L525:7f911f07d848f195,MSFT,2026-06-30,MSFT_10K_2026-07-29.txt,525,"• Driving customer adoption, usage, and retention of our cloud-based and AI products and services.",substantive,yes,focal_firm,planned,NA,NA,customer_facing_product,unspecified_ai,customer_experience,no,yes,2,1,NA,NA,no,no,no,no,no,NA,NA,medium,yes,Normative AI business execution priority; no concrete operational application or rollout.,Success-condition bullet states direction rather than deployment.,no,yes,1,NA,yes,NA,yes,MSFT_10K_2026-07-29.txt:L525 (full parent/context),65990,66088,525,525,NA,claim,expanded_2026_10_08_v2
MSFT_claim_8a8ca761538d75a3d972,MSFT_10K_2026-07-29:L527:9a14a9f5404fc736,MSFT,2026-06-30,MSFT_10K_2026-07-29.txt,527,• Effectively monetizing our cloud-based and AI products through pricing models that reflect their value while remaining competitive.,substantive,yes,focal_firm,planned,NA,NA,customer_facing_product,unspecified_ai,revenue_growth,no,yes,2,1,NA,NA,no,no,no,no,no,NA,NA,medium,yes,Normative AI business execution priority; no concrete operational application or rollout.,Success-condition bullet states direction rather than deployment.,no,yes,1,NA,yes,NA,yes,MSFT_10K_2026-07-29.txt:L527 (full parent/context),66092,66225,527,527,NA,claim,expanded_2026_10_08_v2
MSFT_claim_8814b1d35488be8acdcd,MSFT_10K_2026-07-29:L529:c089aaf32ba412f2,MSFT,2026-06-30,MSFT_10K_2026-07-29.txt,529,"• Attracting third parties to utilize, build on, and extend our cloud and AI platforms.",substantive,yes,focal_firm,planned,NA,NA,customer_facing_product,unspecified_ai,innovation,no,yes,2,1,NA,NA,no,no,no,no,no,NA,NA,medium,yes,Normative AI business execution priority; no concrete operational application or rollout.,Success-condition bullet states direction rather than deployment.,no,yes,1,NA,yes,NA,yes,MSFT_10K_2026-07-29.txt:L529 (full parent/context),66229,66316,529,529,NA,claim,expanded_2026_10_08_v2
MSFT_claim_4791454c37c976f6cefd,MSFT_10K_2026-07-29:L531:c1daa05c6c0c0db3,MSFT,2026-06-30,MSFT_10K_2026-07-29.txt,531,• Ensuring our cloud-based and AI services meet the reliability expectations and specific requirements of our customers and maintain the security of their data as well as help them meet their own compliance needs.,substantive,yes,focal_firm,planned,NA,NA,customer_facing_product,unspecified_ai,security,no,yes,2,1,NA,NA,no,no,no,no,no,NA,NA,medium,yes,Normative AI business execution priority; no concrete operational application or rollout.,Success-condition bullet states direction rather than deployment.,no,yes,1,NA,yes,NA,yes,MSFT_10K_2026-07-29.txt:L531 (full parent/context),66320,66533,531,531,NA,claim,expanded_2026_10_08_v2
MSFT_claim_683c86d76774d746b181,MSFT_10K_2026-07-29:L533:81bd6782b07e912a,MSFT,2026-06-30,MSFT_10K_2026-07-29.txt,533,"• Making our suite of cloud-based and AI products and services platform-agnostic and maintaining the utility, compatibility, and performance of our cloud-based and AI products and services on the growing array of computing devices, including PCs, smartphones, tablets, gaming consoles, and other devices.",substantive,yes,focal_firm,planned,NA,NA,customer_facing_product,unspecified_ai,innovation,no,yes,2,1,NA,NA,no,no,no,no,no,NA,NA,medium,yes,Normative AI business execution priority; no concrete operational application or rollout.,Success-condition bullet states direction rather than deployment.,no,yes,1,NA,yes,NA,yes,MSFT_10K_2026-07-29.txt:L533 (full parent/context),66537,66841,533,533,NA,claim,expanded_2026_10_08_v2
MSFT_claim_551ce1ce4ed1ead203ad,MSFT_10K_2026-07-29:L537:9566ff0b9d71caf0,MSFT,2026-06-30,MSFT_10K_2026-07-29.txt,537,"Our cloud-based and AI products and services may be misused by customers, users, or malicious actors for unintended, fraudulent, abusive, or unlawful purposes. Our efforts to detect, prevent, and mitigate such misuse may not be successful, which could result in reputational harm, regulatory scrutiny, service disruptions, or adverse impacts on our business, financial condition, and results of operations.",substantive,yes,focal_firm,hypothetical,NA,NA,customer_facing_product,unspecified_ai,NA,no,yes,2,NA,NA,NA,no,no,yes,yes,NA,NA,NA,high,no,AI misuse exposure and existing mitigation efforts; no AI control tool deployment.,NA,no,no,NA,NA,no,misuse|operational|regulatory|reputational,no,NA,67456,67862,537,537,NA,claim,expanded_2026_10_08_v2
MSFT_claim_1a599f7a1b63e6b30468,MSFT_10K_2026-07-29:L545:90963dbbab842407,MSFT,2026-06-30,MSFT_10K_2026-07-29.txt,545,"We will continue to make significant investments in research, development, and marketing for existing products, services, and technologies, including AI-based products and services.",substantive,yes,focal_firm,planned,NA,NA,research_and_development,unspecified_ai,NA,yes,yes,2,NA,NA,NA,yes,no,no,no,NA,NA,NA,high,no,Explicit continuing investment in AI product R&D and marketing.,NA,no,no,NA,NA,no,NA,no,NA,68034,68215,545,545,NA,claim,expanded_2026_10_08_v2
MSFT_claim_7a8fb4678bea54d7a86e,MSFT_10K_2026-07-29:L545:90963dbbab842407,MSFT,2026-06-30,MSFT_10K_2026-07-29.txt,545,"Investments in new technology are speculative. Commercial success depends on many factors, including innovation, developer support, and effective distribution and marketing. If customers do not perceive our latest offerings as providing significant new functionality or other value, they may reduce their purchases of new software and hardware products or upgrades, unfavorably affecting revenue. We may not achieve significant revenue from new product, service, and distribution channel investments for several years, if at all. New products and services may not be profitable or may not achieve operating margins as high as we have experienced historically. We may not get engagement in certain features that drive post-sale monetization opportunities. Our data-handling practices across our products and services will continue to be under scrutiny. Perceptions of mismanagement, driven by regulatory activity or negative public reaction to our practices or product experiences, could negatively impact product and feature adoption. Developing new technologies is complex. It can require long development and testing periods. We could experience significant delays in new releases or significant problems in creating new products or services. These factors could adversely affect our business, financial condition, and results of operations.",substantive,yes,focal_firm,hypothetical,NA,NA,research_and_development,unspecified_ai,NA,no,yes,2,NA,NA,NA,no,no,yes,no,NA,NA,NA,high,no,Speculative product investments and uncertain monetization; no realized AI outcome.,NA,no,no,NA,NA,no,financial|operational,yes,MSFT_10K_2026-07-29.txt:L545 (full parent/context),68387,69730,545,545,NA,claim,expanded_2026_10_08_v2
MSFT_claim_8284a45acd456bd94973,MSFT_10K_2026-07-29:L547:7b6dafe00b6450a8,MSFT,2026-06-30,MSFT_10K_2026-07-29.txt,547,"Additionally, we have a long-term strategic partnership with OpenAI.",substantive,yes,focal_firm,current,NA,NA,partnership_or_investment,unspecified_ai,NA,no,no,2,NA,NA,NA,no,yes,no,no,NA,NA,NA,high,no,Existing OpenAI partnership; no implemented application established.,NA,no,no,NA,NA,no,NA,no,NA,70064,70132,547,547,MSFT_openai_partnership,claim,expanded_2026_10_08_v2
MSFT_claim_8ec74fe207b77ea6ecfa,MSFT_10K_2026-07-29:L547:7b6dafe00b6450a8,MSFT,2026-06-30,MSFT_10K_2026-07-29.txt,547,"The success of these transactions and arrangements depend in part on our ability to leverage them to enhance our existing products and services or develop compelling new ones, as well as the acquired companies’ ability to meet our policies and processes in areas such as data governance, privacy, digital safety, responsible AI, and cybersecurity.",substantive,yes,focal_firm,hypothetical,NA,NA,partnership_or_investment,unspecified_ai,NA,no,yes,2,NA,NA,NA,no,no,yes,yes,NA,NA,NA,high,no,"AI governance requirements and transaction risks, not realized benefits.",NA,no,no,NA,NA,no,financial|third_party,no,NA,70953,71300,547,547,NA,claim,expanded_2026_10_08_v2
MSFT_claim_10292745032c9108ef69,MSFT_10K_2026-07-29:L555:20668752edccb635,MSFT,2026-06-30,MSFT_10K_2026-07-29.txt,555,"using social engineering and AI-assisted techniques to induce our employees, users, partners, suppliers, or customers to disclose sensitive information, such as passwords, or take other actions to gain access to our data or our users’ or customers’ data;",substantive,yes,other,current,NA,NA,unclear_or_other,unspecified_ai,NA,no,no,3,NA,NA,NA,no,no,yes,no,NA,NA,NA,high,no,AI-assisted social engineering by attackers creates focal cybersecurity exposure.,NA,no,no,NA,NA,no,cybersecurity|privacy,no,NA,73203,73457,555,555,NA,claim,expanded_2026_10_08_v2
MSFT_claim_06f31a5e72ee217f98da,MSFT_10K_2026-07-29:L563:ef1a0dcd893bdafe,MSFT,2026-06-30,MSFT_10K_2026-07-29.txt,563,"Threat actors also utilize emerging technologies such as AI and machine learning to, among other things, increase the speed and scale of attacks by generating and refining malicious content and code, automate reconnaissance and targeting, accelerate their ability to detect or exploit vulnerabilities, and rapidly iterate on attack techniques, which can broaden the scope, intensity, and sophistication of campaigns and reduce the time we have to identify and mitigate emerging threats.",substantive,yes,other,current,NA,NA,unclear_or_other,unspecified_ai,NA,no,no,3,NA,NA,NA,no,no,yes,no,NA,NA,NA,high,no,"Attackers use AI/ML for malicious content, targeting and vulnerability exploitation.",NA,no,no,NA,NA,no,cybersecurity,no,NA,75408,75894,563,563,NA,claim,expanded_2026_10_08_v2
MSFT_claim_8ac7538f1eafe6f5fb68,MSFT_10K_2026-07-29:L565:2af5be8f4ed06113,MSFT,2026-06-30,MSFT_10K_2026-07-29.txt,565,"Increasing use of AI, including models, algorithms, copilots, and autonomous or semi-autonomous agents, in our internal or third-party systems may create new attack surfaces or methods for adversaries. Our business policies and internal security controls may not keep pace with emerging threats or the evolving regulatory landscape.",substantive,yes,focal_firm,hypothetical,NA,NA,unclear_or_other,unspecified_ai,NA,no,yes,2,NA,NA,NA,no,no,yes,no,NA,NA,NA,medium,yes,Potential attack surfaces from increasing AI in internal or third-party systems; tasks/actors unclear.,Internal and third-party AI use pooled; no identifiable operational task.,no,uncertain,NA,NA,no,cybersecurity|regulatory,no,NA,77927,78259,565,565,NA,claim,expanded_2026_10_08_v2
MSFT_claim_941570338fdd255cd7c9,MSFT_10K_2026-07-29:L567:b0e44a3908efc77b,MSFT,2026-06-30,MSFT_10K_2026-07-29.txt,567,"Further, third parties that we utilize may also face the AI-based enhanced cybersecurity risk as described elsewhere in these risk factors.",substantive,yes,partner,hypothetical,NA,NA,unclear_or_other,unspecified_ai,NA,no,yes,2,NA,NA,NA,no,no,yes,no,NA,NA,NA,high,no,Supplier AI-enhanced cyber threats create focal exposure.,NA,no,no,NA,NA,no,cybersecurity|third_party,no,NA,78642,78781,567,567,NA,claim,expanded_2026_10_08_v2
MSFT_claim_313cbd68b6e3bba81edb,MSFT_10K_2026-07-29:L575:d3d19fd425477b06,MSFT,2026-06-30,MSFT_10K_2026-07-29.txt,575,"Product vulnerabilities can persist even after we have issued security patches if customers have not installed the most recent updates, or if attackers, potentially with the assistance of artificial intelligence, reconstruct and exploit the vulnerabilities before patching.",substantive,yes,other,hypothetical,NA,NA,unclear_or_other,unspecified_ai,NA,no,yes,2,NA,NA,NA,no,no,yes,no,NA,NA,NA,high,no,Attackers may use AI to exploit vulnerabilities before patching.,NA,no,no,NA,NA,no,cybersecurity,no,NA,80754,81027,575,575,NA,claim,expanded_2026_10_08_v2
MSFT_claim_c09018fa7962b55fc9e3,MSFT_10K_2026-07-29:L575:d3d19fd425477b06,MSFT,2026-06-30,MSFT_10K_2026-07-29.txt,575,"For example, code generated by AI could include errors, deficiencies, or vulnerabilities that increase our exposure to cyberattacks.",substantive,yes,focal_firm,hypothetical,NA,NA,unclear_or_other,unspecified_ai,NA,no,yes,2,NA,NA,NA,no,no,yes,no,NA,NA,NA,high,no,"AI-generated code could contain exploitable flaws, without actual coding-tool use.",NA,no,no,NA,NA,no,cybersecurity|model_quality,no,NA,81685,81817,575,575,NA,claim,expanded_2026_10_08_v2
MSFT_claim_ffdb07bcb6b91429eeba,MSFT_10K_2026-07-29:L577:38092dcb4b3591fb,MSFT,2026-06-30,MSFT_10K_2026-07-29.txt,577,"Further, the rapid evolution of AI technologies and use cases may outpace the development, deployment, and effectiveness of security products, controls, and industry standards, particularly in complex customer environments, increasing the risk that security measures will be insufficient to address newly emerging threats.",substantive,yes,customer,hypothetical,NA,NA,customer_adoption_claim,unspecified_ai,NA,no,yes,2,NA,NA,NA,no,no,yes,no,NA,NA,NA,high,no,AI change may outpace security controls in customer environments.,NA,no,no,NA,NA,no,cybersecurity|operational,no,NA,82732,83054,577,577,NA,claim,expanded_2026_10_08_v2
MSFT_claim_67e4023297440547e874,MSFT_10K_2026-07-29:L585:2ff41eb0c89e415f,MSFT,2026-06-30,MSFT_10K_2026-07-29.txt,585,"To defend against security threats to our internal infrastructure, our cloud-based services, and our customers’ systems, we must take a complex and multifaceted approach. This includes continuously engineering more secure products and services, and enhancing security, threat detection, and reliability features, including through the deployment of AI-based and automated defenses.",substantive,yes,focal_firm,planned,MSFT_uc_ai_security_defenses_plan,AI-based threat detection and defenses,customer_facing_product|internal_operations,unspecified_ai,security,no,yes,3,2,no,no,no,no,no,no,no,NA,NA,medium,yes,"Identifiable intended AI-based threat-detection defenses, not asserted current use.",Normative must/include wording supports planned approach; production execution not established.,no,yes,2,resolved,yes,NA,no,NA,84584,84965,585,585,NA,claim,expanded_2026_10_08_v2
MSFT_claim_0879e240c7f297e63959,MSFT_10K_2026-07-29:L593:1d555728f9ffaceb,MSFT,2026-06-30,MSFT_10K_2026-07-29.txt,593,"Customers and third parties granted access to customer systems may fail to update their systems, continue to run software or operating systems we no longer support, may fail to timely install or enable security patches, or may otherwise fail to adopt adequate security practices, including in response to enhanced AI-based threats.",substantive,yes,customer,hypothetical,NA,NA,unclear_or_other,unspecified_ai,NA,no,yes,2,NA,NA,NA,no,no,yes,no,NA,NA,NA,high,no,Customer security deficiencies and AI-enhanced threats may harm business.,NA,no,no,NA,NA,no,cybersecurity|third_party,no,NA,86149,86480,593,593,NA,claim,expanded_2026_10_08_v2
MSFT_claim_56a5d1ee07f35615a462,MSFT_10K_2026-07-29:L599:15e2280990aee6fd,MSFT,2026-06-30,MSFT_10K_2026-07-29.txt,599,"Limitations on our ability to prevent third parties from scraping or gathering information or content through use of bots or other measures and using it for their own benefit due to, among other things, changes in the law, interpretations of law, or increasing use of agentic AI, could adversely affect our business, financial condition, and results of operations.",substantive,yes,other,hypothetical,NA,NA,unclear_or_other,unspecified_ai,NA,no,yes,2,NA,NA,NA,no,no,yes,no,NA,NA,NA,high,no,Agentic scraping may undermine protected product content.,NA,no,no,NA,NA,no,financial|intellectual_property,no,NA,90118,90482,599,599,NA,claim,expanded_2026_10_08_v2
MSFT_claim_413b943fbe04e31cbeb8,MSFT_10K_2026-07-29:L609:da68adaf5933b616,MSFT,2026-06-30,MSFT_10K_2026-07-29.txt,609,"This activity may come from users impersonating other people or organizations, including through the use of AI technologies, dissemination of information that may be viewed as misleading or intended to manipulate the opinions of our users, or the use of our products or services that violates our terms of service or otherwise for objectionable or illegal ends.",substantive,yes,other,hypothetical,NA,NA,unclear_or_other,unspecified_ai,NA,no,yes,2,NA,NA,NA,no,no,yes,no,NA,NA,NA,high,no,AI impersonation and hostile platform activity create reputational exposure.,NA,no,no,NA,NA,no,misuse|reputational,no,NA,90876,91237,609,609,NA,claim,expanded_2026_10_08_v2
MSFT_claim_d5b1819a66b5b962a92e,MSFT_10K_2026-07-29:L613:2b9ed9e910e48ae4,MSFT,2026-06-30,MSFT_10K_2026-07-29.txt,613,"In addition, certain AI technologies, including conversational or emotionally engaging AI systems, may present distinct risks for children and adolescents. Failure to comply with these requirements may subject us to enhanced regulatory oversight, civil or criminal liability, fines and penalties, or other reputational damage, which could adversely affect our business, financial condition, and results of operations.",substantive,yes,focal_firm,hypothetical,NA,NA,customer_facing_product,unspecified_ai,NA,no,yes,2,NA,NA,NA,no,no,yes,no,NA,NA,NA,high,no,Conversational AI child-safety exposures and related compliance risks.,NA,no,no,NA,NA,no,regulatory|reputational|safety,no,NA,92276,92693,613,613,NA,claim,expanded_2026_10_08_v2
MSFT_claim_a21863bc66165d617232,MSFT_10K_2026-07-29:L615:7f31da8a7b9444cc,MSFT,2026-06-30,MSFT_10K_2026-07-29.txt,615,"For example, customers control our products and services, including our AI products, within their environments, and may deploy them in high-risk scenarios or utilize them inappropriately.",substantive,yes,customer,hypothetical,NA,NA,customer_adoption_claim,unspecified_ai,NA,no,yes,2,NA,NA,NA,no,no,yes,no,NA,NA,NA,high,no,Customers may deploy AI products in high-risk scenarios; no actual focal implementation.,NA,no,no,NA,NA,no,misuse|privacy|safety,no,NA,93021,93208,615,615,NA,claim,expanded_2026_10_08_v2
MSFT_claim_3a19aea06ab0af229a46,MSFT_10K_2026-07-29:L617:7bf09618e4708f2c,MSFT,2026-06-30,MSFT_10K_2026-07-29.txt,617,We are providing access to AI across our offerings and enabling customers and partners to build AI-based solutions using our platforms.,substantive,yes,focal_firm,current,NA,NA,infrastructure_or_platform,unspecified_ai,NA,no,no,2,NA,NA,NA,no,no,no,no,NA,NA,NA,high,no,"AI platform access is provided, but no distinct application identified.",NA,no,no,NA,NA,no,NA,no,NA,94007,94142,617,617,NA,claim,expanded_2026_10_08_v2
MSFT_claim_76058b50013d2c3bc4ae,MSFT_10K_2026-07-29:L617:7bf09618e4708f2c,MSFT,2026-06-30,MSFT_10K_2026-07-29.txt,617,"Our AI models and the methodologies used to train them may be flawed. Datasets may be overbroad, insufficient, or contain biased or inaccurate information. Content generated by AI systems may be offensive, illegal, inaccurate, or otherwise harmful. Ineffective or inadequate AI development or deployment practices by Microsoft or others could result in incidents that impair the acceptance of AI solutions, cause harm to individuals, customers, or society, or result in our products and services not working as intended. Human review of certain inputs and outputs or other forms of human oversight may be required, including for agentic AI systems that can take actions autonomously. Companion or highly-personalized AI systems may result in over-reliance or dependence by users that is harmful. Our implementation of AI systems could result in legal liability, regulatory action, litigation, brand, reputational, or competitive harm, or other adverse impacts. These risks may stem from issues related to AI model and system capabilities, intellectual property, data privacy, product liability, and other claims associated with AI training, outputs, and system behavior. They are further compounded by the evolving regulatory landscape, with new laws emerging globally and increased scrutiny from regulators and lawmakers. Certain AI technologies and use cases present ethical issues or may have broad or uneven impacts on society or vulnerable groups within society.",substantive,yes,focal_firm,hypothetical,NA,NA,customer_facing_product,unspecified_ai,NA,no,yes,3,NA,NA,NA,no,no,yes,no,NA,NA,NA,high,no,"AI model/data quality, harm, intellectual-property/privacy and oversight risks.",NA,no,no,NA,NA,no,bias|intellectual_property|misuse|model_quality|privacy|regulatory|reputational|safety,no,NA,94444,95911,617,617,NA,claim,expanded_2026_10_08_v2
MSFT_claim_bf1cc2d8ebc9ba77c2fb,MSFT_10K_2026-07-29:L617:7bf09618e4708f2c,MSFT,2026-06-30,MSFT_10K_2026-07-29.txt,617,"We have experienced, and expect to continue to experience, instances in which the AI solutions we enable or offer produce unintended consequences, are used or customized in unforeseen ways by customers or partners, or operate in a",substantive,yes,focal_firm,current,NA,NA,customer_facing_product,unspecified_ai,NA,no,no,2,NA,NA,NA,no,no,yes,no,no,NA,NA,medium,yes,"Reported unintended AI consequences are qualitative, not attributable numerical benefits.",Sentence continues in next extracted block; no specific application identified.,no,no,NA,NA,no,misuse|model_quality|reputational,yes,MSFT_10K_2026-07-29.txt:L617 (full parent/context),96091,96321,617,617,MSFT_responsible_ai_consequences,claim,expanded_2026_10_08_v2
MSFT_claim_fe7cdac75d67d18c188c,MSFT_10K_2026-07-29:L623:f918aa5888e07d4e,MSFT,2026-06-30,MSFT_10K_2026-07-29.txt,623,"manner inconsistent with our responsible AI policies and practices. These outcomes may give rise to public controversy, societal concerns, or regulatory actions relating to human rights, privacy, employment, or other social, economic, or political issues, and could adversely affect our reputation, competitive position, business, financial condition, and results of operations.",substantive,yes,focal_firm,hypothetical,NA,NA,unclear_or_other,unspecified_ai,NA,no,yes,2,NA,NA,NA,no,no,yes,yes,NA,NA,NA,medium,yes,Continuation refers to responsible-AI policies and adverse consequences.,Continuation requires preceding paragraph; not an independent deployment event.,no,no,NA,NA,no,privacy|regulatory|reputational,yes,MSFT_10K_2026-07-29.txt:L623 (full parent/context),96346,96724,623,623,MSFT_responsible_ai_consequences,claim,expanded_2026_10_08_v2
MSFT_claim_31d8fb9aa6dbb0642afa,MSFT_10K_2026-07-29:L627:46d4656519f0e1e7,MSFT,2026-06-30,MSFT_10K_2026-07-29.txt,627,"We have spent and will continue to spend substantial amounts to build, purchase, or lease datacenters and equipment and to upgrade our technology and network infrastructure. Our infrastructure capacity depends on the availability of permitted and buildable land, predictable and affordable energy, networking supplies, and servers, including graphics processing units and other components. These demands continue to increase as we introduce new products and services and support the growth and the augmentation of existing services, and scale further the incorporation of AI features and/or functionality. We are rapidly growing our business of providing a platform and back-end hosting for services provided by third parties to their end users. In addition, infrastructure in certain geographies carries higher safety and reliability risks. Maintaining, securing, and expanding our infrastructure globally is expensive and complex.",substantive,yes,focal_firm,current,NA,NA,infrastructure_or_platform,unspecified_ai,NA,no,yes,3,NA,NA,NA,yes,no,yes,no,NA,NA,NA,high,no,AI expansion drives infrastructure spending and capacity/reliability risks.,NA,no,no,NA,NA,no,capacity|financial|operational,no,NA,96971,97903,627,627,NA,claim,expanded_2026_10_08_v2
MSFT_claim_f9521087558e83080876,MSFT_10K_2026-07-29:L635:0c57d2a310f0a8c1,MSFT,2026-06-30,MSFT_10K_2026-07-29.txt,635,"We may experience supply problems. There are limited suppliers for certain critical device and datacenter components, and those items are in short supply. We continue to identify and evaluate opportunities to expand our datacenter locations and increase our server capacity to meet the evolving needs of our customers, particularly given the growing demand for AI products and services. Our competitors are also scaling their infrastructure and use some of the same suppliers and materials for hardware components as we do, which impacts price and availability. We depend on the timely availability of critical hardware, equipment, and components used to construct and operate datacenters and related infrastructure. We have experienced and may continue to experience supply constraints, including shortages of semiconductors, networking equipment, power systems, cooling equipment, and other key components. Expanding manufacturing or supply capacity for certain components may require significant investments and multi-year lead times. As components are delayed or become unavailable or more expensive, whether because of supplier capacity constraint, industry shortages, legal or regulatory changes that restrict supply sources, geopolitical tensions, trade restrictions, tariffs, transportation disruptions, supplier financial distress, natural disasters, public health events, instability in regions important to our or our suppliers’ supply chains, or other reasons, we may not obtain timely replacement supplies, or may be able to obtain supplies only by entering into long-term purchase commitments, price commitments, paying prices above prevailing market rates, or other arrangements on terms that are less favorable than prevailing market terms. Any delay or inability to obtain necessary equipment, hardware, or components on acceptable terms and timelines could delay infrastructure deployments, result in reduced sales, higher costs, or",substantive,yes,focal_firm,hypothetical,NA,NA,infrastructure_or_platform,unspecified_ai,NA,no,yes,2,NA,NA,NA,yes,no,yes,no,NA,NA,NA,high,no,AI infrastructure supply shortages and capacity constraints.,NA,no,no,NA,NA,no,capacity|financial|third_party,no,NA,100266,102216,635,635,NA,claim,expanded_2026_10_08_v2
MSFT_claim_6e2da842825b0f4e2da6,MSFT_10K_2026-07-29:L649:f54757c866b3e7aa,MSFT,2026-06-30,MSFT_10K_2026-07-29.txt,649,"Inefficiencies or operational failures, including temporary or permanent loss of customer data, outages, insufficient Internet connectivity, insufficient or unavailable power or water supply, inefficient operation of our of our cloud-based and AI products and services on our infrastructure, or inadequate storage and compute capacity could diminish the actual or perceived quality of our products, services, and user experience, resulting in contractual liability, claims by customers and other third parties, regulatory actions, damage to our reputation, and loss of current and potential users, subscribers, and advertisers, each of which could adversely affect our business, operations, financial condition, and results of operations.",substantive,yes,focal_firm,hypothetical,NA,NA,infrastructure_or_platform,unspecified_ai,NA,no,yes,2,NA,NA,NA,no,no,yes,no,NA,NA,NA,high,no,AI hosting outages/resource insufficiency may degrade service.,NA,no,no,NA,NA,no,capacity|operational|reputational,no,NA,104145,104883,649,649,NA,claim,expanded_2026_10_08_v2
MSFT_claim_c87a00bdd8d7277b92ba,MSFT_10K_2026-07-29:L651:bfb121e3a8d73d7a,MSFT,2026-06-30,MSFT_10K_2026-07-29.txt,651,"We may experience other quality problems. Our AI and other software products and services also have and may in the future experience quality or reliability problems. The processes we use to develop our software are imperfect. Like all software, our software contains bugs and other defects that interfere with their intended operation. Our customers rely on us for critical business functions and multiple workloads. Many of our products and services are interdependent on one another. Our products and services may be impacted by interaction with third-party products and services. Our customers may also utilize their own or third-party products and services whose reliability is dependent on interaction with our products and services. Each of these circumstances potentially magnifies the impact of quality or reliability issues. Weaknesses in our processes could result in defects we do not detect and fix in pre-release testing, which could cause reduced sales, damage to our reputation, repair or remediation costs, delays in the release of new products or versions, or legal liability, any of which could adversely affect our business, financial condition, and results of operations. Although our license agreements typically contain provisions that eliminate or limit our exposure to liability, these provisions may not withstand legal challenge.",substantive,yes,focal_firm,current,NA,NA,customer_facing_product,unspecified_ai,NA,no,yes,2,NA,NA,NA,no,no,yes,no,NA,NA,NA,high,no,AI software reliability problems and prospective liability.,NA,no,no,NA,NA,no,model_quality|operational|reputational,no,NA,104887,106242,651,651,NA,claim,expanded_2026_10_08_v2
MSFT_claim_c47683f43ab55596d2c1,MSFT_10K_2026-07-29:L669:7ce6de9103dc1cf8,MSFT,2026-06-30,MSFT_10K_2026-07-29.txt,669,"• AI: Legislative and regulatory action is evolving with respect to AI, which could increase costs or restrict opportunity. For example, the EU’s AI Act may increase costs or impact the provision or operation of our AI models and services in the European market. In addition, governments may impose restrictions on the development, deployment, availability, or cross-border access to advanced AI models based on safety, cybersecurity, or national security or may apply laws to AI models in ways we cannot anticipate. AI regulatory areas include model and system development and deployment, frontier model safety, transparency, content provenance, digital replicas, and AI companions.",substantive,yes,focal_firm,hypothetical,NA,NA,unclear_or_other,unspecified_ai,NA,no,yes,2,NA,NA,NA,no,no,yes,no,NA,NA,NA,high,no,AI legislation may constrain services and increase costs.,NA,no,no,NA,NA,no,financial|regulatory,no,NA,109412,110095,669,669,NA,claim,expanded_2026_10_08_v2
MSFT_claim_b4d745b8295bd3175f34,MSFT_10K_2026-07-29:L673:82ec2dbf7a4dd038,MSFT,2026-06-30,MSFT_10K_2026-07-29.txt,673,"U.S. tariffs, shifting AI export controls policies, and disagreements among governments on sanctions policies toward third countries, has and may continue to increase operational costs, create uncertainty in the continuity of our products, and accelerate sovereignty initiatives among international partners and customers. The volatility of U.S. tariffs has triggered economic uncertainty and could impact cloud and devices supply chain cost competitiveness. The potential replacement of the rescinded AI Diffusion Rule, expanded export license conditions, and other potential AI-related rulemakings could adversely affect Microsoft’s business, strategy, and operations.",substantive,yes,focal_firm,hypothetical,NA,NA,unclear_or_other,unspecified_ai,NA,no,yes,2,NA,NA,NA,no,no,yes,no,NA,NA,NA,high,no,Changing AI export-control and rulemaking exposure.,NA,no,no,NA,NA,no,financial|regulatory,no,NA,111954,112624,673,673,NA,claim,expanded_2026_10_08_v2
MSFT_claim_ffb10f67209b11fb5b57,MSFT_10K_2026-07-29:L683:bdad18326b9b3260,MSFT,2026-06-30,MSFT_10K_2026-07-29.txt,683,"AI development and deployment has and will likely continue to raise energy use and emissions, making it harder to meet these goals. Any failure or perceived failure to meet our sustainability goals, or to meet various sustainability regulatory requirements, could result in claims and lawsuits, regulatory actions, penalties, or damage to our reputation, each of which could adversely affect our business, operations, financial condition, and results of operations.",substantive,yes,focal_firm,current,NA,NA,unclear_or_other,unspecified_ai,NA,no,yes,2,NA,NA,NA,no,no,yes,no,NA,NA,NA,high,no,AI energy/emission growth creates sustainability-target exposure.,NA,no,no,NA,NA,no,environmental|regulatory|reputational,no,NA,115264,115729,683,683,NA,claim,expanded_2026_10_08_v2
MSFT_claim_c304377c7b4a4a3ef985,MSFT_10K_2026-07-29:L687:dedc79e71d50be68,MSFT,2026-06-30,MSFT_10K_2026-07-29.txt,687,"These claims may arise from a wide variety of business practices and initiatives, including major new product releases, AI products and services, significant business transactions, warranty or product claims, employment practices, and regulation.",substantive,yes,focal_firm,hypothetical,NA,NA,unclear_or_other,unspecified_ai,NA,no,yes,2,NA,NA,NA,no,no,yes,no,NA,NA,NA,high,no,AI products contribute to potential legal claims.,NA,no,no,NA,NA,no,regulatory,no,NA,116726,116972,687,687,NA,claim,expanded_2026_10_08_v2
MSFT_claim_31b603bfaf48adcf3a38,MSFT_10K_2026-07-29:L707:755509cd71dd40e0,MSFT,2026-06-30,MSFT_10K_2026-07-29.txt,707,"From time to time, others claim we infringe their intellectual property rights, including current copyright infringement and other claims arising from AI training, inference, and output.",substantive,yes,focal_firm,current,NA,NA,unclear_or_other,unspecified_ai,NA,no,yes,2,NA,NA,NA,no,no,yes,no,NA,NA,NA,high,no,Current AI training/output intellectual-property litigation and potential costs.,NA,no,no,NA,NA,no,financial|intellectual_property,no,NA,122474,122660,707,707,NA,claim,expanded_2026_10_08_v2
MSFT_claim_4dfd4b6b44e52823857e,MSFT_10K_2026-07-29:L721:5abbe1c366c87b1c,MSFT,2026-06-30,MSFT_10K_2026-07-29.txt,721,"• Public scrutiny of our decisions regarding user privacy, data practices, content, or development and deployment of AI.",substantive,yes,focal_firm,hypothetical,NA,NA,unclear_or_other,unspecified_ai,NA,no,yes,2,NA,NA,NA,no,no,yes,no,NA,NA,NA,high,no,Scrutiny of AI development/data practices creates reputational exposure.,NA,no,no,NA,NA,no,privacy|reputational,yes,MSFT_10K_2026-07-29.txt:L721 (full parent/context),124431,124551,721,721,NA,claim,expanded_2026_10_08_v2
MSFT_claim_d6f8c6e49cb576b74780,MSFT_10K_2026-07-29:L723:c4f18fa3197ed3f0,MSFT,2026-06-30,MSFT_10K_2026-07-29.txt,723,"• Data security breaches, cybersecurity incidents, responsible AI failures, compliance failures, or actions of partners or individual employees.",substantive,yes,focal_firm,hypothetical,NA,NA,unclear_or_other,unspecified_ai,NA,no,yes,2,NA,NA,NA,no,no,yes,no,NA,NA,NA,high,no,Responsible AI and partner failures listed as risks.,NA,no,no,NA,NA,no,regulatory|reputational|safety|third_party,yes,MSFT_10K_2026-07-29.txt:L723 (full parent/context),124555,124699,723,723,NA,claim,expanded_2026_10_08_v2
MSFT_claim_2c16bd94af3d4281ac52,MSFT_10K_2026-07-29:L761:033b091698a76d57,MSFT,2026-06-30,MSFT_10K_2026-07-29.txt,761,"We continuously monitor our computing environments, products, and services for vulnerabilities and signs of compromise, and we utilize our own security products, third-party security products, and leading artificial intelligence models to combat cybersecurity threats.",substantive,yes,focal_firm,current,MSFT_uc_internal_ai_cybersecurity,AI model cybersecurity threat defense,internal_operations,unspecified_ai,security,no,no,3,4,yes,no,no,no,no,no,no,NA,NA,high,no,AI models currently used in continuous cybersecurity monitoring/defense.,NA,no,yes,4,resolved,no,NA,no,NA,137305,137573,766,766,NA,claim,expanded_2026_10_08_v2
MSFT_claim_709013f23e8adba6aa8e,MSFT_10K_2026-07-29:L774:c4738897eb6624c5,MSFT,2026-06-30,MSFT_10K_2026-07-29.txt,774,"Our CISO leads the strategy, engineering, and operations of cybersecurity across the company, and reports to the EVP of Cloud + AI.",irrelevant,yes,focal_firm,unclear,NA,NA,NA,NA,NA,NA,NA,NA,NA,NA,NA,NA,NA,NA,NA,NA,NA,NA,high,no,"Cloud + AI is an executive-title keyword, not AI governance evidence.",NA,no,no,NA,NA,NA,NA,no,NA,141749,141880,778,778,NA,screening,expanded_2026_10_08_v2
MSFT_claim_1b4f9b0653389e63076f,MSFT_10K_2026-07-29:L872:77d676da0b5b3410,MSFT,2026-06-30,MSFT_10K_2026-07-29.txt,872,"Microsoft is a technology company committed to making digital technology and artificial intelligence (“AI”) available broadly and doing so responsibly, with a mission to empower every person and every organization on the planet to achieve more. We create platforms and applications, powered by AI, that deliver innovative solutions that meet the evolving needs of our customers.",substantive,yes,focal_firm,current,NA,NA,unclear_or_other,unspecified_ai,innovation|responsible_ai,yes,no,1,1,NA,NA,no,no,no,no,no,NA,NA,high,no,Broad responsible AI mission and innovative portfolio direction.,NA,no,yes,1,NA,yes,NA,no,NA,149288,149666,872,872,MSFT_responsible_ai_mission,claim,expanded_2026_10_08_v2
MSFT_claim_f940f98e8bec30919a00,MSFT_10K_2026-07-29:L902:89414b2b53d472b6,MSFT,2026-06-30,MSFT_10K_2026-07-29.txt,902,"We have a long-term strategic partnership with OpenAI which was originally established in 2019. In October 2025 and April 2026, we extended this partnership and continue to build on our shared vision to advance artificial intelligence responsibly and make its benefits broadly accessible. Microsoft is a major investor in OpenAI and will continue to receive revenue-sharing payments.",substantive,yes,focal_firm,current,NA,NA,partnership_or_investment,unspecified_ai,NA,no,no,4,NA,NA,NA,yes,yes,no,no,NA,NA,NA,high,no,Current OpenAI partnership and equity investment; no application deployment.,NA,no,no,NA,NA,no,NA,no,NA,151453,151836,902,902,MSFT_openai_partnership,claim,expanded_2026_10_08_v2
MSFT_claim_5be859182e184016dbb5,MSFT_10K_2026-07-29:L902:89414b2b53d472b6,MSFT,2026-06-30,MSFT_10K_2026-07-29.txt,902,"We hold rights to OpenAI’s intellectual property, including models and infrastructure, for integration into our products.",substantive,yes,focal_firm,current,NA,NA,partnership_or_investment,unspecified_ai,NA,no,no,2,NA,NA,NA,no,yes,no,no,NA,NA,NA,high,no,"Model/IP integration rights are access rights, not deployment.",NA,no,no,NA,NA,no,NA,no,NA,151837,151958,902,902,NA,claim,expanded_2026_10_08_v2
MSFT_claim_54adbe521b43c94ba828,MSFT_10K_2026-07-29:L912:a501d3410f27b049,MSFT,2026-06-30,MSFT_10K_2026-07-29.txt,912,"The investments we are making in cloud and AI infrastructure and devices will continue to increase our operating costs and may decrease our operating margins. We continue to identify and evaluate opportunities to expand our datacenter locations and increase our server capacity to meet the evolving needs of our customers, particularly given the growing demand for AI services. Our datacenters depend on the availability of permitted and buildable land, predictable energy, networking supplies, and servers, including graphics processing units and other components. Our devices are primarily manufactured by third-party contract manufacturers. For the majority of our products, we have the ability to use other manufacturers if a current vendor becomes unavailable or unable to meet our requirements. However, some of our products contain certain components for which there are very few qualified suppliers. Extended or unforeseen disruptions, or limited availability of components from these suppliers could impact our ability to operate our datacenters and manufacture devices on time to meet consumer demand.",substantive,yes,focal_firm,current,NA,NA,infrastructure_or_platform,unspecified_ai,NA,no,yes,2,NA,NA,NA,yes,no,yes,no,NA,NA,NA,medium,yes,"AI infrastructure spending, input supply and margin exposure.",Risks include non-AI devices; no AI-specific numerical effect.,no,no,NA,NA,no,capacity|financial|third_party,no,NA,152712,153823,912,912,NA,claim,expanded_2026_10_08_v2
MSFT_claim_365ffdd0310da93491c3,MSFT_10K_2026-07-29:L954:bc597386926ce32e,MSFT,2026-06-30,MSFT_10K_2026-07-29.txt,954,"Microsoft 365 Commercial cloud revenue growth      Revenue from Microsoft 365 Commercial subscriptions, comprising Microsoft 365 Commercial, Enterprise Mobility + Security, the cloud portion of Windows Commercial, the per-user portion of Power BI, Exchange, SharePoint, Microsoft Teams, Microsoft 365 Security and Compliance, and Microsoft 365 Copilot",substantive,yes,focal_firm,current,MSFT_uc_m365_commercial_copilot,Microsoft 365 Copilot commercial productivity assistance,customer_facing_product,unspecified_ai,NA,no,no,2,NA,NA,NA,no,no,no,no,no,NA,NA,high,no,KPI definitions include Copilot; definitions are not realized application outcomes.,NA,no,no,NA,resolved,no,NA,no,NA,158233,158585,954,955,NA,claim,expanded_2026_10_08_v2
MSFT_claim_295916b2a3f9b6815ffe,MSFT_10K_2026-07-29:L954:bc597386926ce32e,MSFT,2026-06-30,MSFT_10K_2026-07-29.txt,954,Azure and other cloud services revenue growth,substantive,yes,focal_firm,current,NA,NA,infrastructure_or_platform,unspecified_ai,NA,no,no,2,NA,NA,NA,no,no,no,no,NA,NA,NA,high,no,Cloud metric catalogue includes AI services without distinct adoption evidence.,NA,no,no,NA,NA,no,NA,no,NA,159269,159314,959,959,NA,claim,expanded_2026_10_08_v2
MSFT_claim_41e74b2d2aa262c296ef,MSFT_10K_2026-07-29:L998:274ccaaff6e76fb0,MSFT,2026-06-30,MSFT_10K_2026-07-29.txt,998,"• Gross margin percentage decreased slightly driven by continued investments in AI infrastructure and growing AI product usage, offset in part by efficiency gains across the Microsoft Cloud.",substantive,yes,focal_firm,current,NA,NA,infrastructure_or_platform,unspecified_ai,NA,no,no,2,NA,NA,NA,yes,no,no,no,no,shared_drivers,gross_margin,high,no,AI investment contributes to shared business financial changes; not a realized application-specific benefit.,NA,no,no,NA,NA,no,NA,no,NA,162659,162849,998,998,NA,claim,expanded_2026_10_08_v2
MSFT_claim_0b3cee997c0e4599ef8f,MSFT_10K_2026-07-29:L1000:4ed64f9ef5021ed2,MSFT,2026-06-30,MSFT_10K_2026-07-29.txt,1000,"• Microsoft Cloud gross margin percentage decreased to 66% driven by continued investments in AI infrastructure and growing AI product usage, offset in part by efficiency gains in Azure and Microsoft 365 Commercial cloud.",substantive,yes,focal_firm,current,NA,NA,infrastructure_or_platform,unspecified_ai,NA,no,no,3,NA,NA,NA,yes,no,no,no,no,shared_drivers,gross_margin,high,no,AI investment contributes to shared business financial changes; not a realized application-specific benefit.,NA,no,no,NA,NA,no,NA,no,NA,162853,163074,1000,1000,NA,claim,expanded_2026_10_08_v2
MSFT_claim_2d1f137aa9fff59797b6,MSFT_10K_2026-07-29:L1002:b2541ce58a7a468b,MSFT,2026-06-30,MSFT_10K_2026-07-29.txt,1002,"Operating expenses increased $4.9 billion or 7% driven by continued investments in research and development compute capacity, AI talent, and data to support product development that benefits the entire portfolio, impairment and other related expenses in our XBOX business, investments in commercial sales, and higher Copilot advertising expenses.",substantive,yes,focal_firm,current,NA,NA,research_and_development,unspecified_ai,NA,no,no,3,NA,NA,NA,yes,no,no,no,no,shared_drivers,operating_or_research_expense,high,no,AI investment contributes to shared business financial changes; not a realized application-specific benefit.,NA,no,no,NA,NA,no,NA,no,NA,163078,163424,1002,1002,NA,claim,expanded_2026_10_08_v2
MSFT_claim_ebf8467c7b3a384c1310,MSFT_10K_2026-07-29:L1050:270d687f58432d71,MSFT,2026-06-30,MSFT_10K_2026-07-29.txt,1050,Microsoft 365 Commercial cloud revenue grew 17% with growth in revenue per user driven by Microsoft 365 Copilot and Microsoft 365 E5.,substantive,yes,focal_firm,current,MSFT_uc_m365_commercial_copilot,Microsoft 365 Copilot commercial productivity assistance,customer_facing_product,unspecified_ai,revenue_growth,no,no,3,4,yes,no,no,no,no,no,no,shared_drivers,commercial_cloud_revenue_growth,medium,yes,Copilot contributes to current revenue per user alongside E5; 17% is total cloud growth.,Copilot's standalone numerical contribution is not given.,no,yes,4,resolved,no,NA,no,NA,166557,166690,1050,1050,NA,claim,expanded_2026_10_08_v2
MSFT_claim_f2942ba5d5b8fdcc5cb2,MSFT_10K_2026-07-29:L1064:3d8bd365638132e5,MSFT,2026-06-30,MSFT_10K_2026-07-29.txt,1064,• Cost of revenue increased $2.6 billion or 12% driven by investments in AI infrastructure to support Microsoft 365 Copilot seat and usage growth.,substantive,yes,focal_firm,current,NA,NA,infrastructure_or_platform,unspecified_ai,NA,no,no,3,NA,NA,NA,yes,no,no,no,no,shared_drivers,cost_of_revenue,high,no,AI investment contributes to shared business financial changes; not a realized application-specific benefit.,NA,no,no,NA,NA,no,NA,no,NA,167589,167735,1064,1064,NA,claim,expanded_2026_10_08_v2
MSFT_claim_0b4d22ed57e7951327c3,MSFT_10K_2026-07-29:L1064:3d8bd365638132e5,MSFT,2026-06-30,MSFT_10K_2026-07-29.txt,1064,Microsoft 365 Copilot seat and usage growth,substantive,yes,focal_firm,current,MSFT_uc_m365_commercial_copilot,Microsoft 365 Copilot commercial productivity assistance,customer_facing_product,unspecified_ai,NA,no,no,2,4,yes,no,no,no,no,no,no,NA,NA,high,no,"Copilot seat and usage growth evidences current commercial product use, not an operational result.",NA,no,yes,4,resolved,no,NA,no,NA,167691,167734,1064,1064,NA,claim,expanded_2026_10_08_v2
MSFT_claim_b32acf87ddfca481fa49,MSFT_10K_2026-07-29:L1066:485df04643afa0b4,MSFT,2026-06-30,MSFT_10K_2026-07-29.txt,1066,"• Gross margin increased $16.6 billion or 17% driven by growth in Microsoft 365 Commercial cloud. Gross margin percentage increased slightly primarily driven by efficiency gains in Microsoft 365 Commercial cloud, offset in part by continued investments in AI infrastructure and growing AI product usage.",substantive,yes,focal_firm,current,NA,NA,infrastructure_or_platform,unspecified_ai,NA,no,no,3,NA,NA,NA,yes,no,no,no,no,shared_drivers,gross_margin,high,no,AI investment contributes to shared business financial changes; not a realized application-specific benefit.,NA,no,no,NA,NA,no,NA,no,NA,167739,168042,1066,1066,NA,claim,expanded_2026_10_08_v2
MSFT_claim_fe599b28f935e9393651,MSFT_10K_2026-07-29:L1068:2ed81d8e8b78ed55,MSFT,2026-06-30,MSFT_10K_2026-07-29.txt,1068,"• Operating expenses increased $2.5 billion or 9% driven by continued investments in research and development compute capacity, AI talent, and data to support product development that benefits the entire portfolio, as well as investments in commercial sales and higher Copilot advertising expenses.",substantive,yes,focal_firm,current,NA,NA,research_and_development,unspecified_ai,NA,no,no,3,NA,NA,NA,yes,no,no,no,no,shared_drivers,operating_or_research_expense,high,no,AI investment contributes to shared business financial changes; not a realized application-specific benefit.,NA,no,no,NA,NA,no,NA,no,NA,168046,168344,1068,1068,NA,claim,expanded_2026_10_08_v2
MSFT_claim_8526da6bc171f064ad32,MSFT_10K_2026-07-29:L1082:b04945af27b80b07,MSFT,2026-06-30,MSFT_10K_2026-07-29.txt,1082,• Cost of revenue increased $17.7 billion or 44% driven by investments in AI infrastructure to support growing customer demand.,substantive,yes,focal_firm,current,NA,NA,infrastructure_or_platform,unspecified_ai,NA,no,no,3,NA,NA,NA,yes,no,no,no,no,shared_drivers,cost_of_revenue,high,no,AI investment contributes to shared business financial changes; not a realized application-specific benefit.,NA,no,no,NA,NA,no,NA,no,NA,169151,169278,1082,1082,NA,claim,expanded_2026_10_08_v2
MSFT_claim_2a6ba307cddd08c7dd21,MSFT_10K_2026-07-29:L1084:427bacf5c1222984,MSFT,2026-06-30,MSFT_10K_2026-07-29.txt,1084,"• Gross margin increased $13.8 billion or 21% driven by growth in Azure. Gross margin percentage decreased driven by the continued investments in AI infrastructure as well as sales mix shift to Azure, offset in part by efficiency gains in Azure.",substantive,yes,focal_firm,current,NA,NA,infrastructure_or_platform,unspecified_ai,NA,no,no,3,NA,NA,NA,yes,no,no,no,no,shared_drivers,gross_margin,high,no,AI investment contributes to shared business financial changes; not a realized application-specific benefit.,NA,no,no,NA,NA,no,NA,no,NA,169282,169527,1084,1084,NA,claim,expanded_2026_10_08_v2
MSFT_claim_4707e154a4af7236716f,MSFT_10K_2026-07-29:L1086:23ab49f88088801f,MSFT,2026-06-30,MSFT_10K_2026-07-29.txt,1086,"• Operating expenses increased $1.4 billion or 7% driven by continued investments in research and development compute capacity, AI talent, and data to support product development that benefits the entire portfolio.",substantive,yes,focal_firm,current,NA,NA,research_and_development,unspecified_ai,NA,no,no,3,NA,NA,NA,yes,no,no,no,no,shared_drivers,operating_or_research_expense,high,no,AI investment contributes to shared business financial changes; not a realized application-specific benefit.,NA,no,no,NA,NA,no,NA,no,NA,169531,169745,1086,1086,NA,claim,expanded_2026_10_08_v2
MSFT_claim_88fa91a108cceb0be13e,MSFT_10K_2026-07-29:L1110:cfbd6c25ba25ec55,MSFT,2026-06-30,MSFT_10K_2026-07-29.txt,1110,"• Operating expenses increased $940 million or 6% driven by impairment and other related expenses in our XBOX business and continued investments in research and development compute capacity, AI talent, and data to support product development that benefits the entire portfolio.",substantive,yes,focal_firm,current,NA,NA,research_and_development,unspecified_ai,NA,no,no,3,NA,NA,NA,yes,no,no,no,no,shared_drivers,operating_or_research_expense,high,no,AI investment contributes to shared business financial changes; not a realized application-specific benefit.,NA,no,no,NA,NA,no,NA,no,NA,171084,171361,1110,1110,NA,claim,expanded_2026_10_08_v2
MSFT_claim_96222e12b852facb73fd,MSFT_10K_2026-07-29:L1126:3516d1e0315b205f,MSFT,2026-06-30,MSFT_10K_2026-07-29.txt,1126,"Research and development expenses also include technology development costs, including AI training and other infrastructure costs, third-party development and programming costs, and the depreciation and amortization of assets used to conduct research and development.",substantive,yes,focal_firm,current,NA,NA,research_and_development,unspecified_ai,NA,no,no,2,NA,NA,NA,yes,no,no,no,NA,NA,NA,high,no,"R&D accounting includes AI training/infrastructure costs, not an experimental-use report.",NA,no,no,NA,NA,no,NA,no,NA,172187,172454,1126,1126,MSFT_ai_research_expense_policy,claim,expanded_2026_10_08_v2
MSFT_claim_bd72c04aefbe1be69787,MSFT_10K_2026-07-29:L1130:4e3eacfc0c9e0da8,MSFT,2026-06-30,MSFT_10K_2026-07-29.txt,1130,"Research and development expenses increased $3.1 billion or 9% driven by continued investments in compute capacity, AI talent, and data to support product development that benefits the entire portfolio, as well as impairment and other related expenses in our XBOX business.",substantive,yes,focal_firm,current,NA,NA,research_and_development,unspecified_ai,NA,no,no,3,NA,NA,NA,yes,no,no,no,no,shared_drivers,operating_or_research_expense,high,no,AI investment contributes to shared business financial changes; not a realized application-specific benefit.,NA,no,no,NA,NA,no,NA,no,NA,172509,172782,1130,1130,NA,claim,expanded_2026_10_08_v2
MSFT_claim_64facfa66b602f0b635f,MSFT_10K_2026-07-29:L1146:85949db223adafa9,MSFT,2026-06-30,MSFT_10K_2026-07-29.txt,1146,Sales and marketing expenses increased $1.1 billion or 4% driven by investments in commercial sales and higher Copilot advertising expenses.,substantive,yes,focal_firm,current,NA,NA,partnership_or_investment,unspecified_ai,NA,no,no,2,NA,NA,NA,yes,no,no,no,no,NA,NA,medium,yes,Copilot advertising expenditure is not itself deployment or an attributable outcome.,Commercial versus consumer Copilot not specified.,no,no,NA,NA,no,NA,no,NA,173653,173793,1146,1146,NA,claim,expanded_2026_10_08_v2
MSFT_claim_d98733ceb3bd51e143b7,MSFT_10K_2026-07-29:L1326:07c2aaba07b57bef,MSFT,2026-06-30,MSFT_10K_2026-07-29.txt,1326,We will continue to invest in capital expenditures to support growth in our cloud offerings and our investments in AI training and other infrastructure.,substantive,yes,focal_firm,planned,NA,NA,infrastructure_or_platform,unspecified_ai,NA,yes,yes,2,NA,NA,NA,yes,no,no,no,NA,NA,NA,high,no,Explicit future capital spending for AI training/infrastructure; no application deployment.,NA,no,no,NA,NA,no,NA,no,NA,192518,192670,1326,1326,NA,claim,expanded_2026_10_08_v2
MSFT_claim_107c7edd8e5f58e8462b,MSFT_10K_2026-07-29:L1644:5ffef9a786c8b286,MSFT,2026-06-30,MSFT_10K_2026-07-29.txt,1644,"Service and other revenue includes sales from cloud-based solutions that provide customers with AI, software, services, platforms, and content such as Azure, Office 365, Enterprise Mobility and Security, LinkedIn, Dynamics 365, and XBOX; solution support; and consulting services.",substantive,yes,focal_firm,current,NA,NA,customer_facing_product,unspecified_ai,NA,no,no,2,NA,NA,NA,no,no,no,no,NA,NA,NA,high,no,"Revenue accounting describes generic AI service portfolio, not independent application evidence.",NA,no,no,NA,NA,no,NA,no,NA,230175,230455,1658,1658,NA,claim,expanded_2026_10_08_v2
MSFT_claim_3d7a6eb33eb4781cca90,MSFT_10K_2026-07-29:L1697:5b778920e1a14eba,MSFT,2026-06-30,MSFT_10K_2026-07-29.txt,1697,"Research and development expenses also include technology development costs, including AI training and other infrastructure costs, third-party development and programming costs, and the depreciation and amortization of assets used to conduct research and development.",substantive,yes,focal_firm,current,NA,NA,research_and_development,unspecified_ai,NA,no,no,2,NA,NA,NA,yes,no,no,no,NA,NA,NA,high,no,Repeated R&D policy includes AI training/infrastructure expenditure.,NA,no,no,NA,NA,no,NA,no,NA,242374,242641,1705,1705,MSFT_ai_research_expense_policy,claim,expanded_2026_10_08_v2
MSFT_claim_8600203b9cf3ca64cf4f,MSFT_10K_2026-07-29:L2623:941f84a9ab44ac1a,MSFT,2026-06-30,MSFT_10K_2026-07-29.txt,2623,"Microsoft 365 Commercial products and cloud services, including Microsoft 365 Commercial cloud, comprising Microsoft 365 Commercial, Enterprise Mobility + Security, the cloud portion of Windows Commercial, the per-user portion of Power BI, Exchange, SharePoint, Microsoft Teams, Microsoft 365 Security and Compliance, and Microsoft 365 Copilot; and Microsoft 365 Commercial products, comprising Windows Commercial on-premises and Office licensed on-premises.",substantive,yes,focal_firm,current,MSFT_uc_m365_commercial_copilot,Microsoft 365 Copilot commercial productivity assistance,customer_facing_product,unspecified_ai,NA,no,no,2,NA,NA,NA,no,no,no,no,NA,NA,NA,high,no,Repeated Copilot segment catalogue; no new deployment event.,NA,no,no,NA,resolved,no,NA,no,NA,313250,313708,2629,2629,NA,claim,expanded_2026_10_08_v2
MSFT_claim_e9103566d574a3288b9e,MSFT_10K_2026-07-29:L2623:941f84a9ab44ac1a,MSFT,2026-06-30,MSFT_10K_2026-07-29.txt,2623,"Server products and cloud services, including Azure and other cloud services, comprising cloud and AI consumption-based services, GitHub cloud services, Health and Life Sciences cloud services (formerly Nuance Healthcare cloud services), virtual desktop offerings, and other cloud services; and Server products, comprising SQL Server, Windows Server, Visual Studio, System Center, related Client Access Licenses, and other on-premises offerings.",substantive,yes,focal_firm,current,NA,NA,infrastructure_or_platform,unspecified_ai,NA,no,no,2,NA,NA,NA,no,no,no,no,NA,NA,NA,high,no,AI-consumption service segment catalogue does not identify a new application.,NA,no,no,NA,NA,no,NA,no,NA,314403,314848,2639,2639,NA,claim,expanded_2026_10_08_v2
MSFT_claim_4876caf0761ed4478937,MSFT_10K_2026-07-29:L2623:941f84a9ab44ac1a,MSFT,2026-06-30,MSFT_10K_2026-07-29.txt,2623,"Search advertising (formerly Search and news advertising), comprising Bing, Copilot, Microsoft News, Microsoft Edge, and third-party affiliates.",uncertain,yes,focal_firm,current,NA,NA,customer_facing_product,NA,NA,NA,NA,NA,NA,NA,NA,NA,NA,NA,NA,NA,NA,NA,low,yes,Search Copilot catalogue lacks AI linkage for this brand.,Search Copilot's AI identity is not specified.,no,uncertain,NA,NA,NA,NA,no,NA,315638,315782,2649,2649,NA,screening,expanded_2026_10_08_v2
MSFT_claim_90806b844e5f22c9fc72,MSFT_10K_2026-07-29:L2655:a403bcfa4890d68a,MSFT,2026-06-30,MSFT_10K_2026-07-29.txt,2655,"Operating expenses that are allocated primarily include those relating to our investments in AI infrastructure and training, as well as marketing of products and services, from which multiple segments benefit and are generally allocated based on relative gross margin.",substantive,yes,focal_firm,current,NA,NA,infrastructure_or_platform,unspecified_ai,NA,no,no,2,NA,NA,NA,yes,no,no,no,NA,NA,NA,high,no,"Segment cost allocation includes AI infrastructure/training, not operational adoption outcomes.",NA,no,no,NA,NA,no,NA,no,NA,316373,316641,2655,2655,NA,claim,expanded_2026_10_08_v2
ADBE_claim_129018537137bb12a048,ADBE_10K_2026-01-15:L126:83b3bd2b7dec8d31,ADBE,2025-11-28,ADBE_10K_2026-01-15.txt,126,"In addition to historical information, this Annual Report on Form 10-K contains “forward-looking statements” within the meaning of applicable securities laws, including statements related to our product development plans and new or enhanced offerings; our business, strategy, artificial intelligence (“AI”) and innovation momentum; our market and AI opportunity and future growth; market and AI trends; macroeconomic conditions; fluctuations in foreign currency exchange rates; strategic investments; customer success and groups; and industry positioning. In addition, when used in this report, the words “will,” “expects,” “could,” “would,” “may,” “anticipates,” “intends,” “plans,” “believes,” “seeks,” “targets,” “estimates,” “looks for,” “looks to,” “continues” and similar expressions, as well as statements regarding our focus for the future, are generally intended to identify forward-looking statements. Each of the forward-looking statements we make in this report involves risks, uncertainties and assumptions based on information available to us as of the date of this report. Such risks and uncertainties, many of which relate to matters beyond our control, could cause actual results to differ materially and adversely from these forward-looking statements. Factors that might cause or contribute to such differences include, but are not limited to, those discussed in the section titled “Risk Factors” in Part I, Item 1A of this report and elsewhere herein. The risks described herein and in Adobe’s other filings with the U.S. Securities and Exchange Commission (the “SEC”), including our Quarterly Reports on Form 10-Q to be filed in fiscal 2026, should be carefully reviewed. Undue reliance should not be placed on the forward-looking financial information set forth in this report, which reflects estimates based on information available as of the date of this report. Adobe assumes no obligation to, and does not currently intend to, update these forward-looking statements.",context_only,yes,focal_firm,planned,NA,NA,NA,NA,NA,NA,yes,NA,NA,NA,NA,NA,NA,NA,NA,NA,NA,NA,high,no,"Forward-looking topic inventory, not a substantive commitment or implemented action.",NA,no,no,NA,NA,NA,NA,no,NA,9117,11110,126,126,NA,screening,expanded_2026_10_08_v2
ADBE_claim_d3782e4add6640aa0a6b,ADBE_10K_2026-01-15:L138:4358fd7d7061f4ac,ADBE,2025-11-28,ADBE_10K_2026-01-15.txt,138,"Our focus revolves around serving our customer audiences: business professionals, consumers, creators, creative professionals and marketing professionals. The massive opportunity and evolving role of creativity across roles and industries have driven Adobe’s growth over the past four decades and are expected to continue to drive our growth going forward as we evolve our solutions and routes to market to anticipate the growing needs of our customers. In the artificial intelligence (“AI”) era, we are harnessing the power of AI across our solutions by bringing together our commercially safe first-party and leading partner AI models best suited for the job; deploying conversational and agentic capabilities across offerings; ensuring ubiquity on all surfaces; delivering trusted and secure solutions; and expanding our global presence.",substantive,yes,focal_firm,current,NA,NA,customer_facing_product,unspecified_ai,customer_experience|innovation,no,no,2,1,NA,NA,no,yes,no,no,no,NA,NA,high,no,"AI product strategy includes model partners and agentic capabilities, without specific applications.",NA,no,yes,1,NA,yes,NA,no,NA,11857,12697,138,138,NA,claim,expanded_2026_10_08_v2
ADBE_claim_1adfc04951ededff4bf4,ADBE_10K_2026-01-15:L140:f0a4344426442cd7,ADBE,2025-11-28,ADBE_10K_2026-01-15.txt,140,"Adobe’s value proposition is to empower creative expression across multiple media types and channels, at scale, in a collaborative and secure environment, with an end-to-end integrated platform spanning ideation, creation, production and activation. We power the entire content workflow with Adobe’s AI platform, which offers customers brand safety, compliance, intellectual property protection, and reliability.",substantive,yes,focal_firm,current,NA,AI content workflow platform; specific products unspecified,customer_facing_product,genai,innovation,no,no,3,4,yes,no,no,no,no,yes,no,NA,NA,medium,yes,"Current AI content-workflow platform is asserted, but its identity cannot be equated automatically with Firefly.",Broad Adobe AI platform spans multiple products; no specific application identity.,no,yes,4,not_identified,no,NA,yes,ADBE_10K_2026-01-15.txt:L140 (full parent/context),12701,13113,140,140,NA,claim,expanded_2026_10_08_v2
ADBE_claim_d246a2ca29ce55f23db6,ADBE_10K_2026-01-15:L144:b72f45440f8fde6b,ADBE,2025-11-28,ADBE_10K_2026-01-15.txt,144,"Adobe’s strategy is to empower our customer audiences - business professionals, consumers, creators, creative professionals and marketing professionals - to be more creative, productive and successful. Underpinning our customer-focused solutions is our AI strategy and Adobe’s AI platform. As a technology leader that unleashes creativity, productivity and customer experience orchestration, we deliver end-to-end professional creative and marketing solutions. We support our customers to transform the way they connect with their customers and bring creativity and marketing together in new and powerful ways through a connected ecosystem of tools, agents and workflows. We are scaling differentiated digital and enterprise routes to market and automated workflows to expand our brand value and global reach.",substantive,yes,focal_firm,current,NA,NA,unclear_or_other,unspecified_ai,customer_experience|innovation|workforce_productivity,no,no,2,1,NA,NA,no,no,no,no,no,NA,NA,high,no,Customer-focused creative/productivity AI strategic direction.,NA,no,yes,1,NA,yes,NA,no,NA,13143,13952,144,144,NA,claim,expanded_2026_10_08_v2
ADBE_claim_fdce7568e55864601e38,ADBE_10K_2026-01-15:L156:112c1d5eefecc447,ADBE,2025-11-28,ADBE_10K_2026-01-15.txt,156,"Creativity and productivity are merging and changing how everyone communicates digitally. Business professionals and consumers seek intuitive, all-in-one solutions that seamlessly integrate creativity and productivity across web and mobile. They require tools to digest and gain insights from vast amounts of information and data. They value ease of use, enabled by freemium models that provide accessible entry points to powerful tools that span document consumption and content creation. AI-powered features and conversational interfaces are increasingly replacing traditional templates, offering dynamic and personalized workflows that enhance efficiency.",context_only,no,industry,current,NA,NA,NA,NA,NA,NA,NA,NA,NA,NA,NA,NA,NA,NA,NA,NA,NA,NA,high,no,General customer needs and industry interface trends; not focal implementation.,NA,no,no,NA,NA,NA,NA,no,NA,14741,15399,156,156,NA,screening,expanded_2026_10_08_v2
ADBE_claim_e5b619282eb195d0e0fd,ADBE_10K_2026-01-15:L158:e9a09cba874e0b8a,ADBE,2025-11-28,ADBE_10K_2026-01-15.txt,158,"For Business Professionals & Consumers, we are democratizing productivity and creativity with AI-driven, quick and easy applications (“apps”) that enable users to be creative and productive whether consuming or generating content across multiple media types and channels. With Acrobat Studio, which brings together Adobe Acrobat and Express to deliver more product value, we are evolving Acrobat from a leading document productivity app to an integrated destination for people to get insights faster, create standout content and collaborate more seamlessly. Our Acrobat solutions, from our freemium Acrobat Reader to Acrobat AI Assistant to our AI-powered productivity and creativity destination, Acrobat Studio, facilitate frictionless onboarding and scaled reach in serving the billions of potential users in this customer group.",substantive,yes,focal_firm,current,ADBE_uc_acrobat_ai_assistant,Acrobat conversational document assistance,customer_facing_product,genai,workforce_productivity,no,no,3,4,yes,no,no,no,no,no,no,NA,NA,medium,yes,Acrobat AI assistant and Studio currently serve document insight and creation workflows.,Several related Acrobat products are grouped under document assistance; separate PDF Spaces below.,no,yes,4,resolved,no,NA,yes,ADBE_10K_2026-01-15.txt:L158|ADBE_10K_2026-01-15.txt:L208-L212,15403,16234,158,158,NA,claim,expanded_2026_10_08_v2
ADBE_claim_288808cadfb4b9c454d5,ADBE_10K_2026-01-15:L162:ead91ed905083b74,ADBE,2025-11-28,ADBE_10K_2026-01-15.txt,162,"Creators and creative professionals need AI-driven solutions that provide power and precision from ideation and creation to production and delivery. They want a powerful destination for creative expression and access to leading AI models. They require seamless collaboration capabilities, powerful ideation tools, conversational and agentic AI solutions and flexible access to web, mobile, and desktop applications to meet the growing demand for high-quality, personalized content in a fast-paced digital economy.",context_only,no,customer,current,NA,NA,NA,NA,NA,NA,NA,NA,NA,NA,NA,NA,NA,NA,NA,NA,NA,NA,high,no,"Creative customer needs, not an actual Adobe implementation.",NA,no,no,NA,NA,NA,NA,no,NA,16276,16789,162,162,NA,screening,expanded_2026_10_08_v2
ADBE_claim_9c2c24b3afd67da4a7a5,ADBE_10K_2026-01-15:L164:af46799821318d5c,ADBE,2025-11-28,ADBE_10K_2026-01-15.txt,164,"As AI fundamentally transforms content production, distribution and monetization, our solutions accelerate creative expression for creators and creative professionals and enable anyone to create by using the AI functionality infused in our flagship creative applications as well as our AI-first solutions. We offer an end-to-end, ideation-to-creation platform powered by our commercially safe Firefly models and an expansive partner model ecosystem, offering customers choice and flexibility without the friction of switching between workflows and platforms.",substantive,yes,focal_firm,current,ADBE_uc_firefly_content,Firefly generative content creation and editing,customer_facing_product,genai,innovation,no,no,3,4,yes,no,no,yes,no,no,no,NA,NA,high,no,Currently offered Firefly ideation/creation platform and model ecosystem.,NA,no,yes,4,resolved,no,NA,no,NA,16793,17351,164,164,NA,claim,expanded_2026_10_08_v2
ADBE_claim_cca9798be566499a9664,ADBE_10K_2026-01-15:L166:645000cfe280a10e,ADBE,2025-11-28,ADBE_10K_2026-01-15.txt,166,"Marketing professionals require AI-driven solutions that enable them to create, manage and optimize personalized digital experiences at scale and to enhance brand visibility across the content supply chain. They need agility, self-service capabilities, and integrated workflows to collaborate effectively with creative teams and agencies and meet the increasing demand for compelling content.",context_only,no,customer,current,NA,NA,NA,NA,NA,NA,NA,NA,NA,NA,NA,NA,NA,NA,NA,NA,NA,NA,high,no,Marketing-customer needs are contextual rather than implementation evidence.,NA,no,no,NA,NA,NA,NA,no,NA,17355,17747,166,166,NA,screening,expanded_2026_10_08_v2
ADBE_claim_c012e265c0dc2d9a76d3,ADBE_10K_2026-01-15:L168:4f92cb6fe2c363b7,ADBE,2025-11-28,ADBE_10K_2026-01-15.txt,168,"Adobe Experience Platform is a customer data platform that serves as a foundation in enterprises for digital customer engagement and brings together AI-powered apps and agents to efficiently drive engagement and loyalty. Through AI-powered features and AI agents, our solutions enable businesses to provide real-time orchestration of customer journeys and help marketers deliver impactful, data-driven campaigns while optimizing return on investment.",substantive,yes,focal_firm,current,ADBE_uc_aep_journey_orchestration,AEP AI customer engagement/journey orchestration,customer_facing_product,unspecified_ai,customer_experience|efficiency,no,no,4,4,yes,no,no,no,no,no,no,NA,NA,high,no,AI-powered AEP apps currently orchestrate customer engagement journeys.,NA,no,yes,4,resolved,no,NA,no,NA,18629,19079,168,168,NA,claim,expanded_2026_10_08_v2
ADBE_claim_d12cbf85de5eae9b77c5,ADBE_10K_2026-01-15:L168:4f92cb6fe2c363b7,ADBE,2025-11-28,ADBE_10K_2026-01-15.txt,168,"Our competitive differentiation comes from the increased value we provide customers by integrating the Adobe Experience Platform with our comprehensive set of solutions and embedding AI into our portfolio of solutions, such as Adobe Experience Platform AI Assistant.",substantive,yes,focal_firm,current,ADBE_uc_aep_ai_assistant,AEP conversational platform assistance,customer_facing_product,genai,competitive_positioning,no,no,2,4,yes,no,no,no,no,no,no,NA,NA,medium,yes,Named AI Assistant integrated into Adobe's customer platform.,GenAI identity established in product definition below.,no,yes,4,resolved,no,NA,yes,ADBE_10K_2026-01-15.txt:L168|ADBE_10K_2026-01-15.txt:L290,18362,18628,168,168,NA,claim,expanded_2026_10_08_v2
ADBE_claim_ccaa6edc8232f5c55795,ADBE_10K_2026-01-15:L173:f743a87bd7b5db19,ADBE,2025-11-28,ADBE_10K_2026-01-15.txt,173,AI Strategy,context_only,yes,focal_firm,unclear,NA,NA,NA,NA,NA,NA,NA,NA,NA,NA,NA,NA,NA,NA,NA,NA,NA,NA,high,no,AI strategy section heading carries no independently interpretable substantive statement.,NA,no,no,NA,NA,NA,NA,yes,ADBE_10K_2026-01-15.txt:L173 (full parent/context),19983,19994,173,173,NA,screening,expanded_2026_10_08_v2
ADBE_claim_65c8da085b3a734bee41,ADBE_10K_2026-01-15:L175:81241861a7e773a9,ADBE,2025-11-28,ADBE_10K_2026-01-15.txt,175,Adobe’s approach to AI is rooted in the belief that creativity is a uniquely human trait - and that AI has the power to assist and amplify human ingenuity and enhance productivity.,substantive,yes,focal_firm,current,NA,NA,unclear_or_other,unspecified_ai,innovation|workforce_productivity,no,no,1,1,NA,NA,no,no,no,no,no,NA,NA,high,no,Focal AI strategy seeks to amplify creativity/productivity.,NA,no,yes,1,NA,yes,NA,no,NA,20101,20281,175,175,NA,claim,expanded_2026_10_08_v2
ADBE_claim_e474fdb41732abe627b7,ADBE_10K_2026-01-15:L175:81241861a7e773a9,ADBE,2025-11-28,ADBE_10K_2026-01-15.txt,175,"Over the past several years, we have incorporated AI into our solutions and delivered hundreds of AI capabilities to enable customers to create, work and collaborate more efficiently.",substantive,yes,focal_firm,current,NA,Portfolio AI capabilities; independent applications unspecified,customer_facing_product,unspecified_ai,NA,no,no,2,NA,NA,NA,no,no,no,no,no,NA,NA,high,no,"Hundreds of delivered capabilities are scale, not a numerical operational benefit.",NA,no,no,NA,not_identified,no,NA,no,NA,20459,20642,175,175,NA,claim,expanded_2026_10_08_v2
ADBE_claim_b93e921fb9d4fef09cce,ADBE_10K_2026-01-15:L177:ff22f0b235698c96,ADBE,2025-11-28,ADBE_10K_2026-01-15.txt,177,"Applications and Interfaces. Adobe’s AI platform powers the applications and interfaces that customers use every day across their creative, productivity and marketing workflows by bringing together innovations across agents, models and data. These integrations increase the value that our product portfolio delivers to customers with a unified experience across our solutions. We drive higher customer engagement and retention by enhancing our existing solutions and infusing AI in our core applications and launching AI-first applications.",substantive,yes,focal_firm,current,NA,AI-enabled creative/productivity/marketing workflows; apps unspecified,customer_facing_product,unspecified_ai,customer_experience,no,no,3,4,yes,no,no,no,no,no,no,NA,NA,medium,yes,AI platform powers everyday customer workflows; current use but application boundaries broad.,Broad portfolio statement does not establish a distinct countable application.,no,yes,4,not_identified,no,NA,no,NA,20966,21506,177,177,NA,claim,expanded_2026_10_08_v2
ADBE_claim_099c209c4089a333338a,ADBE_10K_2026-01-15:L179:464de616159d706c,ADBE,2025-11-28,ADBE_10K_2026-01-15.txt,179,"We are building agents on the Adobe Experience Platform, informed by our deep understanding of our customers’ needs and the complexity of delivering content at scale, to redefine and simplify the future of customer connection by automating decision-making, optimizing workflows and enabling real-time orchestration of content, data and journeys.",substantive,yes,focal_firm,planned,ADBE_uc_aep_journey_orchestration,AEP AI customer engagement/journey orchestration,customer_facing_product,unspecified_ai,customer_experience|efficiency,no,yes,3,2,no,no,no,no,no,no,no,NA,NA,medium,yes,"AEP AI agents being built for decision/workflow/journey automation, not a reported pilot.",Building indicates intended implementation; no test milestone or production asserted here.,no,yes,2,resolved,yes,NA,no,NA,21739,22084,179,179,NA,claim,expanded_2026_10_08_v2
ADBE_claim_d8369b502c20c9d5b84e,ADBE_10K_2026-01-15:L179:464de616159d706c,ADBE,2025-11-28,ADBE_10K_2026-01-15.txt,179,We offer AI assistants powered by agents that unlock creativity and allow for conversational creation and editing.,substantive,yes,focal_firm,current,NA,Conversational AI creative assistants; product identity unspecified,customer_facing_product,genai,innovation,no,no,3,4,yes,no,no,no,no,no,no,NA,NA,medium,yes,Currently offered conversational creative assistants; exact product identity is not stated.,Unnamed assistants must not be merged automatically into Firefly.,no,yes,4,not_identified,no,NA,no,NA,22085,22199,179,179,NA,claim,expanded_2026_10_08_v2
ADBE_claim_310e02cba981254dd723,ADBE_10K_2026-01-15:L179:464de616159d706c,ADBE,2025-11-28,ADBE_10K_2026-01-15.txt,179,"Our agents and agentic solutions in our Acrobat offerings streamline workflows, drive efficiency, unlock productivity and accelerate time to value.",substantive,yes,focal_firm,current,ADBE_uc_acrobat_ai_assistant,Acrobat conversational document assistance,customer_facing_product,genai,workforce_productivity,no,no,3,4,yes,no,no,no,no,no,no,NA,NA,high,no,Acrobat agents support present document workflows; no numerical realized benefit.,NA,no,yes,4,resolved,no,NA,no,NA,22200,22347,179,179,NA,claim,expanded_2026_10_08_v2
ADBE_claim_f00e72ad1ca9f8a843ba,ADBE_10K_2026-01-15:L181:570f99e04570cf87,ADBE,2025-11-28,ADBE_10K_2026-01-15.txt,181,"In the rapidly evolving AI landscape, where each generative AI model has its own strength, we offer customers flexibility to use the model of their choice directly within certain Adobe solutions to best serve their needs.",substantive,yes,focal_firm,current,ADBE_uc_firefly_content,Firefly generative content creation and editing,customer_facing_product,genai,NA,no,no,3,4,yes,no,no,yes,no,no,no,NA,NA,high,no,Own Firefly creation models and partner model choice are currently offered.,NA,no,yes,4,resolved,no,NA,no,NA,22545,22766,181,181,NA,claim,expanded_2026_10_08_v2
ADBE_claim_237dfde853b71197002f,ADBE_10K_2026-01-15:L181:570f99e04570cf87,ADBE,2025-11-28,ADBE_10K_2026-01-15.txt,181,Customized Models: We offer the ability for individuals and enterprises to train Firefly generative AI models tailored to their specific requirements with their own assets.,substantive,yes,focal_firm,current,ADBE_uc_firefly_custom_models,Firefly custom model training for branded content,customer_facing_product,genai,NA,no,no,3,4,yes,no,no,no,no,no,no,NA,NA,high,no,Currently offered customer-specific Firefly model training.,NA,no,yes,4,resolved,no,NA,no,NA,23375,23547,181,181,NA,claim,expanded_2026_10_08_v2
ADBE_claim_0c3b1f1055dad0190c62,ADBE_10K_2026-01-15:L183:dbb21bc76e3e5bed,ADBE,2025-11-28,ADBE_10K_2026-01-15.txt,183,"In developing our Firefly foundation models, we responsibly harness our unique data assets and help our customers amplify the value of their first-party data. Adobe leverages a rich dataset sourced from licensed content and public domain assets to train our Firefly generative AI models that are commercially safe for our customers. This approach respects creator rights and builds trust among enterprise customers, enabling them to confidently use AI-generated outputs in production workflows.",substantive,yes,focal_firm,current,NA,NA,research_and_development,genai,NA,no,no,3,NA,NA,NA,no,no,no,yes,NA,NA,NA,high,no,Training data rights and human-centred responsible model-development practice.,NA,no,no,NA,NA,no,NA,no,NA,23729,24223,183,183,NA,claim,expanded_2026_10_08_v2
ADBE_claim_aa7a3a3d1f96463f60ab,ADBE_10K_2026-01-15:L183:dbb21bc76e3e5bed,ADBE,2025-11-28,ADBE_10K_2026-01-15.txt,183,"We also work with our customers to help them manage, gain insights from and unlock the power of their first-party data and assets, and build customized models and solutions using such data and assets stored in our applications, systems, and through connections to other business applications.",substantive,yes,focal_firm,current,ADBE_uc_firefly_custom_models,Firefly custom model training for branded content,customer_facing_product,genai,NA,no,no,3,4,yes,no,no,no,no,no,no,NA,NA,medium,yes,Currently supporting custom-model development with customer first-party assets.,Multiple customer-specific model engagements grouped by clearly shared customization task.,no,yes,4,resolved,no,NA,no,NA,24224,24516,183,183,NA,claim,expanded_2026_10_08_v2
ADBE_claim_8056099e0234246d5737,ADBE_10K_2026-01-15:L187:0fc0cc23ff9deb58,ADBE,2025-11-28,ADBE_10K_2026-01-15.txt,187,"We participate in a highly competitive and rapidly evolving environment where our competitors include companies of various sizes and both public and private companies, including large, global companies and smaller companies with more specialized focuses, new entrants, and AI or cloud-native companies. We compete with software companies, AI companies, hardware manufacturers, operating system developers, and social media companies across our business. The markets for our solutions are characterized by rapid technological innovation, new industry standards, evolving distribution and sales models, limited barriers to entry, short product lifecycles, customer price sensitivity, global economic conditions and the frequent entry of new solutions or competitors.",substantive,yes,competitor,current,NA,NA,customer_facing_product,unspecified_ai,NA,no,yes,2,NA,NA,NA,no,no,yes,no,NA,NA,NA,high,no,"AI competitors create focal commercial competitive exposure, without focal adoption evidence.",NA,no,no,NA,NA,no,competitive,no,NA,24535,25299,187,187,NA,claim,expanded_2026_10_08_v2
ADBE_claim_ee71979e0211268fa751,ADBE_10K_2026-01-15:L192:6ce2d596f8bc7233,ADBE,2025-11-28,ADBE_10K_2026-01-15.txt,192,"Our solutions for business professionals and consumers face broad competition from productivity tools and consumer-focused creative tools including general productivity platforms and apps, web- and mobile-first design platforms, an array of easy-to-use desktop, web and mobile content creation apps, AI-first creativity and productivity tools, presentation tools, and social media platforms that offer built-in media editing capabilities.",substantive,yes,competitor,current,NA,NA,customer_facing_product,unspecified_ai,NA,no,no,2,NA,NA,NA,no,no,yes,no,NA,NA,NA,high,no,"AI competitors create focal commercial competitive exposure, without focal adoption evidence.",NA,no,no,NA,NA,no,competitive,no,NA,25664,26102,192,192,NA,claim,expanded_2026_10_08_v2
ADBE_claim_95c2d54fd2c581cabeb4,ADBE_10K_2026-01-15:L194:94d90d109f319bc6,ADBE,2025-11-28,ADBE_10K_2026-01-15.txt,194,"Our solutions for creators and creative professionals face broad competition from both established and emerging players including professional tools and suites for imaging, video, design, 3D, and other creative tasks, purpose-built mobile apps, AI-first creative tools, as well as creative tools integrated into broader desktop, web, and mobile applications.",substantive,yes,competitor,current,NA,NA,customer_facing_product,unspecified_ai,NA,no,no,2,NA,NA,NA,no,no,yes,no,NA,NA,NA,high,no,"AI competitors create focal commercial competitive exposure, without focal adoption evidence.",NA,no,no,NA,NA,no,competitive,no,NA,26106,26464,194,194,NA,claim,expanded_2026_10_08_v2
ADBE_claim_e3234feaf3b358e4259c,ADBE_10K_2026-01-15:L208:493853db5c104bc4,ADBE,2025-11-28,ADBE_10K_2026-01-15.txt,208,"Acrobat AI Assistant, our generative AI-powered conversational engine, gives users the power to work more productively with their PDFs by summarizing and answering questions about documents, providing intelligent citations and quickly generating and formatting content for sharing. Acrobat AI Assistant is available in Acrobat Studio and offered as an add-on to Acrobat Pro, Acrobat Standard and Acrobat Reader.",substantive,yes,focal_firm,current,ADBE_uc_acrobat_ai_assistant,Acrobat conversational document assistance,customer_facing_product,genai,workforce_productivity,no,no,4,4,yes,no,no,no,no,no,no,NA,NA,high,no,Currently available GenAI PDF summarization/question answering assistant.,NA,no,yes,4,resolved,no,NA,no,NA,28176,28587,208,208,NA,claim,expanded_2026_10_08_v2
ADBE_claim_5cb5f6496076341f8870,ADBE_10K_2026-01-15:L212:1ce42758717ff5f8,ADBE,2025-11-28,ADBE_10K_2026-01-15.txt,212,"PDF Spaces turns collections of files and websites into sharable, conversational knowledge hubs with personalized AI Assistants, transforming PDFs from static files into a dynamic environment for uncovering insights, generating ideas, surfacing recommendations, and synthesizing information.",substantive,yes,focal_firm,current,ADBE_uc_pdf_spaces,PDF Spaces conversational multi-document knowledge hubs,customer_facing_product,genai,workforce_productivity,no,no,3,4,yes,no,no,no,no,no,no,NA,NA,high,no,PDF Spaces conversational knowledge hubs integrate personalized assistants.,NA,no,yes,4,resolved,no,NA,yes,ADBE_10K_2026-01-15.txt:L208-L358,29033,29324,212,212,NA,claim,expanded_2026_10_08_v2
ADBE_claim_195499e841470d439b4b,ADBE_10K_2026-01-15:L225:6bfb190192491ec2,ADBE,2025-11-28,ADBE_10K_2026-01-15.txt,225,"Adobe Express is our all-in-one AI content creation app for users of any level, such as novice content creators and communicators, to easily create video, marketing, and social content. Users can easily design high-impact design elements, engaging videos and images, resumes, PDFs, animation and content ready for social media channels and platforms. Adobe Express integrates with other Adobe solutions allowing customers to accelerate, streamline and scale on-brand content creation.",substantive,yes,focal_firm,current,ADBE_uc_express_creation,Adobe Express AI content creation,customer_facing_product,unspecified_ai,innovation,no,no,3,4,yes,no,no,no,no,no,no,NA,NA,high,no,Adobe Express is currently offered AI content-creation app.,NA,no,yes,4,resolved,no,NA,yes,ADBE_10K_2026-01-15.txt:L225 (full parent/context),30379,30863,225,225,NA,claim,expanded_2026_10_08_v2
ADBE_claim_28e1fd07fb7b41d6d8fe,ADBE_10K_2026-01-15:L233:d89172ea9514908b,ADBE,2025-11-28,ADBE_10K_2026-01-15.txt,233,"Creative Cloud Pro includes the Adobe Firefly web app, the premium version of Adobe Express, and AI-powered features natively integrated throughout Adobe Photoshop, Adobe Illustrator and Adobe Premiere Pro. All apps listed below and many more are available through subscriptions to Creative Cloud Pro (except Substance 3D Apps, which are sold separately through the Adobe Substance 3D Collection plan), and many of our apps are also available as standalone subscriptions on Adobe.com.",substantive,yes,focal_firm,current,NA,AI features in Photoshop/Illustrator/Premiere; tasks unspecified,customer_facing_product,unspecified_ai,NA,no,no,3,NA,NA,NA,no,no,no,no,NA,NA,NA,high,no,"Subscribed creative suite includes deployed AI features, distinct app tasks not specified.",NA,no,no,NA,not_identified,no,NA,yes,ADBE_10K_2026-01-15.txt:L233 (full parent/context),31363,31847,233,233,NA,claim,expanded_2026_10_08_v2
ADBE_claim_9e468a854e984842dc9e,ADBE_10K_2026-01-15:L264:db0e51dbb92063f8,ADBE,2025-11-28,ADBE_10K_2026-01-15.txt,264,"Adobe Firefly is Adobe’s family of creative generative AI models that span image, video, vector, audio, and more. The Firefly family of models are infused across Adobe’s solutions and powering new solutions that enhance creativity, marketing and productivity workflows for our customers. Through natural language, reference assets, and intuitive interactions, users can create and edit images, videos, text effects, design templates, vector graphics, and audio.",substantive,yes,focal_firm,current,ADBE_uc_firefly_content,Firefly generative content creation and editing,customer_facing_product,genai,innovation,no,no,3,4,yes,no,no,no,no,no,no,NA,NA,high,no,"Firefly models currently generate/edit images, video, graphics and audio.",NA,no,yes,4,resolved,no,NA,no,NA,35002,35463,264,264,NA,claim,expanded_2026_10_08_v2
ADBE_claim_7db2d6eae9a51f438f94,ADBE_10K_2026-01-15:L266:e74bef54d7ae4c54,ADBE,2025-11-28,ADBE_10K_2026-01-15.txt,266,"Firefly models are commercially safe. They are trained on data Adobe has the rights to use. Every asset generated with Firefly includes Content Credentials, a digital “nutrition label”, to indicate that generative AI was used, bringing more trust and transparency to digital content. In addition, with certain of our enterprise and teams solutions, businesses are eligible to obtain an intellectual property indemnification for AI content generated by most Firefly-powered workflows.",substantive,yes,focal_firm,current,NA,NA,customer_facing_product,genai,NA,no,no,3,NA,NA,NA,no,no,no,yes,NA,NA,NA,high,no,"Content credentials, licensed training and indemnification govern AI outputs.",NA,no,no,NA,NA,no,NA,no,NA,35467,35950,266,266,NA,claim,expanded_2026_10_08_v2
ADBE_claim_3885f514c433f2d17caa,ADBE_10K_2026-01-15:L266:e74bef54d7ae4c54,ADBE,2025-11-28,ADBE_10K_2026-01-15.txt,266,"Adobe Firefly solutions are available in tiered subscription plans: Firefly Standard, Firefly Pro and Firefly Premium.",substantive,yes,focal_firm,current,ADBE_uc_firefly_content,Firefly generative content creation and editing,customer_facing_product,genai,NA,no,no,2,4,yes,no,no,no,no,no,no,NA,NA,high,no,Explicit current subscription availability of Firefly.,NA,no,yes,4,resolved,no,NA,no,NA,35951,36069,266,266,NA,claim,expanded_2026_10_08_v2
ADBE_claim_56c658243c6b935acec9,ADBE_10K_2026-01-15:L270:5b32db3ecfd1bd62,ADBE,2025-11-28,ADBE_10K_2026-01-15.txt,270,"Adobe’s Firefly app is an AI-powered creative space for content ideation, creation and production. The Firefly app includes access to an expansive partner model ecosystem as well as all of Adobe’s AI Firefly models to allow users to generate images, video, vectors, audio and more from a single place, iterate on their creations across Adobe’s creative apps and seamlessly deliver them into production.",substantive,yes,focal_firm,current,ADBE_uc_firefly_content,Firefly generative content creation and editing,customer_facing_product,genai,innovation,no,no,3,4,yes,no,no,yes,no,no,no,NA,NA,high,no,Currently offered Firefly app brings own/partner generation models into content workflow.,NA,no,yes,4,resolved,no,NA,no,NA,36094,36496,270,270,NA,claim,expanded_2026_10_08_v2
ADBE_claim_5900e8ffb2951a7ccfef,ADBE_10K_2026-01-15:L274:d10cc102095b4298,ADBE,2025-11-28,ADBE_10K_2026-01-15.txt,274,Firefly Custom Models enable quick content creation that is on-brand or in an artists’ own aesthetic style through Firefly generative AI image models that are trained with an enterprise’s brand content or an artist’s own person assets.,substantive,yes,focal_firm,current,ADBE_uc_firefly_custom_models,Firefly custom model training for branded content,customer_facing_product,genai,innovation,no,no,3,4,yes,no,no,no,no,no,no,NA,NA,medium,yes,Custom Firefly models trained on brand/artist assets in current product catalogue.,Product description uses capability language; availability supported by model offerings section.,no,yes,4,resolved,no,NA,yes,ADBE_10K_2026-01-15.txt:L208-L358,36531,36766,274,274,NA,claim,expanded_2026_10_08_v2
ADBE_claim_61602ba30edfb6924075,ADBE_10K_2026-01-15:L278:713c675da3454a6d,ADBE,2025-11-28,ADBE_10K_2026-01-15.txt,278,"Firefly Foundry enables enterprises to create deeply-tuned, customized Firefly generative AI models based on their intellectual property, product and brand styles with the support of Adobe scientists and engineers, across a wide variety of use cases.",substantive,yes,focal_firm,current,ADBE_uc_firefly_foundry,Firefly Foundry enterprise deep-tuned model service,customer_facing_product,genai,NA,no,no,3,4,yes,no,no,no,no,no,no,NA,NA,medium,yes,Current Foundry enterprise deep-tuning service described in product catalogue.,Current offering inferred from catalogue context rather than an explicit launch date.,no,yes,4,resolved,no,NA,yes,ADBE_10K_2026-01-15.txt:L208-L358,36795,37045,278,278,NA,claim,expanded_2026_10_08_v2
ADBE_claim_cba7e6de440aedcd0aed,ADBE_10K_2026-01-15:L286:b1977b449b7f9d74,ADBE,2025-11-28,ADBE_10K_2026-01-15.txt,286,"Adobe solutions offered within Adobe GenStudio include Adobe Experience Manager Assets, Adobe Workfront, Firefly Services and Adobe GenStudio for Performance Marketing, a generative AI-first solution that enables marketing teams to use generative AI to quickly create, deliver and optimize on-brand digital experiences to their customers, while allowing brand and creative teams to retain oversight and strategic direction with brand guardrails.",substantive,yes,focal_firm,current,ADBE_uc_genstudio_marketing,GenStudio Performance Marketing content generation,customer_facing_product,genai,customer_experience|innovation,no,no,3,4,yes,no,no,no,no,yes,no,NA,NA,high,no,Offered GenStudio Performance Marketing GenAI content generation/delivery workflow.,NA,no,yes,4,resolved,no,NA,no,NA,37651,38096,286,286,NA,claim,expanded_2026_10_08_v2
ADBE_claim_38860e451c2d157ddecc,ADBE_10K_2026-01-15:L290:b485d7a996f0c7c8,ADBE,2025-11-28,ADBE_10K_2026-01-15.txt,290,"Our customers can leverage Adobe Experience Platform to activate AI-driven insights across apps such as Adobe Real-Time Customer Data Platform, Adobe Customer Journey Analytics and Adobe Journey Optimizer.",substantive,yes,focal_firm,current,ADBE_uc_aep_journey_orchestration,AEP AI customer engagement/journey orchestration,customer_facing_product,unspecified_ai,customer_experience,no,no,3,4,yes,no,no,no,no,no,no,NA,NA,high,no,AEP current AI insights drive customer engagement apps.,NA,no,yes,4,resolved,no,NA,no,NA,38611,38816,290,290,NA,claim,expanded_2026_10_08_v2
ADBE_claim_605adce6ddd5d06d507c,ADBE_10K_2026-01-15:L290:b485d7a996f0c7c8,ADBE,2025-11-28,ADBE_10K_2026-01-15.txt,290,"Additionally, Adobe Experience Platform AI Assistant is a conversational experience that enables creative and marketing professionals to use generative AI and agentic AI capabilities to enhance productivity, improve product mastery and accelerate their workflow efficiency.",substantive,yes,focal_firm,current,ADBE_uc_aep_ai_assistant,AEP conversational platform assistance,customer_facing_product,genai,workforce_productivity,no,no,3,4,yes,no,no,no,no,no,no,NA,NA,high,no,AEP assistant currently offers GenAI/agentic productivity and platform guidance.,NA,no,yes,4,resolved,no,NA,no,NA,38817,39090,290,290,NA,claim,expanded_2026_10_08_v2
ADBE_claim_59a61b3eb09173a8614a,ADBE_10K_2026-01-15:L299:cae9ca7f3cdbb541,ADBE,2025-11-28,ADBE_10K_2026-01-15.txt,299,"Adobe Brand Concierge is an AI-powered solution that helps enterprises configure and manage AI agents and deliver personalized, immersive and conversational experiences for their customers.",substantive,yes,focal_firm,current,ADBE_uc_brand_concierge,Brand Concierge customer conversational engagement,customer_facing_product,unspecified_ai,customer_experience,no,no,3,4,yes,no,no,no,no,no,no,NA,NA,medium,yes,Brand Concierge AI agents for customer conversational experiences in current offering catalogue.,Catalogue establishes current offered product; no customer-side deployment claimed.,no,yes,4,resolved,no,NA,yes,ADBE_10K_2026-01-15.txt:L208-L358,39756,39945,299,299,NA,claim,expanded_2026_10_08_v2
ADBE_claim_a7edad2a9da5e60fa2a8,ADBE_10K_2026-01-15:L303:c969f8c54545672d,ADBE,2025-11-28,ADBE_10K_2026-01-15.txt,303,"Driven by AI and machine learning, Adobe Analytics collects, organizes and structures vast streams of data from virtually any channel, including streaming web data, to deliver real-time insights that are easy for our customers to process, analyze and share to quickly identify problems and opportunities and to drive conversion and relevant customer experiences.",substantive,yes,focal_firm,current,ADBE_uc_adobe_analytics,Adobe Analytics AI customer interaction analysis,customer_facing_product,traditional_ml,customer_experience,no,no,3,4,yes,no,no,no,no,no,no,NA,NA,high,no,Adobe Analytics currently applies AI/ML to customer interaction analysis.,NA,no,yes,4,resolved,no,NA,no,NA,40147,40509,303,303,NA,claim,expanded_2026_10_08_v2
ADBE_claim_ead9bdfcd113767a4b69,ADBE_10K_2026-01-15:L305:77d80fba7dd95665,ADBE,2025-11-28,ADBE_10K_2026-01-15.txt,305,"Adobe Customer Journey Analytics brings a powerful set of analytics tools that allow our customers to interactively explore and visualize the end-to-end customer journey across multiple channels and utilize AI-powered insights, while making such analytics more accessible across their organization, to ensure that customer journeys flow seamlessly regardless of channel.",substantive,yes,focal_firm,current,ADBE_uc_journey_analytics,Customer Journey Analytics AI journey insights,customer_facing_product,unspecified_ai,customer_experience,no,no,3,4,yes,no,no,no,no,no,no,NA,NA,high,no,Current Journey Analytics uses AI insight to explore multi-channel journeys.,NA,no,yes,4,resolved,no,NA,no,NA,40513,40883,305,305,NA,claim,expanded_2026_10_08_v2
ADBE_claim_4106180ed3068e52f073,ADBE_10K_2026-01-15:L309:598faf88d5f89b1a,ADBE,2025-11-28,ADBE_10K_2026-01-15.txt,309,"Adobe Mix Modeler is an AI-powered marketing measurement and planning solution that unifies marketing mix modeling and multi-touch attribution into a single methodology. It helps organizations quantify the incremental impact of paid, earned, and owned channels, optimize budget allocation, and simulate future outcomes using predictive analytics. Mix Modeler delivers consistent, actionable insights across all touchpoints in a single app.",substantive,yes,focal_firm,current,ADBE_uc_mix_modeler,Mix Modeler marketing attribution and budget optimization,customer_facing_product,traditional_ml,efficiency,no,no,3,4,yes,no,no,no,no,no,no,NA,NA,medium,yes,Current Mix Modeler uses AI predictive attribution and budget allocation.,Predictive analytics supports non-generative classification; underlying model not detailed.,no,yes,4,resolved,no,NA,yes,ADBE_10K_2026-01-15.txt:L208-L358,40908,41347,309,309,NA,claim,expanded_2026_10_08_v2
ADBE_claim_117d3f589c7b8503879e,ADBE_10K_2026-01-15:L319:30a45beb57870146,ADBE,2025-11-28,ADBE_10K_2026-01-15.txt,319,Adobe LLM Optimizer,context_only,yes,focal_firm,unclear,NA,NA,NA,NA,NA,NA,NA,NA,NA,NA,NA,NA,NA,NA,NA,NA,NA,NA,high,no,"LLM Optimizer heading needs following product description, not independent deployment evidence.",NA,no,no,NA,NA,NA,NA,yes,ADBE_10K_2026-01-15.txt:L319 (full parent/context),42774,42793,319,319,NA,screening,expanded_2026_10_08_v2
ADBE_claim_56621eefa6fb235d5993,ADBE_10K_2026-01-15:L321:cc1c25242d53b443,ADBE,2025-11-28,ADBE_10K_2026-01-15.txt,321,"Adobe LLM Optimizer is a generative engine optimization solution, helping enterprises improve brand visibility and discoverability across AI-powered search and discovery while providing actionable insights.",substantive,yes,focal_firm,current,NA,LLM Optimizer brand visibility in AI search,customer_facing_product,unspecified_ai,NA,no,no,3,NA,NA,NA,no,no,no,no,NA,NA,NA,medium,yes,Named optimization product addresses AI search; underlying AI operation not specified.,AI search ecosystem relevance does not by itself establish AI use inside the optimization tool.,no,uncertain,NA,not_identified,no,NA,no,NA,42797,43003,321,321,NA,claim,expanded_2026_10_08_v2
ADBE_claim_95649e03f427c05887c8,ADBE_10K_2026-01-15:L358:95ac2446f9d511ec,ADBE,2025-11-28,ADBE_10K_2026-01-15.txt,358,"Our Creative Cloud and Firefly subscriptions include a monthly plan-specific number of generative credits for generative AI tools, and our free plans include a limited number of generative credits.",substantive,yes,focal_firm,current,ADBE_uc_firefly_content,Firefly generative content creation and editing,customer_facing_product,genai,NA,no,no,3,4,yes,no,no,no,no,no,no,NA,NA,high,no,"Current generative credit subscription provision for creative tools, not an operational outcome.",NA,no,yes,4,resolved,no,NA,no,NA,47758,47955,358,358,NA,claim,expanded_2026_10_08_v2
ADBE_claim_8acbf1b7d87ca10fd3c1,ADBE_10K_2026-01-15:L408:dde8f888b655b3cb,ADBE,2025-11-28,ADBE_10K_2026-01-15.txt,408,"We have made, and will continue to make, significant investments in research and development to advance the value and impact of our solutions, and to continue integrating generative and agentic technologies across our tools to solve problems in areas such as content understanding and generation, recommendations, personalization and more. In collaboration with universities around the world, the Adobe Research team of scientists, engineers, artists and designers are inventing the future of creativity, productivity and customer experiences. The Adobe Research team advances the state of the art across 12 research areas spanning AI and machine learning, content and data intelligence, augmented reality (AR), virtual reality (VR), 3D and audio.",substantive,yes,focal_firm,current,NA,NA,research_and_development,mixed,NA,yes,yes,3,NA,NA,NA,yes,yes,no,no,NA,NA,NA,high,no,Current and intended AI R&D expenditure and university collaboration.,NA,no,no,NA,NA,no,NA,no,NA,54875,55622,408,408,NA,claim,expanded_2026_10_08_v2
ADBE_claim_78cdbdbc05813a8a7b60,ADBE_10K_2026-01-15:L423:c38e91ec9ea6e7c5,ADBE,2025-11-28,ADBE_10K_2026-01-15.txt,423,"Through our corporate venture capital program, Adobe Ventures, we invest in companies that are shaping the future of creativity, productivity, marketing and AI. We make strategic investments as opportunities arise that complement Adobe’s long-term vision and strategy.",substantive,yes,focal_firm,current,NA,NA,partnership_or_investment,unspecified_ai,NA,no,no,2,NA,NA,NA,yes,no,no,no,NA,NA,NA,high,no,"Venture investments include AI companies, without application adoption.",NA,no,no,NA,NA,no,NA,no,NA,57651,57919,423,423,NA,claim,expanded_2026_10_08_v2
ADBE_claim_a709c51d18bc1231689d,ADBE_10K_2026-01-15:L427:8e4c89694239799d,ADBE,2025-11-28,ADBE_10K_2026-01-15.txt,427,"We operate globally and are subject to a wide range of laws and regulations in the U.S. and other countries where we operate, covering a wide variety of subject matters, including, but not limited to, those related to antitrust and competition, consumer protection, data privacy and security, and AI. See the section titled “Risk Factors” contained in Part I, Item 1A of this report for additional information regarding risks related to government regulations applicable to our business.",substantive,yes,focal_firm,current,NA,NA,unclear_or_other,unspecified_ai,NA,no,no,2,NA,NA,NA,no,no,yes,no,NA,NA,NA,high,no,AI regulatory obligations apply to the firm.,NA,no,no,NA,NA,no,regulatory,no,NA,57948,58435,427,427,NA,claim,expanded_2026_10_08_v2
ADBE_claim_7c2162c140a5b94541bb,ADBE_10K_2026-01-15:L496:dc743bbe85f53a04,ADBE,2025-11-28,ADBE_10K_2026-01-15.txt,496,"While we continue to release new AI solutions and to focus on enhancing the AI capabilities of our solutions and incorporating AI across existing solutions, there can be no assurance that our new or enhanced solutions and AI innovations will be successful, adopted or monetizable or that we will innovate effectively to keep pace with the rapid evolution of AI across our solutions.",substantive,yes,focal_firm,current,NA,NA,customer_facing_product,genai,NA,no,yes,2,NA,NA,NA,no,no,yes,no,NA,NA,NA,high,no,AI releases and monetization/innovation risks lack identifiable application evidence.,NA,no,no,NA,NA,no,competitive|financial,no,NA,73162,73544,496,496,NA,claim,expanded_2026_10_08_v2
ADBE_claim_93cdfff810ccaf2d38ca,ADBE_10K_2026-01-15:L500:99c63e534d796d3e,ADBE,2025-11-28,ADBE_10K_2026-01-15.txt,500,"In addition, we expect to face more competition as AI continues to advance and be integrated into the markets in which we compete and to change the software industry. Our competitors or other third parties may develop AI solutions more rapidly or successfully, including but not limited to different data training strategies or proprietary access to data and, as a result, other AI solutions may achieve greater and faster adoption. For example, we face increasing competition from companies offering generative and agentic AI solutions, including but not limited to prompt-based and multi-modal creation and editing, document productivity and understanding, ad distribution and creation, and purpose-built AI agents. Other companies have in the past, and may in the future prevent, limit or interfere with our ability to use third-party models in our solutions. If we are not able to provide solutions that compete effectively, we could experience reduced sales, which could materially and adversely impact our business and financial results.",substantive,yes,focal_firm,current,NA,NA,customer_facing_product,unspecified_ai,NA,no,yes,3,NA,NA,NA,no,no,yes,no,NA,NA,NA,high,no,AI competitors and third-party model access constrain commercial positioning.,NA,no,no,NA,NA,no,competitive|financial|third_party,no,NA,75406,76449,500,500,NA,claim,expanded_2026_10_08_v2
ADBE_claim_f07455e1ba4fc9b1b776,ADBE_10K_2026-01-15:L503:14ebe5deab0920a9,ADBE,2025-11-28,ADBE_10K_2026-01-15.txt,503,"Issues relating to the development and use of AI in our solutions may result in reputational harm, liability and adverse business and financial results.",substantive,yes,focal_firm,hypothetical,NA,NA,customer_facing_product,unspecified_ai,NA,no,yes,1,NA,NA,NA,no,no,yes,no,NA,NA,NA,high,no,AI development/use risk heading makes a complete substantive exposure assertion.,NA,no,no,NA,NA,no,financial|reputational,no,NA,76667,76819,503,503,NA,claim,expanded_2026_10_08_v2
ADBE_claim_e6f4597fe832b7bb084d,ADBE_10K_2026-01-15:L505:ad615d64acdbf05d,ADBE,2025-11-28,ADBE_10K_2026-01-15.txt,505,"Social, ethical and operational issues relating to the use of AI, including generative AI and agentic AI, in our solutions may result in reputational harm, liability and additional costs. We are increasingly incorporating AI technologies, developed by us and by third parties, into many of our solutions. If our AI development, deployment, content labeling or governance is ineffective or inadequate, it may result in incidents that impair the public acceptance of AI solutions or cause harm to individuals, customers or society, or result in our solutions not working as intended or producing unexpected outcomes.",substantive,yes,focal_firm,hypothetical,NA,NA,customer_facing_product,genai,NA,no,yes,2,NA,NA,NA,no,no,yes,no,NA,NA,NA,high,no,AI governance/labeling/product-quality failures may cause harm; not concrete application deployment.,NA,no,no,NA,NA,no,model_quality|operational|reputational|safety,no,NA,76823,77437,505,505,NA,claim,expanded_2026_10_08_v2
ADBE_claim_c036902757240c78b4c5,ADBE_10K_2026-01-15:L507:d752bd18842bcf30,ADBE,2025-11-28,ADBE_10K_2026-01-15.txt,507,"Jurisdictions around the world are developing and passing new regulations that apply specifically to the use of AI. For example, the U.S. AI regulatory framework remains in development and has been introduced at the federal level through executive orders and legislation has been introduced and enacted at the state level. Additionally, obligations under the EU AI Act have gone into effect and will continue to be implemented in phases through 2030, and other jurisdictions have passed or are considering similarly focused legislation. Some of our operations are subject to the EU AI Act and depending on how the EU AI Act is implemented and interpreted, we may have to adapt our business practices, contractual arrangements and services to comply with such obligations. Non-compliant companies under the EU AI Act may be subject to administrative fines. These regulations and the evolving AI regulatory environment may, among other impacts, result in inconsistencies among AI regulations and frameworks across jurisdictions, increase our compliance, governance and research and development costs, increase our exposure to investigations, proceedings and claims related to our AI models and increase liability related to the use of AI by our customers or users that are beyond our control. There can be no guarantee that future AI regulations or standards will not adversely impact us or conflict with our approach to AI development and use, including affecting our ability to make our AI solutions available without costly changes, delaying or halting development of AI solutions, requiring us to change our AI development practices, monetization strategies and/or indemnity protections and subjecting us to additional compliance requirements, regulatory action, competitive harm, reputational harm and/or legal liability. Additionally, as we offer more third-party AI models in our solutions, we face risks inherent in how third-party AI models used in our solutions have been developed and deployed, including situations in which the third party may lack a proper license or consent for the training data used for their model. The use and availability of third-party AI models in our solutions could result in scrutiny and legal liability, including intellectual property infringement claims. Such claims or scrutiny could cause reputational harm and loss of customers, and adversely impact our business and financial results. In addition, new competition regulations on AI development and deployment could impose new requirements on our markets that could impact our business and financial results.",substantive,yes,focal_firm,hypothetical,NA,NA,customer_facing_product,unspecified_ai,NA,no,yes,3,NA,NA,NA,no,no,yes,no,NA,NA,NA,high,no,AI regulation and third-party model licensing/compliance exposure.,NA,no,no,NA,NA,no,financial|intellectual_property|regulatory|third_party,no,NA,77441,80044,507,507,NA,claim,expanded_2026_10_08_v2
ADBE_claim_4d183f43aa51d7bea620,ADBE_10K_2026-01-15:L509:de1f2f3f7d7610f1,ADBE,2025-11-28,ADBE_10K_2026-01-15.txt,509,"Uncertainty around new and evolving AI uses may require significant, additional investment to develop models and proprietary datasets, responsible-use frameworks and new approaches and processes to attribute or compensate content creators. We have experienced, and may in the future experience, challenges accessing AI models, datasets or hardware. Developing, testing and deploying AI systems and third-party AI models may continue to increase the cost of our solutions, including due to the nature of the computing costs involved in such systems. These costs could adversely impact our margins as we continue to make significant investments in AI development, add AI capabilities and third-party AI models to our solutions and scale our AI solutions without assurance that our customers and users will adopt them. Further, as with any new solutions based on new and rapidly evolving technologies, consumer reception and monetization pathways are uncertain, our strategies may not be successful and our business and financial results could be adversely impacted. AI solutions may continue to modify workforce needs, result in negative publicity, reputational harm, liability and decreased demand for our solutions, all of which could adversely impact our business.",substantive,yes,focal_firm,current,NA,NA,research_and_development,unspecified_ai,NA,no,yes,2,NA,NA,NA,yes,no,yes,no,NA,NA,NA,high,no,AI development expenditure and future compute/monetization/workforce risks.,NA,no,no,NA,NA,no,capacity|financial|reputational|workforce,no,NA,80048,81313,509,509,NA,claim,expanded_2026_10_08_v2
ADBE_claim_ec506973549de59bd100,ADBE_10K_2026-01-15:L513:6153d9a55bcd2075,ADBE,2025-11-28,ADBE_10K_2026-01-15.txt,513,"We believe our reputation and brands have been, and we expect them to continue to be, important to our business and financial results. Maintaining and enhancing our brands may require us to make substantial investments and these investments may not be successful. We have experienced, and may in the future experience, reputational harm, reduced customer demand and customer attrition from, among other things, the introduction of new products, features, services, or terms that do not meet customer expectations; our position on or approach to new and evolving technologies, including AI; backlash from customers, the creative community, government entities or other stakeholders that disagree with our product offering decisions or public policy, social, ethical or political positions; significant litigation or regulatory or government actions that negatively reflect on our business practices; data security breaches or compliance failures; and public scrutiny or negative publicity, including being the target of media and social media campaigns, criticizing our actual or perceived actions or inactions, policies, terms, agreements, dispute resolution requirements, handling of user privacy, data practices or content. Our brands may be negatively affected by the actual or perceived failure to meet our sustainability commitments or appropriately respond to climate concerns; and uses of our solutions, particularly our AI solutions, in ways that are out of our control, such as to create or disseminate content that is deemed to be misleading, deceptive or intended to manipulate public opinion, or for illicit, objectionable or illegal ends, or by our failure to respond appropriately and in a timely manner to such uses. Further, such uses of our solutions may result in controversy or claims related to defamation, rights of publicity, illegal content, intellectual property infringement,",substantive,yes,focal_firm,current,NA,NA,customer_facing_product,unspecified_ai,NA,no,yes,2,NA,NA,NA,no,no,yes,no,NA,NA,NA,high,no,AI approach and misuse contribute to brand/reputation/liability exposure.,NA,no,no,NA,NA,no,intellectual_property|misuse|regulatory|reputational,yes,ADBE_10K_2026-01-15.txt:L513 (full parent/context),81427,83327,513,513,ADBE_brand_ai_risk,claim,expanded_2026_10_08_v2
ADBE_claim_ab8ec54cff2b4a477543,ADBE_10K_2026-01-15:L516:db8639d374356168,ADBE,2025-11-28,ADBE_10K_2026-01-15.txt,516,"harmful content, misinformation and disinformation, harmful bias, misappropriation, data privacy, derivative uses of third-party AI and personal injury torts. If we fail to appropriately respond to objectionable content created using our solutions or shared on our platforms, our users may lose confidence in our brands. Entry into markets with weaker protection of brands or changes in the legal systems in countries in which we operate may also impact our ability to protect our brands. If we fail to maintain, enhance or protect our brands, or if we incur excessive expenses in our efforts to do so, our users’ trust in us and purchasing decisions and our business and financial results may be adversely affected.",substantive,yes,focal_firm,hypothetical,NA,NA,unclear_or_other,unspecified_ai,NA,no,yes,2,NA,NA,NA,no,no,yes,no,NA,NA,NA,medium,yes,Continuation of AI harmful-content/privacy/bias risks.,Evidence continues preceding risk paragraph.,no,no,NA,NA,no,bias|misuse|privacy|reputational,yes,ADBE_10K_2026-01-15.txt:L516 (full parent/context),83333,84049,516,516,ADBE_brand_ai_risk,claim,expanded_2026_10_08_v2
ADBE_claim_6a6ca55ef0b930ae1bf4,ADBE_10K_2026-01-15:L561:3bd07b2c487ac164,ADBE,2025-11-28,ADBE_10K_2026-01-15.txt,561,"The technology industry has been and may continue to be subject to substantial and continuous competition for talent, particularly with AI and cybersecurity backgrounds, and demand for cutting-edge or unique skill sets may continue to be highly competitive, both of which are heightened with hybrid or remote working arrangements.",substantive,yes,focal_firm,current,NA,NA,unclear_or_other,unspecified_ai,NA,no,yes,2,NA,NA,NA,no,no,yes,no,NA,NA,NA,high,no,"Competitive AI-skilled talent availability exposure, not AI application use.",NA,no,no,NA,NA,no,competitive|workforce,no,NA,89248,89578,561,561,NA,claim,expanded_2026_10_08_v2
ADBE_claim_3f6baff5f0e9c83e3a54,ADBE_10K_2026-01-15:L576:c06f85a3d481cbc1,ADBE,2025-11-28,ADBE_10K_2026-01-15.txt,576,Increasing use of AI in our internal systems and solutions may create new attack methods.,substantive,yes,focal_firm,hypothetical,NA,NA,unclear_or_other,unspecified_ai,NA,no,yes,2,NA,NA,NA,no,no,yes,no,NA,NA,NA,medium,yes,Increasing AI use in internal systems/products may create attack methods; specific tasks absent.,Current versus possible AI use and internal-versus-product tasks not identified.,no,no,NA,NA,no,cybersecurity,no,NA,95157,95246,576,576,NA,claim,expanded_2026_10_08_v2
ADBE_claim_b7da2f514fb8ef6d1cc6,ADBE_10K_2026-01-15:L578:5d0f5f60ae899349,ADBE,2025-11-28,ADBE_10K_2026-01-15.txt,578,"Such risks may be elevated in connection with geopolitical tensions, including the Russia-Ukraine war and the conflict in the Middle East, as well as malicious third parties utilizing emerging technologies, such as AI and machine learning.",substantive,yes,other,hypothetical,NA,NA,unclear_or_other,unspecified_ai,NA,no,yes,2,NA,NA,NA,no,no,yes,no,NA,NA,NA,high,no,Malicious parties' AI/ML use elevates cybersecurity exposure.,NA,no,no,NA,NA,no,cybersecurity|third_party,no,NA,95522,95761,578,578,NA,claim,expanded_2026_10_08_v2
ADBE_claim_5619ddc3c687b181cb8c,ADBE_10K_2026-01-15:L597:6421860c98a38fb5,ADBE,2025-11-28,ADBE_10K_2026-01-15.txt,597,"We also rely on third-party service providers and technologies to deliver our solutions and business operations and to operate critical business systems, such as cloud-based infrastructure, data center facilities, generative AI, large language models, encryption and authentication technology, company email and other communication channels, and communications with customers. If such third parties are negatively affected, if we fail to effectively develop, manage and maintain our relationships with such third parties, or if we are unable to renew our agreements with them on favorable terms or at all, our expenses could significantly increase, and we and our customers may experience service interruptions. Any disruption or damage to, or failure of our systems generally, including the systems of our third-party platform providers, could result in interruptions in our services and harm our business. Further, interruptions in our services caused by us or our third-party service providers may cause us to issue credits or pay penalties, cause customers to make warranty or other claims against us or to terminate their subscriptions or contracts, and adversely affect our attrition rates and our ability to attract new customers, all of which may adversely affect our financial results. Our business and reputation would also be harmed if our customers and potential customers believe our services are unreliable.",substantive,yes,focal_firm,current,NA,NA,infrastructure_or_platform,genai,NA,no,yes,2,NA,NA,NA,no,no,yes,no,NA,NA,NA,high,no,Reliance on third-party GenAI/LLM infrastructure introduces interruption/cost risk.,NA,no,no,NA,NA,no,financial|operational|third_party,no,NA,103421,104842,597,597,NA,claim,expanded_2026_10_08_v2
ADBE_claim_8bd2f85356609eceb4cc,ADBE_10K_2026-01-15:L632:85fe7e40ad605215,ADBE,2025-11-28,ADBE_10K_2026-01-15.txt,632,"We are increasingly offering end-to-end solutions that include generative and agentic AI capabilities, which have in the past, and may in the future, increase the complexity of technical or contractual assurances or requirements that we or our customers require, whether pursuant to regulations or internal policies, as part of the contracting process, leading to extended sales cycles. We may be required to submit more robust proposals, participate in extended proof-of-concept evaluation cycles and engage in more extensive contract negotiations.",substantive,yes,focal_firm,current,NA,NA,customer_facing_product,genai,NA,no,yes,3,NA,NA,NA,no,no,yes,no,NA,NA,NA,high,no,"AI enterprise contracting creates assurance, evaluation and sales-cycle risk; proof-of-concept is hypothetical.",NA,no,no,NA,NA,no,financial|operational|regulatory,no,NA,109231,109780,632,632,NA,claim,expanded_2026_10_08_v2
ADBE_claim_d2f73bb7587e4fe8da31,ADBE_10K_2026-01-15:L647:09efc8abbf87b075,ADBE,2025-11-28,ADBE_10K_2026-01-15.txt,647,"We are a global company subject to varied and complex laws, regulations, government actions and customs, both domestically and internationally. These local, state, federal and international laws and regulations relate to a number of aspects of our business, including trade laws such as import and export controls, anti-boycott, economic sanctions and embargoes, data and transaction processing security, payment card industry data security standards, antitrust and competition, consumer protection, records management, user-generated content hosted on websites we operate, privacy practices, data residency and transfer, AI, corporate governance, employment practices, immigration, employee and third-party complaints, anti-corruption, conflicts of interest, securities regulations, sustainability and other regulatory requirements affecting trade and investment. The application of these laws and regulations to our business is often unclear and evolving, and may at times conflict. Further, we are subject to the U.S. Foreign Corrupt Practices Act and other anti-corruption and anti-bribery laws, which may conflict with local customs and practices in other foreign countries, particularly those with developing economies where it is common to engage in practices that would be prohibited under such laws. We cannot provide assurance that our employees, contractors, agents, business partners and vendors will not take actions in violation of our internal policies, U.S. laws or other applicable international laws. Compliance with the above laws and regulations may involve significant costs or require additional changes to our business practices that result in reduced revenue and profitability. Non-compliance could also result in fines, damages, criminal sanctions against us, our officers or our employees, prohibitions on the conduct of our business and damage to our reputation.",substantive,yes,focal_firm,current,NA,NA,unclear_or_other,unspecified_ai,NA,no,yes,2,NA,NA,NA,no,no,yes,no,NA,NA,NA,high,no,AI-related legal obligations within general corporate regulatory exposure.,NA,no,no,NA,NA,no,financial|regulatory,no,NA,114218,116107,647,647,NA,claim,expanded_2026_10_08_v2
ADBE_claim_2780dfd7f98461d32e6f,ADBE_10K_2026-01-15:L660:d3852504737e86f8,ADBE,2025-11-28,ADBE_10K_2026-01-15.txt,660,"The laws, regulations and codes above may impact our innovation and business drivers in developing new and emerging technologies (for example, AI and machine learning) and may impact demand for our solutions and has resulted in more onerous obligations in our contracts and changes to our business practices, and may require us to bear additional burdensome contractual obligations and make additional changes to our business practices in the future. These changes may impact the duration of customer relationships and result in additional compliance and operational costs, which may adversely impact our business.",substantive,yes,focal_firm,current,NA,NA,unclear_or_other,unspecified_ai,NA,no,yes,2,NA,NA,NA,no,no,yes,no,NA,NA,NA,high,no,AI/ML innovation subject to privacy/compliance burdens.,NA,no,no,NA,NA,no,financial|privacy|regulatory,no,NA,121875,122489,660,660,NA,claim,expanded_2026_10_08_v2
ADBE_claim_b723c0eae685bccb81b1,ADBE_10K_2026-01-15:L665:7c9ad5da2c40ba66,ADBE,2025-11-28,ADBE_10K_2026-01-15.txt,665,"Moreover, due to challenges in detecting patent infringement pertaining to generative AI technologies, it may be more difficult to protect our generative AI and related innovations with patents. Additionally, if we use generative AI in the creation of our source code or other materials or inventions, we may not be able to rely on copyrights or patents to protect such intellectual property.",substantive,yes,focal_firm,hypothetical,NA,NA,unclear_or_other,genai,NA,no,yes,3,NA,NA,NA,no,no,yes,no,NA,NA,NA,high,no,"GenAI patent protection and hypothetical code-creation rights risks, not actual AI coding adoption.",NA,no,no,NA,NA,no,intellectual_property,no,NA,124815,125207,665,665,NA,claim,expanded_2026_10_08_v2
ADBE_claim_72c796705808f55d673f,ADBE_10K_2026-01-15:L854:2288e61a4e33a8b6,ADBE,2025-11-28,ADBE_10K_2026-01-15.txt,854,"As we execute on our long-term growth initiatives, with emphasis on delivering value through AI-powered and highly differentiated solutions to meet the needs of our diverse and expanding customer base, we have continued to experience growth in software-based subscription revenue across our portfolio of offerings.",substantive,yes,focal_firm,current,NA,NA,unclear_or_other,unspecified_ai,customer_experience|revenue_growth,no,no,2,1,NA,NA,no,no,no,no,no,NA,NA,high,no,AI differentiation and customer-value growth strategy; subscription growth not isolated AI effect.,NA,no,yes,1,NA,yes,NA,no,NA,154370,154684,854,854,NA,claim,expanded_2026_10_08_v2
ADBE_claim_c69e962a9d2b92c70323,ADBE_10K_2026-01-15:L858:f8bd5c5cf198175f,ADBE,2025-11-28,ADBE_10K_2026-01-15.txt,858,"AI innovation is deeply infused into our Digital Media solutions, including through Adobe Firefly-powered generative AI features available across our Creative Cloud flagship apps, and through Acrobat AI Assistant, a generative AI-powered conversational interface designed to enhance document experiences.",substantive,yes,focal_firm,current,ADBE_uc_firefly_content,Firefly generative content creation and editing,customer_facing_product,genai,NA,no,no,3,4,yes,no,no,no,no,no,no,NA,NA,medium,yes,Currently available Firefly generative features across creative apps.,Sentence also names Acrobat; separate document-assistance evidence retained elsewhere.,no,yes,4,resolved,no,NA,no,NA,155721,156025,858,858,NA,claim,expanded_2026_10_08_v2
ADBE_claim_492c331b8aacbb81b5ea,ADBE_10K_2026-01-15:L858:f8bd5c5cf198175f,ADBE,2025-11-28,ADBE_10K_2026-01-15.txt,858,"In August 2025, we released Acrobat Studio, which brings together Adobe Acrobat, Adobe Express and AI agents to further unite productivity and creativity, empowering users to quickly derive insights from their documents and create visually compelling content.",substantive,yes,focal_firm,current,ADBE_uc_acrobat_ai_assistant,Acrobat conversational document assistance,customer_facing_product,genai,workforce_productivity,no,no,4,4,yes,no,no,no,no,no,no,NA,NA,medium,yes,Released Acrobat Studio in August 2025 with document insight/content AI agents.,Historical launch plus current offering context supports continuing availability.,no,yes,4,resolved,no,NA,yes,ADBE_10K_2026-01-15.txt:L858 (full parent/context),156026,156285,858,858,NA,claim,expanded_2026_10_08_v2
ADBE_claim_e9fbb942d83ecd55236f,ADBE_10K_2026-01-15:L866:de4e303470e648f5,ADBE,2025-11-28,ADBE_10K_2026-01-15.txt,866,"Our differentiation and competitive advantage are strengthened by our ability to use the Adobe Experience Platform to integrate our comprehensive set of solutions and our ability to embed AI into our product portfolio, such as with our Adobe Experience Platform AI Assistant, a generative AI-powered conversational interface designed to help customers automate workflows and generate new audiences and journeys.",substantive,yes,focal_firm,current,ADBE_uc_aep_ai_assistant,AEP conversational platform assistance,customer_facing_product,genai,competitive_positioning|efficiency,no,no,3,4,yes,no,no,no,no,no,no,NA,NA,high,no,Currently embedded AEP GenAI assistant automates workflows and audience/journey generation.,NA,no,yes,4,resolved,no,NA,no,NA,157730,158141,866,866,NA,claim,expanded_2026_10_08_v2
ADBE_claim_82e3cfa74f1f3c90ae02,ADBE_10K_2026-01-15:L877:40c49e6f02eafd56,ADBE,2025-11-28,ADBE_10K_2026-01-15.txt,877,"• Business Professionals & Consumers desire web and mobile apps with easy-to-use AI capabilities, and are increasingly benefiting from using Adobe Acrobat and Adobe Express. Revenue associated with the Business Professionals & Consumers customer group consists of Adobe Acrobat offerings and Adobe Express, all of which are part of Digital Media.",substantive,yes,customer,current,NA,Customer Acrobat/Express AI use; particular task unspecified,customer_adoption_claim,unspecified_ai,NA,no,no,2,NA,NA,NA,no,no,no,no,no,NA,NA,high,no,Customer group benefits from offered AI tools; broad qualitative claim without application linkage.,NA,no,no,NA,not_identified,no,NA,no,NA,159230,159576,877,877,NA,claim,expanded_2026_10_08_v2
ADBE_claim_79c1f61c0741d02c32e9,ADBE_10K_2026-01-15:L879:8e5cb46bef11c4a5,ADBE,2025-11-28,ADBE_10K_2026-01-15.txt,879,"• Creative & Marketing Professionals require agile and comprehensive solutions to create high volumes of compelling content, infused with commercially safe AI capabilities; and are benefiting from investments in powerful, integrated workflows through offerings such as Adobe Firefly and Adobe GenStudio. Revenue associated with the Creative & Marketing Professionals customer group consists of Digital Experience offerings as well as Creative Cloud flagship apps such as Photoshop, Lightroom and Illustrator within Digital Media.",substantive,yes,customer,current,NA,Customer Firefly/GenStudio use; individual applications unspecified,customer_adoption_claim,unspecified_ai,NA,no,no,2,NA,NA,NA,no,no,no,no,no,NA,NA,high,no,Customer creative/marketing AI benefits are qualitative and grouped.,NA,no,no,NA,not_identified,no,NA,no,NA,159580,160109,879,879,NA,claim,expanded_2026_10_08_v2
ADBE_claim_855a32b570ea4ed9babb,ADBE_10K_2026-01-15:L883:bac36baa2dc77eec,ADBE,2025-11-28,ADBE_10K_2026-01-15.txt,883,"By viewing the business through this lens, we can more effectively execute our long-term growth strategies. Our success will be achieved through continued acquisition and retention of our customer base by delivering valuable new features and technologies to customers with our latest releases, including generative AI capabilities to enhance creativity, productivity and marketing, and expanding availability of our offerings across an increasing number of surfaces.",substantive,yes,focal_firm,planned,NA,NA,customer_facing_product,genai,innovation|revenue_growth,no,yes,2,1,NA,NA,no,no,no,no,no,NA,NA,high,no,"Future GenAI differentiation/customer retention objective, not an identified deployment plan.",NA,no,yes,1,NA,yes,NA,no,NA,160306,160772,883,883,NA,claim,expanded_2026_10_08_v2
ADBE_claim_93ba5b09250d1bfaff96,ADBE_10K_2026-01-15:L1047:7ef3fa824ac01946,ADBE,2025-11-28,ADBE_10K_2026-01-15.txt,1047,"Cost of subscription revenue consists primarily of third-party hosting services and data center costs, including expenses related to operating our network infrastructure and AI inferencing costs. Cost of subscription revenue also includes",substantive,yes,focal_firm,current,NA,NA,infrastructure_or_platform,unspecified_ai,NA,no,no,2,NA,NA,NA,yes,no,no,no,NA,NA,NA,high,no,Subscription costs include AI inference infrastructure.,NA,no,no,NA,NA,no,NA,no,NA,176646,176884,1047,1047,NA,claim,expanded_2026_10_08_v2
ADBE_claim_ebf6594c1b71303dfd45,ADBE_10K_2026-01-15:L1105:c60a159a0e0e2586,ADBE,2025-11-28,ADBE_10K_2026-01-15.txt,1105,"Research and development expenses consist primarily of compensation and contracted costs associated with software development, third-party hosting services and data center costs including AI training costs, related facilities costs, and expenses associated with computer equipment and software used in development activities. Research and development expenses increased during fiscal 2025 as compared to fiscal 2024 primarily due to increases in compensation costs.",substantive,yes,focal_firm,current,NA,NA,research_and_development,unspecified_ai,NA,no,no,2,NA,NA,NA,yes,no,no,no,no,NA,NA,high,no,"Research expenditure accounting includes AI training, not an actual pilot.",NA,no,no,NA,NA,no,NA,no,NA,179939,180404,1105,1105,NA,claim,expanded_2026_10_08_v2
CRM_claim_43f9e33ed7ffcb579856,CRM_10K_2026-03-02:L147:a3d92873d80191ed,CRM,2026-01-31,CRM_10K_2026-03-02.txt,147,"With Agentforce, AI is embedded in the flow of work - in the applications that our customers already use every day. Every Agentforce-embedded application now reasons, learns, and takes action alongside users.",substantive,yes,focal_firm,current,CRM_uc_agent_build_deploy,Agentforce enterprise agent building and execution,customer_facing_product,genai,workforce_productivity,no,no,3,4,yes,no,no,no,no,no,no,NA,NA,medium,yes,Agentforce platform currently embeds agents in customers' daily business applications.,Technology type linked to explicit LLM architecture below.,no,yes,4,resolved,no,NA,yes,CRM_10K_2026-03-02.txt:L147|CRM_10K_2026-03-02.txt:L177,13032,13240,147,147,NA,claim,expanded_2026_10_08_v2
CRM_claim_23a5085e3bc8970cbb3e,CRM_10K_2026-03-02:L162:928435518117a2bf,CRM,2026-01-31,CRM_10K_2026-03-02.txt,162,"Agentforce Sales. Our Agentforce Sales offering is an integrated platform that brings together the power of humans with AI agents to help sales teams sell faster and smarter, and to efficiently manage and automate entire sales processes. It provides sales capabilities and tools built for an entire sales organization - across prospecting, sales engagement, team collaboration, sales analytics and AI, sales programs, sales performance, partner management, and revenue and orders. With our Sales offering, businesses can create lifelong customers by connecting their entire organization and unifying all data sources on a single integrated platform. Further, with Agentforce for Sales, customers can build a sales team augmented by a digital labor force and empower every seller with their own AI agent to help accelerate productivity and drive growth.",substantive,yes,focal_firm,current,CRM_uc_sales_agent,Agentforce sales process assistance and automation,customer_facing_product,unspecified_ai,efficiency|revenue_growth|workforce_productivity,no,no,3,4,yes,no,no,no,no,no,no,NA,NA,high,no,Currently offered Agentforce sales-agent assistance and process automation.,NA,no,yes,4,resolved,no,NA,no,NA,17689,18541,162,162,NA,claim,expanded_2026_10_08_v2
CRM_claim_be6f49fb7f1f7ccb44e2,CRM_10K_2026-03-02:L164:139063d26818e19c,CRM,2026-01-31,CRM_10K_2026-03-02.txt,164,"Agentforce automatically routes cases to the best service agent for the job, responds to customers with personalized, relevant answers grounded in company data and performs tasks like auto-summarizing support cases and field work orders.",substantive,yes,focal_firm,current,CRM_uc_service_case_routing,Agentforce support case routing,customer_facing_product,unspecified_ai,efficiency,no,no,3,4,yes,no,no,no,no,no,no,NA,NA,high,no,Agentforce currently routes support cases to service agents.,NA,no,yes,4,resolved,no,NA,yes,CRM_10K_2026-03-02.txt:L164 (full parent/context),19132,19369,164,164,NA,claim,expanded_2026_10_08_v2
CRM_claim_84c4f25fead7dd73304b,CRM_10K_2026-03-02:L164:139063d26818e19c,CRM,2026-01-31,CRM_10K_2026-03-02.txt,164,"Agentforce automatically routes cases to the best service agent for the job, responds to customers with personalized, relevant answers grounded in company data and performs tasks like auto-summarizing support cases and field work orders.",substantive,yes,focal_firm,current,CRM_uc_service_answers,Agentforce personalized support answers,customer_facing_product,genai,customer_experience,no,no,3,4,yes,no,no,no,no,no,no,NA,NA,high,no,Agentforce currently supplies grounded personalized support answers.,NA,no,yes,4,resolved,no,NA,yes,CRM_10K_2026-03-02.txt:L164 (full parent/context),19132,19369,164,164,NA,claim,expanded_2026_10_08_v2
CRM_claim_e24aae31a754259654e7,CRM_10K_2026-03-02:L164:139063d26818e19c,CRM,2026-01-31,CRM_10K_2026-03-02.txt,164,"Agentforce automatically routes cases to the best service agent for the job, responds to customers with personalized, relevant answers grounded in company data and performs tasks like auto-summarizing support cases and field work orders.",substantive,yes,focal_firm,current,CRM_uc_service_summarization,Agentforce support case/work-order summarization,customer_facing_product,genai,workforce_productivity,no,no,3,4,yes,no,no,no,no,no,no,NA,NA,high,no,Agentforce currently summarizes cases and field work orders.,NA,no,yes,4,resolved,no,NA,yes,CRM_10K_2026-03-02.txt:L164 (full parent/context),19132,19369,164,164,NA,claim,expanded_2026_10_08_v2
CRM_claim_ed28362bbfd1588d5fd9,CRM_10K_2026-03-02:L166:3a4b585521a5a92d,CRM,2026-01-31,CRM_10K_2026-03-02.txt,166,"The Agentforce 360 Platform enables companies of all industries, sizes, and locations to build business workflows, applications and AI agents on a single, comprehensive platform to help automate processes, boost efficiency, increase productivity and reduce information technology costs. It facilitates development with no-code and low-code tools that are easy to use and free to learn, empowering teams to build trusted applications, workflows, AI agents and much more.",substantive,yes,focal_firm,current,CRM_uc_agent_build_deploy,Agentforce enterprise agent building and execution,customer_facing_product,genai,efficiency|workforce_productivity,no,no,3,4,yes,no,no,no,no,no,no,NA,NA,high,no,Current agent-development/no-code workflow platform.,NA,no,yes,4,resolved,no,NA,yes,CRM_10K_2026-03-02.txt:L166 (full parent/context),19685,20154,166,166,NA,claim,expanded_2026_10_08_v2
CRM_claim_30afbdce58938832de8a,CRM_10K_2026-03-02:L166:3a4b585521a5a92d,CRM,2026-01-31,CRM_10K_2026-03-02.txt,166,Our Trust Layer is built into the Platform to help customers safely use their data and set guardrails on what AI agents do with that data.,substantive,yes,focal_firm,current,NA,NA,customer_facing_product,unspecified_ai,NA,no,no,3,NA,NA,NA,no,no,no,yes,NA,NA,NA,high,no,Built-in Trust Layer data-use guardrails.,NA,no,no,NA,NA,no,NA,no,NA,20155,20293,166,166,NA,claim,expanded_2026_10_08_v2
CRM_claim_d9354c2661059851e180,CRM_10K_2026-03-02:L168:2811652e38b955fe,CRM,2026-01-31,CRM_10K_2026-03-02.txt,168,"Data 360. Data 360 is Salesforce’s hyperscale, trusted data engine that gives AI agents their context and serves as the foundation for how customers unify our service offerings making their data actionable for both humans and agents. It connects enterprise data from across clouds, systems, and channels utilizing zero-copy technology to access external data sources without the need for duplication. This architecture unifies, cleans, and harmonizes the data into a single, governed source of truth that agents can reliably understand and act on. Through real-time ingestion, transformation, indexing, and retrieval-augmented generation, Data 360 turns both structured records and unstructured content - emails, documents, conversations, and events - into usable, searchable intelligence. This gives AI agents the customer and business context they need to reason accurately, personalize interactions, and make better decisions in the moment. By leveraging Data 360’s metadata and trust framework, Data 360 is designed to make every data point permissioned, governed, and compliant, so agents see only what they are allowed to see and act only within approved boundaries.",substantive,yes,focal_firm,current,CRM_uc_data360_grounding,Data 360 AI-agent data grounding,customer_facing_product,genai,customer_experience,no,no,3,4,yes,no,no,no,no,yes,no,NA,NA,high,no,Current Data 360 RAG/data-context engine grounds AI agents.,NA,no,yes,4,resolved,no,NA,no,NA,20827,21999,168,168,NA,claim,expanded_2026_10_08_v2
CRM_claim_a73cbf4cb142ebdfc64c,CRM_10K_2026-03-02:L170:f78e5cef918df1b7,CRM,2026-01-31,CRM_10K_2026-03-02.txt,170,"Informatica is an enterprise-grade, AI-powered data management platform that enables customers to discover, integrate, govern, and deliver trusted data at scale across hybrid and multi-cloud environments.",substantive,yes,focal_firm,current,CRM_uc_informatica_data,Informatica AI data management,customer_facing_product,unspecified_ai,efficiency,no,no,3,4,yes,no,no,no,no,no,no,NA,NA,high,no,Acquired Informatica currently provides AI-powered data management/governance.,NA,no,yes,4,resolved,no,NA,no,NA,22146,22350,170,170,NA,claim,expanded_2026_10_08_v2
CRM_claim_e8874f81caa596e4ac35,CRM_10K_2026-03-02:L170:f78e5cef918df1b7,CRM,2026-01-31,CRM_10K_2026-03-02.txt,170,"Informatica extends our data connectivity beyond native integrations, enabling customers to bring enterprise data from complex, distributed systems into Salesforce and Data 360 while autonomously maintaining governance, lineage, and security controls across the entire data lifecycle.",substantive,yes,focal_firm,current,NA,NA,customer_facing_product,unspecified_ai,NA,no,no,3,NA,NA,NA,no,no,no,yes,NA,NA,NA,high,no,Informatica maintains governance/security controls across data lifecycle.,NA,no,no,NA,NA,no,NA,yes,CRM_10K_2026-03-02.txt:L170 (full parent/context),22809,23093,170,170,NA,claim,expanded_2026_10_08_v2
CRM_claim_d5b9a7c31829fa0a49c4,CRM_10K_2026-03-02:L172:50df0de5524f39c7,CRM,2026-01-31,CRM_10K_2026-03-02.txt,172,"Slack centralizes conversations and collaboration, automates business processes, makes search and knowledge sharing seamless, and delivers trusted generative and agentic AI that augments employees so they can work smarter, make decisions faster, and drive real outcomes.",substantive,yes,focal_firm,current,CRM_uc_slack_ai_collaboration,Slack AI collaboration and knowledge assistance,customer_facing_product,genai,workforce_productivity,no,no,3,4,yes,no,no,no,no,no,no,NA,NA,high,no,Slack currently delivers generative/agentic employee assistance.,NA,no,yes,4,resolved,no,NA,no,NA,23275,23545,172,172,NA,claim,expanded_2026_10_08_v2
CRM_claim_de1e54c7da002ebe6e57,CRM_10K_2026-03-02:L172:50df0de5524f39c7,CRM,2026-01-31,CRM_10K_2026-03-02.txt,172,"We recently introduced Slackbot, a trusted, out-of-the-box personalized employee agent in Slack that can find answers, organize work, create content, schedule meetings, and take action.",substantive,yes,focal_firm,current,CRM_uc_slackbot_employee,Slackbot employee work assistance,customer_facing_product,genai,workforce_productivity,no,no,3,4,yes,no,no,no,no,no,no,NA,NA,high,no,"Recently introduced Slackbot handles answers, organization, content and meetings.",NA,no,yes,4,resolved,no,NA,yes,CRM_10K_2026-03-02.txt:L172 (full parent/context),23632,23817,172,172,NA,claim,expanded_2026_10_08_v2
CRM_claim_d7bf942397d2d9453b27,CRM_10K_2026-03-02:L174:c81e01f3aeab97ed,CRM,2026-01-31,CRM_10K_2026-03-02.txt,174,"Agentforce. Agentforce enables customers to build, deploy, and manage enterprise-grade, autonomous AI agents at scale, enabling humans and agents to work together. Agentforce connects AI models directly to execution, handling workflows. Agents built on Agentforce can access live business data through Data 360, follow company policies defined in Salesforce metadata, and take action through Salesforce applications and MuleSoft Application Programming Interfaces (“APIs”). All of our customers’ deterministic business logic, workflows, and policies are instantly accessible to agents, without requiring",substantive,yes,focal_firm,current,CRM_uc_agent_build_deploy,Agentforce enterprise agent building and execution,customer_facing_product,genai,NA,no,no,3,4,yes,no,no,no,no,no,no,NA,NA,medium,yes,"Current Agentforce agent building/deployment platform, not proof of all customer deployment.",Sentence continues; AI reasoning linked to next source block.,no,yes,4,resolved,no,NA,yes,CRM_10K_2026-03-02.txt:L174 (full parent/context),23821,24424,174,174,NA,claim,expanded_2026_10_08_v2
CRM_claim_263f5bab64e4ccdc6416,CRM_10K_2026-03-02:L177:5f5ab0346b1b4845,CRM,2026-01-31,CRM_10K_2026-03-02.txt,177,"By pairing Large Language Model (“LLM”) reasoning with deterministic logic, Agentforce delivers more accurate, reliable outcomes within our trust layer.",substantive,yes,focal_firm,current,CRM_uc_agent_build_deploy,Agentforce enterprise agent building and execution,customer_facing_product,genai,NA,no,no,3,4,yes,no,no,no,no,no,no,NA,NA,high,no,LLM reasoning embedded across current enterprise platform.,NA,no,yes,4,resolved,no,NA,no,NA,24613,24765,177,177,CRM_agent_platform_description,claim,expanded_2026_10_08_v2
CRM_claim_6789ba323c7373c3fd30,CRM_10K_2026-03-02:L177:5f5ab0346b1b4845,CRM,2026-01-31,CRM_10K_2026-03-02.txt,177,"Every agent operates within defined permissions with full observability, governance, and auditability. Organizations can see what agents are doing, measure their performance, understand why decisions were made and intervene when needed.",substantive,yes,focal_firm,current,NA,NA,customer_facing_product,genai,NA,no,no,3,NA,NA,NA,no,no,no,yes,NA,NA,NA,high,no,"Current agent permissions, observability, intervention and lifecycle controls.",NA,no,no,NA,NA,no,NA,no,NA,25143,25379,177,177,NA,claim,expanded_2026_10_08_v2
CRM_claim_6dd7d39edaae1f5d44a2,CRM_10K_2026-03-02:L181:4d035215ca95b286,CRM,2026-01-31,CRM_10K_2026-03-02.txt,181,"With Agentforce for Marketing, marketers can save time on every step of the campaign process by generating briefs, content, and journeys, as well as optimizing performance and spend with actionable insights and predictive AI.",substantive,yes,focal_firm,current,CRM_uc_marketing_generation,Agentforce marketing campaign content generation,customer_facing_product,genai,workforce_productivity,no,no,3,4,yes,no,no,no,no,no,no,NA,NA,high,no,Current marketing agent generates campaign briefs/content/journeys.,NA,no,yes,4,resolved,no,NA,yes,CRM_10K_2026-03-02.txt:L181 (full parent/context),26024,26249,181,181,NA,claim,expanded_2026_10_08_v2
CRM_claim_50d80405d6967a0d6db6,CRM_10K_2026-03-02:L181:4d035215ca95b286,CRM,2026-01-31,CRM_10K_2026-03-02.txt,181,"With unified, 360-degree customer profiles, marketers and AI agents can easily build segments, calculate insights, analyze performance, and power AI recommendations, decisioning and automations.",substantive,yes,focal_firm,current,CRM_uc_marketing_optimization,Agentforce predictive marketing segmentation and optimization,customer_facing_product,traditional_ml,customer_experience|efficiency,no,no,3,4,yes,no,no,no,no,no,no,NA,NA,high,no,Marketing platform supplies predictive optimization/recommendation insights.,NA,no,yes,4,resolved,no,NA,no,NA,26250,26444,181,181,NA,claim,expanded_2026_10_08_v2
CRM_claim_339d06c779b44102a6df,CRM_10K_2026-03-02:L183:672743b6a3fd9c79,CRM,2026-01-31,CRM_10K_2026-03-02.txt,183,"With Agentforce for Commerce, brands can autonomously manage a range of tasks with AI agents, such as product recommendations and order lookup, helping to boost capacity and productivity across marketing, commerce, merchandising, and store operations.",substantive,yes,focal_firm,current,CRM_uc_commerce_service,Agentforce commerce recommendations and order assistance,customer_facing_product,unspecified_ai,customer_experience|workforce_productivity,no,no,3,4,yes,no,no,no,no,no,no,NA,NA,high,no,Commerce AI agents supply recommendations/order lookup.,NA,no,yes,4,resolved,no,NA,no,NA,26983,27234,183,183,NA,claim,expanded_2026_10_08_v2
CRM_claim_7753710e77356858c287,CRM_10K_2026-03-02:L183:672743b6a3fd9c79,CRM,2026-01-31,CRM_10K_2026-03-02.txt,183,"With trusted AI and AI agents, businesses can generate product descriptions and web pages, and deliver personalized shopping assistance using natural language.",substantive,yes,focal_firm,current,CRM_uc_commerce_generation,Agentforce commerce content and shopping conversation,customer_facing_product,genai,customer_experience|innovation,no,no,3,4,yes,no,no,no,no,no,no,NA,NA,high,no,Current commerce GenAI creates descriptions/webpages and conversational shopping help.,NA,no,yes,4,resolved,no,NA,no,NA,27235,27394,183,183,NA,claim,expanded_2026_10_08_v2
CRM_claim_af2c0a32e27670a47f40,CRM_10K_2026-03-02:L187:c7a5e54b2acfec4a,CRM,2026-01-31,CRM_10K_2026-03-02.txt,187,"MuleSoft Agent Fabric allows organizations to manage, govern, and observe agents regardless of where they were built or where they run, and provides a central registry to discover and reuse agents across the enterprise.",substantive,yes,focal_firm,current,CRM_uc_mulesoft_agent_fabric,MuleSoft AI-agent management and discovery,customer_facing_product,unspecified_ai,NA,no,no,3,4,yes,no,no,no,no,yes,no,NA,NA,medium,yes,MuleSoft Agent Fabric currently manages agent discovery and governance.,"Agent orchestration service is a customer platform, not evidence of internal Salesforce adoption.",no,yes,4,resolved,no,NA,yes,CRM_10K_2026-03-02.txt:L187 (full parent/context),28277,28496,187,187,NA,claim,expanded_2026_10_08_v2
CRM_claim_94484e72b96edeb0f82c,CRM_10K_2026-03-02:L189:ecdb7cfbaf99febb,CRM,2026-01-31,CRM_10K_2026-03-02.txt,189,"Analytics. Our analytics offerings, including Tableau, provide advanced, end-to-end solutions that turn data into insight and action for a wide range of business use cases, powered by agentic AI. Built on the Agentforce 360 Platform, Tableau enables customers to visualize, analyze, and act on data from any source, and continuously surface trends, predict outcomes, and deliver recommendations. Tableau Semantics, integrated into Data 360, translates data into business language, driving more accurate responses and relevant insights. Agentforce agents can trigger actions directly from Tableau such as updating a forecast, launching a campaign, or escalating a customer issue. Tableau analytics can be surfaced natively within Salesforce applications, including Slack, lowering the barriers of actionable analytics for everyone.",substantive,yes,focal_firm,current,CRM_uc_tableau_agentic_analytics,Tableau agentic analytics and workflow actions,customer_facing_product,unspecified_ai,efficiency|workforce_productivity,no,no,3,4,yes,no,no,no,no,no,no,NA,NA,high,no,Tableau currently applies agentic analytics to trends/predictions and actions.,NA,no,yes,4,resolved,no,NA,no,NA,28500,29330,189,189,NA,claim,expanded_2026_10_08_v2
CRM_claim_ab729b2798bf45e8dc82,CRM_10K_2026-03-02:L195:e5483533029fb113,CRM,2026-01-31,CRM_10K_2026-03-02.txt,195,"Industries. Our industry vertical offerings meet the specific needs of our customers across different industries, such as financial services, healthcare and life sciences, manufacturing, automotive and government. Each of our distinct industry offerings provide out-of-the-box, Agentforce-powered capabilities that enable industry customers to leverage the full Agentforce 360 Platform with purpose-built tools that address industry-specific needs and provide the speed and flexibility to keep up with changing times and customer demands. Salesforce’s industry offerings also includes Industries AI - a suite of capabilities for more than 200 industries and a library with resources on how to get started for every industry offering. Industries AI serves as the foundation for creating industry-specific AI agents with Agentforce that can be set up in minutes, work around the clock, and autonomously perform industry-specific business tasks and actions.",substantive,yes,focal_firm,current,NA,Industry-specific AI agent suite; individual tasks unspecified,customer_facing_product,unspecified_ai,NA,no,no,3,NA,NA,NA,no,no,no,no,no,NA,NA,high,no,"Industry agent-capability suite; more than 200 industries is scale, not an AI outcome.",NA,no,no,NA,not_identified,no,NA,no,NA,29570,30524,195,195,NA,claim,expanded_2026_10_08_v2
CRM_claim_ebf42c9eecf3938144c5,CRM_10K_2026-03-02:L198:5ec90109d4f32e6d,CRM,2026-01-31,CRM_10K_2026-03-02.txt,198,Starter Suite allows businesses to build a trusted foundation of customer data for advanced AI technology to support efficient business growth.,substantive,yes,focal_firm,current,NA,NA,infrastructure_or_platform,unspecified_ai,NA,no,no,2,NA,NA,NA,no,no,no,no,NA,NA,NA,high,no,Starter Suite supports AI data readiness; does not establish an AI application itself.,NA,no,no,NA,NA,no,NA,no,NA,30912,31055,198,198,NA,claim,expanded_2026_10_08_v2
CRM_claim_d175dcb36059d2a931a6,CRM_10K_2026-03-02:L204:dc42b85097e071ec,CRM,2026-01-31,CRM_10K_2026-03-02.txt,204,"• an industry-leading, AI-powered deeply unified platform to create an Agentic Enterprise for business-to-business, business-to-consumer and business-to-employee for the all-digital, work-from-anywhere world;",substantive,yes,focal_firm,current,NA,NA,customer_facing_product,unspecified_ai,competitive_positioning,no,no,2,1,NA,NA,no,no,no,no,no,NA,NA,high,no,Product differentiation bullet states broad AI platform positioning.,NA,no,yes,1,NA,yes,NA,yes,CRM_10K_2026-03-02.txt:L204 (full parent/context),31165,31373,204,204,NA,claim,expanded_2026_10_08_v2
CRM_claim_de7f4b62d75b26bd6430,CRM_10K_2026-03-02:L210:bc17d61627e5957f,CRM,2026-01-31,CRM_10K_2026-03-02.txt,210,"• the ability to unlock companies’ customer data across their business, see and understand their data with advanced analytics, make predictions with pervasive AI, automate tasks and personalize every interaction;",substantive,yes,focal_firm,current,NA,NA,customer_facing_product,unspecified_ai,NA,no,no,2,NA,NA,NA,no,no,no,no,NA,NA,NA,high,no,Broad AI prediction/personalization product capabilities without identified application.,NA,no,no,NA,NA,no,NA,yes,CRM_10K_2026-03-02.txt:L210 (full parent/context),31634,31846,210,210,NA,claim,expanded_2026_10_08_v2
CRM_claim_d9f398e9cb035cec6eb4,CRM_10K_2026-03-02:L212:6a0f739afe3a075e,CRM,2026-01-31,CRM_10K_2026-03-02.txt,212,"• the ability to infuse trusted AI in the flow of work and create AI agents that help make the customer experience more intelligent, automated and personalized, and enhance employee productivity;",substantive,yes,focal_firm,current,NA,NA,customer_facing_product,unspecified_ai,customer_experience|workforce_productivity,no,no,2,1,NA,NA,no,no,no,no,no,NA,NA,high,no,Broad AI customer experience/productivity offering emphasis.,NA,no,yes,1,NA,yes,NA,yes,CRM_10K_2026-03-02.txt:L212 (full parent/context),31850,32045,212,212,NA,claim,expanded_2026_10_08_v2
CRM_claim_c3548d1b3ab27c410a93,CRM_10K_2026-03-02:L216:5d001f9d6623bd70,CRM,2026-01-31,CRM_10K_2026-03-02.txt,216,"• modern low-code and no-code tools powered by leading edge AI, which empowers developers and business users to create digital experiences, build agents and configure and automate business processes to fit the needs of any business, accelerating time to value;",substantive,yes,focal_firm,current,CRM_uc_agent_build_deploy,Agentforce enterprise agent building and execution,customer_facing_product,genai,NA,no,no,3,4,yes,no,no,no,no,no,no,NA,NA,medium,yes,Current low/no-code AI agent-building tools in product benefit context.,Capability bullet supported by detailed current platform provision elsewhere.,no,yes,4,resolved,no,NA,yes,CRM_10K_2026-03-02.txt:L216 (full parent/context),32137,32397,216,216,NA,claim,expanded_2026_10_08_v2
CRM_claim_c374449469fb0196370a,CRM_10K_2026-03-02:L243:0e4f5ca8d232754f,CRM,2026-01-31,CRM_10K_2026-03-02.txt,243,"We also manage a portfolio of strategic investments in both privately held and publicly traded companies focused primarily on enterprise cloud companies, technology startups and system integrators. Our investments range from early to late stage companies, including investments made concurrent with a company’s initial public offering. We invest in companies that we believe are digitally transforming their industries, improving customer experiences, helping us expand our solution ecosystem or supporting other corporate initiatives, including AI. We plan to continue making these types of strategic investments as opportunities arise that we find attractive, including investments in companies representing targeted businesses, technological initiatives and geographies. Our strategy includes growing our strategic investment portfolio, in part, by reinvesting proceeds from the sales of strategic investments.",substantive,yes,focal_firm,current,NA,NA,partnership_or_investment,unspecified_ai,NA,yes,yes,2,NA,NA,NA,yes,no,no,no,NA,NA,NA,high,no,Strategic investment portfolio explicitly includes AI initiatives and future investment.,NA,no,no,NA,NA,no,NA,no,NA,37476,38389,243,243,NA,claim,expanded_2026_10_08_v2
CRM_claim_1f65980b1735a8bbe300,CRM_10K_2026-03-02:L261:6f10e647b9f82c0b,CRM,2026-01-31,CRM_10K_2026-03-02.txt,261,"• AI-native companies and emerging startups that leverage generative AI and large language models as the core foundation of their architecture, offering highly specialized, autonomous, or automated solutions that may bypass traditional business process workflows or displace established user interfaces;",substantive,yes,competitor,current,NA,NA,customer_facing_product,unspecified_ai,NA,no,no,2,NA,NA,NA,no,no,yes,no,NA,NA,NA,high,no,"AI competitor categories create competitive exposure, not focal adoption.",NA,no,no,NA,NA,no,competitive,yes,CRM_10K_2026-03-02.txt:L261 (full parent/context),40650,40953,261,261,NA,claim,expanded_2026_10_08_v2
CRM_claim_c532e7783da19c372bc7,CRM_10K_2026-03-02:L265:bc31d5d7973b8e2d,CRM,2026-01-31,CRM_10K_2026-03-02.txt,265,"• vendors who offer software tailored to specific services, industries or market segments, as opposed to our full suite of service offerings including suppliers of traditional business intelligence and data preparation products, integration software vendors, marketing vendors, e-commerce solutions vendors, or AI software and service vendors;",substantive,yes,competitor,current,NA,NA,customer_facing_product,unspecified_ai,NA,no,no,2,NA,NA,NA,no,no,yes,no,NA,NA,NA,high,no,"AI competitor categories create competitive exposure, not focal adoption.",NA,no,no,NA,NA,no,competitive,yes,CRM_10K_2026-03-02.txt:L265 (full parent/context),41251,41594,265,265,NA,claim,expanded_2026_10_08_v2
CRM_claim_902ea0648dfc7960d0b2,CRM_10K_2026-03-02:L270:5238b3732340987c,CRM,2026-01-31,CRM_10K_2026-03-02.txt,270,"• traditional platform development environment companies and cloud computing development platform companies who may develop toolsets and products that allow customers to build new applications, including AI augmented applications, that run on the customers’ current infrastructure or as hosted services, as well as would-be customers who may develop enterprise applications for internal use.",substantive,yes,competitor,current,NA,NA,customer_facing_product,unspecified_ai,NA,no,yes,2,NA,NA,NA,no,no,yes,no,NA,NA,NA,high,no,"AI competitor categories create competitive exposure, not focal adoption.",NA,no,no,NA,NA,no,competitive,yes,CRM_10K_2026-03-02.txt:L270 (full parent/context),41764,42155,270,270,NA,claim,expanded_2026_10_08_v2
CRM_claim_93c76dc0e6721776985a,CRM_10K_2026-03-02:L280:c55e1615e6d7f0f6,CRM,2026-01-31,CRM_10K_2026-03-02.txt,280,"FDEs are embedded within customer teams to build tailored AI agents, integrate complex data streams, and ensure that our latest innovations, such as Agentforce, are operationalized rapidly within the customer's unique technical environment.",substantive,yes,focal_firm,current,CRM_uc_customer_agent_implementation,Customer-tailored AI-agent implementation service,customer_facing_product,unspecified_ai,customer_experience,no,no,3,4,yes,no,no,no,no,no,no,NA,NA,high,no,Forward-deployed engineers currently build tailored customer AI agents.,NA,no,yes,4,resolved,no,NA,no,NA,43368,43608,280,280,NA,claim,expanded_2026_10_08_v2
CRM_claim_314242800dbd376f0cd5,CRM_10K_2026-03-02:L296:acc624794c819405,CRM,2026-01-31,CRM_10K_2026-03-02.txt,296,"• live events and original programming on our Salesforce+ streaming service, which includes discussions about the future of technology in the AI-first, work anywhere world and educational content to learn new skills and pursue new career opportunities;",substantive,yes,focal_firm,current,NA,NA,unclear_or_other,unspecified_ai,workforce_productivity,no,no,2,1,NA,NA,no,no,no,no,no,NA,NA,medium,yes,"AI education/event content, not an AI application or adoption claim.",AI-skilling communication is broad human capability orientation.,no,yes,1,NA,yes,NA,no,NA,46436,46688,296,296,NA,claim,expanded_2026_10_08_v2
CRM_claim_d05642bae546b6958b62,CRM_10K_2026-03-02:L327:8a2310bb6a1a738f,CRM,2026-01-31,CRM_10K_2026-03-02.txt,327,"To help prepare for future-readiness, we anchor development around our Top 10 Enterprise Skills - from Agent & AI Literacy to Strategic Problem Solving - which are embedded into our development processes and quarterly check-ins. These Enterprise Skills are also the foundation of our 4R’s strategy - redesign, reskill, redeploy and rebalance.",substantive,yes,focal_firm,current,NA,NA,unclear_or_other,unspecified_ai,workforce_productivity,no,no,2,1,NA,NA,no,no,no,no,no,NA,NA,high,no,Employee AI literacy development and workforce reskilling strategic direction.,NA,no,yes,1,NA,yes,NA,no,NA,50880,51222,327,327,NA,claim,expanded_2026_10_08_v2
CRM_claim_9054895239553a12c1d5,CRM_10K_2026-03-02:L395:d1f047b6ed6a7a65,CRM,2026-01-31,CRM_10K_2026-03-02.txt,395,"• Social, ethical, and regulatory issues, including the development, deployment, use or capabilities of AI in our offerings.",substantive,yes,focal_firm,hypothetical,NA,NA,customer_facing_product,unspecified_ai,NA,no,yes,2,NA,NA,NA,no,no,yes,no,NA,NA,NA,high,no,Social/ethical/regulatory AI product exposure summary.,NA,no,no,NA,NA,no,regulatory|reputational|safety,yes,CRM_10K_2026-03-02.txt:L395 (full parent/context),59753,59877,395,395,NA,claim,expanded_2026_10_08_v2
CRM_claim_1eda8dc6a2353b59d2ae,CRM_10K_2026-03-02:L401:3a79c4f247794de8,CRM,2026-01-31,CRM_10K_2026-03-02.txt,401,"• Privacy concerns and laws as well as evolving regulation of cloud computing, AI services, increased restriction of cross-border data transfers and other regulatory developments.",substantive,yes,focal_firm,hypothetical,NA,NA,unclear_or_other,unspecified_ai,NA,no,yes,2,NA,NA,NA,no,no,yes,no,NA,NA,NA,high,no,AI regulation/privacy exposure summary.,NA,no,no,NA,NA,no,privacy|regulatory,yes,CRM_10K_2026-03-02.txt:L401 (full parent/context),59996,60175,401,401,NA,claim,expanded_2026_10_08_v2
CRM_claim_ce95ea561bda746a3ae7,CRM_10K_2026-03-02:L454:8a0e3bede8834e10,CRM,2026-01-31,CRM_10K_2026-03-02.txt,454,"• vulnerabilities arising from new technologies and infrastructures, including those from acquisitions, enhancements and updates to our existing products, and the adoption and deployment of AI technologies within our products, services, internal systems, which may introduce novel security, data governance, or operational risks;",substantive,yes,focal_firm,hypothetical,NA,NA,unclear_or_other,unspecified_ai,NA,no,yes,2,NA,NA,NA,no,no,yes,no,NA,NA,NA,high,no,Potential product/internal AI security/governance risks; no identified implementation.,NA,no,no,NA,NA,no,cybersecurity|operational|privacy,no,NA,63786,64115,454,454,NA,claim,expanded_2026_10_08_v2
CRM_claim_cc8ae5f1ff6915d64443,CRM_10K_2026-03-02:L464:c1c579d44316f7e3,CRM,2026-01-31,CRM_10K_2026-03-02.txt,464,"• evolving and increasingly sophisticated techniques used to breach or disrupt IT systems and infrastructure, including the use or exploitation of AI technologies by threat actors to accelerate, scale or personalize cyberattacks, which may increase speed and effectiveness and limit our ability to anticipate, detect or mitigate such threats;",substantive,yes,other,hypothetical,NA,NA,unclear_or_other,unspecified_ai,NA,no,yes,3,NA,NA,NA,no,no,yes,no,NA,NA,NA,high,no,Threat actors exploit AI to accelerate attacks.,NA,no,no,NA,NA,no,cybersecurity,no,NA,65062,65404,464,464,NA,claim,expanded_2026_10_08_v2
CRM_claim_3ef4bbdf57cccce7c3fb,CRM_10K_2026-03-02:L470:6ccc567baaf5bde3,CRM,2026-01-31,CRM_10K_2026-03-02.txt,470,"Additionally, as AI technologies, including generative and agentic AI, continue to evolve, threat actors are using and exploiting these technologies to enhance the sophistication, scale, speed and effectiveness of security threats that may be more difficult to detect and defend against.",substantive,yes,other,current,NA,NA,unclear_or_other,genai,NA,no,no,3,NA,NA,NA,no,no,yes,no,NA,NA,NA,high,no,Actual attacker GenAI/agentic techniques increase cybersecurity exposure.,NA,no,no,NA,NA,no,cybersecurity,no,NA,66317,66604,470,470,NA,claim,expanded_2026_10_08_v2
CRM_claim_3e70d165d6f133860be6,CRM_10K_2026-03-02:L492:b41759c0c0a8a8bb,CRM,2026-01-31,CRM_10K_2026-03-02.txt,492,"The hardware, software, data and cloud computing platforms that we rely on, including, for example, the large language models leveraged in our AI offerings, may not continue to be available at reasonable prices, on commercially reasonable terms or at all. Any loss of the right to use such hardware, software, data or cloud computing platforms could significantly increase our expenses and disrupt or delay the provision of our services until equivalent technology is either developed internally or obtained from third parties and integrated into our systems. There can be no assurance that such replacement technology would be available or implemented in a timely manner or at all.",substantive,yes,focal_firm,hypothetical,NA,NA,infrastructure_or_platform,genai,NA,no,yes,2,NA,NA,NA,no,no,yes,no,NA,NA,NA,high,no,LLM vendor availability and pricing dependency.,NA,no,no,NA,NA,no,financial|operational|third_party,no,NA,73560,74242,492,492,NA,claim,expanded_2026_10_08_v2
CRM_claim_84101a439330d365df90,CRM_10K_2026-03-02:L494:4db898e686e9bddd,CRM,2026-01-31,CRM_10K_2026-03-02.txt,494,"As we scale our operations, the volume and nature of data processed by our offerings continue to evolve, including as a result of the deployment of AI technologies, and our infrastructure capacity requirements, including network capacity, computing power and energy requirements, may increase as a result. Additionally, increased energy consumption, including as a result of AI adoption, climate-related events, energy market volatility, and power grid disruptions may increase the operational costs related to inputs across our value chain, including for data centers. If we experience significant strains on our data center capacity, whether due to insufficient infrastructure capacity or for other reasons outside of our control, our customers could experience performance degradation or service outages that may subject us to financial liabilities, result in customer losses, subject us to litigation and harm our reputation and business. As we add data centers and capacity and continue to move to cloud computing platform providers, we move or transfer our data and our customers’ data from time to time. Despite precautions taken during this process, any unsuccessful data transfers may impair the delivery of our services, which may damage our business.",substantive,yes,focal_firm,current,NA,NA,infrastructure_or_platform,unspecified_ai,NA,no,yes,2,NA,NA,NA,no,no,yes,no,NA,NA,NA,high,no,AI scaling raises energy/capacity/outage exposure.,NA,no,no,NA,NA,no,capacity|environmental|financial|operational,no,NA,74246,75507,494,494,NA,claim,expanded_2026_10_08_v2
CRM_claim_9fc2996acdeaecd57969,CRM_10K_2026-03-02:L537:f4a54990f33fad13,CRM,2026-01-31,CRM_10K_2026-03-02.txt,537,"We anticipate that significant additional investments, including in human capital software, agentic AI and other technologies, will be required to scale our operations and increase productivity, address the needs of our customers, develop and enhance our services, expand into new geographic areas and support continued growth.",substantive,yes,focal_firm,planned,NA,NA,internal_operations,unspecified_ai,workforce_productivity,no,yes,2,1,NA,NA,NA,no,no,no,no,NA,NA,medium,yes,"Expected agentic investment for growth/productivity, without intended task specified.",Required future investment is not an explicit expenditure commitment or application plan.,no,yes,1,NA,yes,NA,no,NA,80756,81083,537,537,NA,claim,expanded_2026_10_08_v2
CRM_claim_1a5b482029ca6373fb10,CRM_10K_2026-03-02:L541:fc7441ff384fc971,CRM,2026-01-31,CRM_10K_2026-03-02.txt,541,"Furthermore, new AI offerings and technologies, which are integrated into our operations, may disrupt workforce needs and could adversely affect our operations if not managed properly.",substantive,yes,focal_firm,current,NA,Internal AI operational integration; tasks unspecified,internal_operations,unspecified_ai,NA,no,yes,2,4,yes,no,no,no,yes,no,no,NA,NA,medium,yes,AI technologies currently integrated in firm's operations; exact tasks not described.,Current integration asserted in risk language; routine task and breadth not specified.,no,yes,4,not_identified,no,operational|workforce,no,NA,82616,82800,541,541,NA,claim,expanded_2026_10_08_v2
CRM_claim_d0bbe711b634d109dc1f,CRM_10K_2026-03-02:L570:a1ba23daf03491ec,CRM,2026-01-31,CRM_10K_2026-03-02.txt,570,"• compliance with complex and evolving governmental laws and regulations, such as those governing AI;",substantive,yes,focal_firm,hypothetical,NA,NA,unclear_or_other,unspecified_ai,NA,no,yes,2,NA,NA,NA,no,no,yes,no,NA,NA,NA,high,no,AI legal compliance exposure in risk-list context.,NA,no,no,NA,NA,no,regulatory,yes,CRM_10K_2026-03-02.txt:L570 (full parent/context),87296,87397,570,570,NA,claim,expanded_2026_10_08_v2
CRM_claim_7c3d43b1cc89a3ded66b,CRM_10K_2026-03-02:L601:2658341df166da30,CRM,2026-01-31,CRM_10K_2026-03-02.txt,601,"Pricing and packaging strategies for enterprise and other customers for our existing and future service offerings, including for our AI offerings such as Agentforce, may not be widely accepted by new or existing customers. Our adoption of or failure to adopt, as well as the manner and time of, changes to our pricing and packaging models and strategies may harm our business.",substantive,yes,focal_firm,hypothetical,NA,NA,customer_facing_product,unspecified_ai,NA,no,yes,2,NA,NA,NA,no,no,yes,no,NA,NA,NA,high,no,AI pricing/packaging may fail customer acceptance.,NA,no,no,NA,NA,no,competitive|financial,no,NA,90847,91223,601,601,NA,claim,expanded_2026_10_08_v2
CRM_claim_ccee521764f2b68db9e9,CRM_10K_2026-03-02:L607:8f0f79f86d07c9a4,CRM,2026-01-31,CRM_10K_2026-03-02.txt,607,"We have experienced challenges with significant competition in talent recruitment and retention, particularly for engineers with experience in AI, and may not be successful in recruiting or retaining such talent.",substantive,yes,focal_firm,current,NA,NA,unclear_or_other,unspecified_ai,NA,no,yes,2,NA,NA,NA,no,no,yes,no,NA,NA,NA,high,no,AI-engineer recruitment/retention competition.,NA,no,no,NA,NA,no,competitive|workforce,no,NA,92371,92583,607,607,NA,claim,expanded_2026_10_08_v2
CRM_claim_60910e98af1d89b88d2c,CRM_10K_2026-03-02:L634:d902678f9cf8f71b,CRM,2026-01-31,CRM_10K_2026-03-02.txt,634,"• vendors who offer software tailored to specific services, industries or market segments, as opposed to our full suite of service offerings, including suppliers of traditional business intelligence and data preparation products, integration software vendors, marketing vendors, e-commerce solutions vendors or AI software and service vendors;",substantive,yes,competitor,current,NA,NA,customer_facing_product,unspecified_ai,NA,no,no,2,NA,NA,NA,no,no,yes,no,NA,NA,NA,high,no,"Repeated AI competitor categories, not focal implementation.",NA,no,no,NA,NA,no,competitive,yes,CRM_10K_2026-03-02.txt:L634 (full parent/context),98137,98480,634,634,CRM_competitor_vendors,claim,expanded_2026_10_08_v2
CRM_claim_9f3210840b554a4363ac,CRM_10K_2026-03-02:L638:f1eba903246ca280,CRM,2026-01-31,CRM_10K_2026-03-02.txt,638,"• traditional platform development environment companies and cloud computing development platform companies who may develop toolsets and products that allow customers to build new applications, including AI-augmented applications, that run on the customers’ current infrastructure or as hosted services, as well as would-be customers who may develop enterprise applications for internal use.",substantive,yes,competitor,current,NA,NA,customer_facing_product,unspecified_ai,NA,no,yes,2,NA,NA,NA,no,no,yes,no,NA,NA,NA,high,no,"Repeated AI competitor categories, not focal implementation.",NA,no,no,NA,NA,no,competitive,yes,CRM_10K_2026-03-02.txt:L638 (full parent/context),98648,99039,638,638,CRM_competitor_platforms,claim,expanded_2026_10_08_v2
CRM_claim_6cc0e23c0119621107b1,CRM_10K_2026-03-02:L640:730e6994d6693321,CRM,2026-01-31,CRM_10K_2026-03-02.txt,640,"Additionally, as we continue to increasingly build AI into many of our offerings, we face more competition as AI technologies are increasingly integrated into the markets in which we compete. New AI offerings may disrupt our service offerings or transform workforce needs and negatively impact demand for our offerings, or our competitors may be able to incorporate AI into their offerings more efficiently or successfully than we are able to and achieve greater and faster adoption.",substantive,yes,focal_firm,current,NA,NA,customer_facing_product,unspecified_ai,NA,no,yes,2,NA,NA,NA,no,no,yes,no,NA,NA,NA,high,no,AI competition/disruption of products and workforce demand.,NA,no,no,NA,NA,no,competitive|workforce,no,NA,100114,100597,640,640,NA,claim,expanded_2026_10_08_v2
CRM_claim_b60cdb02aba03d098466,CRM_10K_2026-03-02:L655:5e2ae23bd33c1f20,CRM,2026-01-31,CRM_10K_2026-03-02.txt,655,"In order to maintain and enhance the strength of our brands, we have made and may in the future make substantial investments to expand or improve our product offerings and services, including our investments in data and AI technologies, or we may enter new markets that may be accompanied by initial complications or ultimately prove to be unsuccessful.",substantive,yes,focal_firm,current,NA,NA,partnership_or_investment,unspecified_ai,NA,no,yes,2,NA,NA,NA,yes,no,yes,no,NA,NA,NA,high,no,Current data/AI product investment supports brand positioning; investment success uncertain.,NA,no,no,NA,NA,no,financial|reputational,no,NA,104733,105086,655,655,NA,claim,expanded_2026_10_08_v2
CRM_claim_4ca4de01d7d5b84ba171,CRM_10K_2026-03-02:L661:bd4e7b71d46cd7e2,CRM,2026-01-31,CRM_10K_2026-03-02.txt,661,"We manage a portfolio of strategic investments in both privately held and publicly traded companies focused primarily on enterprise cloud companies, technology startups and system integrators. While we invest in companies that we believe are digitally transforming their industries, advancing responsible generative AI, improving customer experiences, helping us expand our solution ecosystem or supporting other corporate initiatives, we may still experience unforeseen reputational harm associated with our investments. Our investments range from early- to late-stage companies, including investments made concurrent with a company’s initial public offering. Investments in early-stage companies are inherently speculative, as these companies may not yet be revenue-generating and could still be in the process of developing their products and services at the time of our investment. The financial success of our investment in any company is typically dependent on a liquidity event, such as a public offering, acquisition or other favorable market event reflecting appreciation to the cost of our initial investment. Our investments may face challenges from regulatory authorities potentially resulting in unexpected costs, delays, or unfavorable conditions imposed on transactions involving our investment portfolio. In certain cases, our ability to sell these investments may be impacted by contractual obligations to hold the securities for a set period of time after a public offering. All of our investments are subject to a risk of partial or total loss of invested capital.",substantive,yes,focal_firm,current,NA,NA,partnership_or_investment,genai,NA,no,yes,2,NA,NA,NA,yes,no,yes,no,NA,NA,NA,high,no,GenAI strategic investment portfolio and speculative/reputational exposure.,NA,no,no,NA,NA,no,financial|regulatory|reputational,no,NA,105697,107280,661,661,NA,claim,expanded_2026_10_08_v2
CRM_claim_2eb41bba9946508a7552,CRM_10K_2026-03-02:L670:88994f5b7ac172c4,CRM,2026-01-31,CRM_10K_2026-03-02.txt,670,"Social, ethical, and regulatory issues, including the development, deployment, use or capabilities of AI in our offerings, may result in reputational harm, legal liability and increased compliance costs.",substantive,yes,focal_firm,hypothetical,NA,NA,customer_facing_product,unspecified_ai,NA,no,yes,1,NA,NA,NA,no,no,yes,no,NA,NA,NA,high,no,"AI social/ethical/regulatory exposure, not adoption evidence.",NA,no,no,NA,NA,no,financial|regulatory|reputational,no,NA,109120,109323,670,670,NA,claim,expanded_2026_10_08_v2
CRM_claim_8bdc1da08752c2021cef,CRM_10K_2026-03-02:L672:3ef6790e2bd93be1,CRM,2026-01-31,CRM_10K_2026-03-02.txt,672,"Regulatory frameworks such as the EU Digital Services Act (“DSA”), the EU AI Act and other rapidly evolving and sometimes conflicting global laws and regulations related to AI, privacy and consumer protection could increase compliance costs, restrict features or data flows, delay launches and expose us to penalties or litigation.",substantive,yes,focal_firm,hypothetical,NA,NA,unclear_or_other,unspecified_ai,NA,no,yes,2,NA,NA,NA,no,no,yes,no,NA,NA,NA,high,no,AI regulatory frameworks may limit launches/data flows and increase costs.,NA,no,no,NA,NA,no,financial|privacy|regulatory,no,NA,110289,110620,672,672,NA,claim,expanded_2026_10_08_v2
CRM_claim_ece5550d584805b2ba62,CRM_10K_2026-03-02:L674:49da9e75b643773b,CRM,2026-01-31,CRM_10K_2026-03-02.txt,674,"We are increasingly building AI into many of our offerings, including generative and agentic AI. As with many technical innovations, AI offerings, such as Agentforce, and our Agentforce 360 Platform present additional risks and challenges that could affect customer adoption and therefore our business. For example, the development and deployment of AI offerings, including those involving information regarding our customers’ customers, raise emerging ethical, legal and operational considerations. If we enable or offer solutions that draw controversy due to their perceived or actual impact on human rights, privacy, employment or other social concerns, we may experience new or heightened governmental or regulatory scrutiny, investigations, enforcement actions, fines or penalties and reputational or competitive harm.",substantive,yes,focal_firm,current,NA,NA,customer_facing_product,genai,NA,no,yes,2,NA,NA,NA,no,no,yes,no,NA,NA,NA,high,no,Agentforce AI portfolio raises ethics/privacy/workforce/regulatory risks.,NA,no,no,NA,NA,no,privacy|regulatory|reputational|safety|workforce,no,NA,110624,111447,674,674,NA,claim,expanded_2026_10_08_v2
CRM_claim_af532c743780595ac369,CRM_10K_2026-03-02:L676:eaa8eaa93e22a92c,CRM,2026-01-31,CRM_10K_2026-03-02.txt,676,"As we develop and deploy AI applications in our products and services, including in customer-facing contexts, the speed, scale and complexity of related data processing may increase. AI applications may be targeted or misused, or may perform in ways that are inaccurate, biased, unreliable or otherwise harmful, or that implicate personal or proprietary data in ways that may be difficult to anticipate, detect or control. Such issues could result in regulatory scrutiny, litigation, contractual disputes, loss of customer trust or reputational harm.",substantive,yes,focal_firm,current,NA,NA,customer_facing_product,unspecified_ai,NA,no,yes,2,NA,NA,NA,no,no,yes,no,NA,NA,NA,high,no,"AI data processing, unsafe performance and misuse expose focal firm.",NA,no,no,NA,NA,no,bias|misuse|model_quality|privacy|reputational,no,NA,111451,112001,676,676,NA,claim,expanded_2026_10_08_v2
CRM_claim_6a76078749a5d0060353,CRM_10K_2026-03-02:L678:81d50edc175477d7,CRM,2026-01-31,CRM_10K_2026-03-02.txt,678,"Inadequate or ineffective AI development, testing, deployment, content labeling, governance, monitoring or oversight, whether by us or others, could result in our AI applications not operating as intended or with reduced functionality, reduced acceptance of our products and services or diminished confidence in the decisions, predictions, analysis or other content that our AI applications produce. Such risks may be heightened as AI applications are integrated into a broader range of our products and services. This could subject us to regulatory scrutiny, competitive harm, legal liability and reputational damage.",substantive,yes,focal_firm,hypothetical,NA,NA,customer_facing_product,unspecified_ai,NA,no,yes,2,NA,NA,NA,no,no,yes,no,NA,NA,NA,high,no,"Potential ineffective AI testing/governance/oversight, not reported current controls or pilot.",NA,no,no,NA,NA,no,model_quality|regulatory|reputational,no,NA,112005,112623,678,678,NA,claim,expanded_2026_10_08_v2
CRM_claim_db48d1ee55e848978d6e,CRM_10K_2026-03-02:L680:fdfeaad13e92c6ed,CRM,2026-01-31,CRM_10K_2026-03-02.txt,680,"We may rely in part on third-party models, datasets, cloud infrastructure or other technologies in developing or offering certain AI applications. Our reliance on such third parties exposes us to risks relating to performance, availability, security vulnerabilities, intellectual property claims, licensing restrictions, cost increases or changes in terms of service. If a third-party provider modifies, suspends or terminates access to its models, data or infrastructure, or if such technologies fail to perform as expected, our ability to offer, scale or support certain AI applications may be adversely affected, and we may incur additional costs to mitigate such impacts.",substantive,yes,focal_firm,hypothetical,NA,NA,infrastructure_or_platform,unspecified_ai,NA,no,yes,2,NA,NA,NA,no,no,yes,no,NA,NA,NA,high,no,"Conditional third-party AI-model/data access, security and IP exposure.",NA,no,no,NA,NA,no,cybersecurity|financial|intellectual_property|third_party,no,NA,112627,113302,680,680,NA,claim,expanded_2026_10_08_v2
CRM_claim_2b4a28e6e89bb3ebbe0f,CRM_10K_2026-03-02:L682:a9415ca7091b441b,CRM,2026-01-31,CRM_10K_2026-03-02.txt,682,"The rapid evolution of AI technologies and related regulatory requirements will require the allocation of significant resources to develop, test, monitor and maintain our products and services in order to comply with applicable laws and regulations and to address concerns relating to accuracy, bias, transparency, explainability, security and data provenance. Uncertainty surrounding new and emerging AI applications, including generative AI content creation and AI agents, may require additional investment in compliance programs, governance frameworks, licensing arrangements, documentation, auditing and risk mitigation processes, which may be complex, costly and could impact our profit margins. Moreover,",substantive,yes,focal_firm,planned,NA,NA,unclear_or_other,genai,NA,no,yes,2,NA,NA,NA,NA,no,yes,no,NA,NA,NA,medium,yes,"Expected AI compliance resources and potential governance investment, not current controls.",Necessity of future resource allocation is not an executed governance framework.,no,no,NA,NA,no,financial|regulatory,no,NA,113306,114016,682,682,NA,claim,expanded_2026_10_08_v2
CRM_claim_4c372fc22fe2721b44c8,CRM_10K_2026-03-02:L685:9d95b1e38a7fac52,CRM,2026-01-31,CRM_10K_2026-03-02.txt,685,"expansion of our AI capabilities to content generation, including through Agentforce and other generative AI offerings, introduces additional risks and responsibilities.",substantive,yes,focal_firm,hypothetical,NA,NA,customer_facing_product,genai,NA,no,yes,2,NA,NA,NA,no,no,yes,no,NA,NA,NA,high,no,Continuation of content-generation responsibility/risk statement.,NA,no,no,NA,NA,no,misuse|regulatory,yes,CRM_10K_2026-03-02.txt:L685 (full parent/context),114022,114191,685,685,CRM_content_generation_risk,claim,expanded_2026_10_08_v2
CRM_claim_33254f42ac35b088f51f,CRM_10K_2026-03-02:L687:f1535c557a6d4833,CRM,2026-01-31,CRM_10K_2026-03-02.txt,687,"AI technologies may produce content that is inaccurate, misleading, biased, offensive or unsafe, and may implicate privacy, security or intellectual property rights, including through the generation of copyrighted or other protected material. If our customers or others rely on such content to their detriment, or if regulators or rights holders assert claims relating to AI-generated content, we may be exposed to litigation, regulatory investigations, enforcement actions, indemnification obligations, monetary penalties or other liabilities, or reputational harm. Developing, testing and deploying AI technologies may also increase the cost profile of our offerings due to the computing costs required. If we are unable to effectively mitigate these risks, or if our mitigation efforts result in excessive costs, our reputation, business, operating results and financial condition may be adversely affected.",substantive,yes,focal_firm,hypothetical,NA,NA,customer_facing_product,genai,NA,no,yes,3,NA,NA,NA,no,no,yes,no,NA,NA,NA,high,no,"Generated content, compute costs and potential liabilities.",NA,no,no,NA,NA,no,bias|financial|intellectual_property|model_quality|privacy|regulatory|safety,no,NA,114195,115105,687,687,NA,claim,expanded_2026_10_08_v2
CRM_claim_c5438a337dfe5a369da0,CRM_10K_2026-03-02:L695:2b28398a8f662e7d,CRM,2026-01-31,CRM_10K_2026-03-02.txt,695,"Privacy concerns and laws as well as evolving regulation of cloud computing, AI services, cross-border data transfers and other domestic or foreign regulations may limit the use and adoption of our services and adversely affect our business.",substantive,yes,focal_firm,hypothetical,NA,NA,customer_facing_product,unspecified_ai,NA,no,yes,2,NA,NA,NA,no,no,yes,no,NA,NA,NA,high,no,AI/privacy regulation may constrain service adoption.,NA,no,no,NA,NA,no,financial|privacy|regulatory,no,NA,117490,117731,695,695,NA,claim,expanded_2026_10_08_v2
CRM_claim_e93612128fdcc37f23a2,CRM_10K_2026-03-02:L699:1ffdd9166900b51c,CRM,2026-01-31,CRM_10K_2026-03-02.txt,699,"New EU laws, including the DSA, the Data Act and the AI Act, have also been adopted and, depending on how they are implemented, interpreted and enforced, may impose additional rules, restrictions or compliance requirements on the development, deployment or use of our products and services, including AI-enabled features.",substantive,yes,focal_firm,hypothetical,NA,NA,unclear_or_other,unspecified_ai,NA,no,yes,2,NA,NA,NA,no,no,yes,no,NA,NA,NA,high,no,AI Act implementation may impose compliance restrictions.,NA,no,no,NA,NA,no,regulatory,no,NA,119189,119510,699,699,NA,claim,expanded_2026_10_08_v2
CRM_claim_7603f9136b46699f4bd3,CRM_10K_2026-03-02:L712:86be79fa90bd78ac,CRM,2026-01-31,CRM_10K_2026-03-02.txt,712,"Furthermore, the uncertain and evolving regulatory environment and broader trust climate may heighten concerns regarding data privacy, cybersecurity, and artificial intelligence, particularly where advanced analytics or automated functionality is involved, which could cause our customers or their end users to limit the data they provide or their use of our products and services. Even the perception that personal data is not adequately protected or that our products or services do not comply with applicable regulatory requirements could inhibit sales, reduce adoption of our offerings or otherwise adversely affect our business.",substantive,yes,focal_firm,hypothetical,NA,NA,customer_facing_product,unspecified_ai,NA,no,yes,2,NA,NA,NA,no,no,yes,no,NA,NA,NA,high,no,AI privacy/trust concerns may inhibit product sales and use.,NA,no,no,NA,NA,no,cybersecurity|financial|privacy|reputational,no,NA,125134,125767,712,712,NA,claim,expanded_2026_10_08_v2
CRM_claim_9adaa51d64348abd5dc2,CRM_10K_2026-03-02:L716:5a5faeb5d8d1536d,CRM,2026-01-31,CRM_10K_2026-03-02.txt,716,"Regulators in certain industries have adopted and may in the future adopt regulations or interpretive positions regarding the use of cloud computing, AI services and other outsourced services. The costs of compliance with, and other burdens imposed by, industry-specific laws, regulations and interpretive positions may limit our customers’ use and adoption of our services and reduce overall demand for our services. Compliance with these regulations may also require us to devote greater resources to support certain customers, which may increase costs and lengthen sales cycles.",substantive,yes,focal_firm,hypothetical,NA,NA,customer_facing_product,unspecified_ai,NA,no,yes,2,NA,NA,NA,no,no,yes,no,NA,NA,NA,high,no,Sector-specific AI/cloud regulations may constrain customer use and increase compliance costs.,NA,no,no,NA,NA,no,financial|regulatory,no,NA,126123,126704,716,716,NA,claim,expanded_2026_10_08_v2
CRM_claim_fa472fd6b136517f1794,CRM_10K_2026-03-02:L723:3a1c3a4fae47d93d,CRM,2026-01-31,CRM_10K_2026-03-02.txt,723,"Further, jurisdictions are increasingly applying existing data privacy, consumer protection and other laws to AI, including emerging AI technologies such as generative AI, and are also enacting, or considering enacting, AI-specific legal frameworks, such as the EU AI Act, and the Utah Artificial Intelligence Policy Act, the Colorado Artificial Intelligence Act and the draft CCPA regulations on automated decision-making technology. As these laws and regulations are implemented, interpreted and enforced, they may impose additional compliance obligations or restrictions on our products, services or business practices. Any failure, or perceived failure, by us to comply with applicable AI-related legal requirements could have an adverse impact on our business.",substantive,yes,focal_firm,current,NA,NA,unclear_or_other,genai,NA,no,yes,2,NA,NA,NA,no,no,yes,no,NA,NA,NA,high,no,Current and evolving AI privacy/consumer law compliance exposure.,NA,no,no,NA,NA,no,privacy|regulatory,no,NA,128975,129740,723,723,NA,claim,expanded_2026_10_08_v2
CRM_claim_6ad2f2a6f6403dd2c8c4,CRM_10K_2026-03-02:L744:bf30fc3ca9693480,CRM,2026-01-31,CRM_10K_2026-03-02.txt,744,"Additionally, the intellectual property ownership and license rights, including copyright, surrounding AI technologies, which we are increasingly building into our product offerings, has not been fully addressed by U.S. courts or other federal or state laws or regulations, and some U.S. governmental entities and courts have expressed the view that U.S. copyright and patent protection should be limited to protecting inventions and works of authorship created by humans. If this position becomes widely accepted, intellectual property ownership and license rights, including copyright, may be limited, or not available at all, for inventions or works developed in part or wholly by AI technologies. Furthermore, the use or adoption of AI technologies in our products and services may expose us to copyright infringement or other intellectual property misappropriation claims related to AI training or output.",substantive,yes,focal_firm,hypothetical,NA,NA,unclear_or_other,unspecified_ai,NA,no,yes,3,NA,NA,NA,no,no,yes,no,NA,NA,NA,high,no,AI-created intellectual-property ownership/protection and training/output infringement risks.,NA,no,no,NA,NA,no,intellectual_property|regulatory,no,NA,136452,137362,744,744,NA,claim,expanded_2026_10_08_v2
CRM_claim_1c19894e3880f05a15c7,CRM_10K_2026-03-02:L757:5cef557eaba1edc3,CRM,2026-01-31,CRM_10K_2026-03-02.txt,757,"Sanctions and export and import control regulations in the United States and other countries are subject to change and uncertainty, including as a result of tariff policy changes, rapidly evolving technology, increased government regulation of AI and cloud service solutions, and geopolitical developments such as events affecting relations between the United States and China, multi-jurisdictional sanctions on Russia, the war in Ukraine and regional conflict in the Middle East.",substantive,yes,focal_firm,hypothetical,NA,NA,unclear_or_other,unspecified_ai,NA,no,yes,2,NA,NA,NA,no,no,yes,no,NA,NA,NA,high,no,AI/cloud export-control and sanctions-policy uncertainty.,NA,no,no,NA,NA,no,financial|regulatory,no,NA,143087,143567,757,757,NA,claim,expanded_2026_10_08_v2
CRM_claim_d42ea93bf58688cf4b1e,CRM_10K_2026-03-02:L824:e0cea31a90387eb8,CRM,2026-01-31,CRM_10K_2026-03-02.txt,824,"investor sentiment regarding AI-related business models, our competitors, and our industry in general;",substantive,yes,focal_firm,hypothetical,NA,NA,unclear_or_other,unspecified_ai,NA,no,yes,2,NA,NA,NA,no,no,yes,no,NA,NA,NA,high,no,"Investor AI-model sentiment may affect stock price, not operational results.",NA,no,no,NA,NA,no,financial,no,NA,160422,160524,824,824,NA,claim,expanded_2026_10_08_v2
CRM_claim_5eb4b2ca1354ce3cacc3,CRM_10K_2026-03-02:L861:03455142746dacfd,CRM,2026-01-31,CRM_10K_2026-03-02.txt,861,"In particular, increased energy consumption, including as a result of AI-related growth, climate-related events, energy market volatility, and power grid disruptions, may increase the operational costs related to inputs across our value chain, including for data centers.",substantive,yes,focal_firm,hypothetical,NA,NA,infrastructure_or_platform,unspecified_ai,NA,no,yes,2,NA,NA,NA,no,no,yes,no,NA,NA,NA,high,no,AI energy growth and grid risk may raise operating costs.,NA,no,no,NA,NA,no,capacity|environmental|financial,no,NA,168061,168332,861,861,NA,claim,expanded_2026_10_08_v2
CRM_claim_b64c5078ab940c11d22a,CRM_10K_2026-03-02:L1050:d15d929ab87aa222,CRM,2026-01-31,CRM_10K_2026-03-02.txt,1050,"During the third quarter of fiscal 2025, we introduced Agentforce, a new layer of our trusted platform that enables companies to build and deploy AI agents that can respond to inputs, make decisions and take action autonomously across business functions. Agentforce includes a suite of customizable agents for use across sales, service, marketing and commerce.",substantive,yes,focal_firm,current,CRM_uc_agent_build_deploy,Agentforce enterprise agent building and execution,customer_facing_product,genai,NA,no,no,4,4,yes,no,no,no,no,no,no,NA,NA,high,no,Previously introduced Agentforce remains current offered agent execution platform.,NA,no,yes,4,resolved,no,NA,yes,CRM_10K_2026-03-02.txt:L1050 (full parent/context),199409,199769,1050,1050,CRM_agent_platform_description,claim,expanded_2026_10_08_v2
CRM_claim_9e7c345518faec487464,CRM_10K_2026-03-02:L1050:d15d929ab87aa222,CRM,2026-01-31,CRM_10K_2026-03-02.txt,1050,"We continue to invest for growth, including investing in generative and agentic AI across all products, which we believe will change how our customers help their customers, and continuously look to expand our leadership role in the cloud computing industry.",substantive,yes,focal_firm,current,NA,NA,customer_facing_product,genai,competitive_positioning,no,no,2,1,NA,NA,yes,no,no,no,no,NA,NA,high,no,Current GenAI/agentic product investment and leadership ambition.,NA,no,yes,1,NA,yes,NA,no,NA,199770,200027,1050,1050,NA,claim,expanded_2026_10_08_v2
CRM_claim_1e9eebbce700d5dfb20c,CRM_10K_2026-03-02:L1073:eb2127f0edd769c3,CRM,2026-01-31,CRM_10K_2026-03-02.txt,1073,"• Informatica Acquisition: In November 2025, we completed our acquisition of Informatica, an AI-powered enterprise cloud data management platform, for approximately $9.6 billion. Informatica contributed approximately $0.4 billion of revenue in fiscal 2026.",substantive,yes,focal_firm,current,NA,NA,partnership_or_investment,unspecified_ai,NA,no,no,4,NA,NA,NA,yes,no,no,no,no,unlinked,acquired_entity_revenue,high,no,Informatica acquisition is AI resource investment; acquired revenue not an AI application benefit.,NA,no,no,NA,NA,no,NA,no,NA,203531,203787,1073,1073,CRM_informatica_acquisition,claim,expanded_2026_10_08_v2
CRM_claim_916e9a30af245c710ea6,CRM_10K_2026-03-02:L1075:46181b02c54ca58c,CRM,2026-01-31,CRM_10K_2026-03-02.txt,1075,"During fiscal 2026, we experienced strong momentum in Agentforce, Slack and Data 360, bolstered by the acquisition of Informatica. As we have a diversified portfolio of AI-enabled products and a customer base spanning geographies, segments, and industries, demand for our offerings has remained relatively resilient.",substantive,yes,focal_firm,current,NA,NA,customer_facing_product,unspecified_ai,NA,no,no,2,NA,NA,NA,no,no,no,no,no,NA,NA,high,no,AI portfolio demand/momentum lacks application-specific outcome magnitude.,NA,no,no,NA,NA,no,NA,no,NA,203791,204107,1075,1075,NA,claim,expanded_2026_10_08_v2
CRM_claim_8e94e34c38401242be15,CRM_10K_2026-03-02:L1314:db3627a54e8183f5,CRM,2026-01-31,CRM_10K_2026-03-02.txt,1314,"We intend to continue to invest additional resources in our AI, agentic and cloud services to allow us to scale with our customers and continue to evolve our security measures. The timing of these expenses may cause our cost of revenues as a percentage of revenues to fluctuate over time due to changes in demand for our service offerings.",substantive,yes,focal_firm,planned,NA,NA,infrastructure_or_platform,unspecified_ai,NA,yes,yes,2,NA,NA,NA,yes,no,yes,no,NA,NA,NA,high,no,Explicit intended extra AI-service resources and uncertain expense timing.,NA,no,no,NA,NA,no,financial,no,NA,241675,242014,1314,1314,NA,claim,expanded_2026_10_08_v2
CRM_claim_96ea90df41b076bf43c7,CRM_10K_2026-03-02:L1332:8ac59b3b1550f1a5,CRM,2026-01-31,CRM_10K_2026-03-02.txt,1332,"We expect that research and development expenses will likely remain consistent as a percentage of revenue over time as we continue to invest in the development of new, and improve existing, technologies, including AI, agents and our Data 360 service offerings, and the integration of acquired technologies, including our November 2025 acquisition of Informatica.",substantive,yes,focal_firm,current,NA,NA,research_and_development,unspecified_ai,NA,no,yes,2,NA,NA,NA,yes,no,no,no,no,NA,NA,high,no,Continuing AI/agent R&D investment; forecast expense shares are not outcomes.,NA,no,no,NA,NA,no,NA,no,NA,243954,244316,1332,1332,NA,claim,expanded_2026_10_08_v2
CRM_claim_58fe95982b2093045f4c,CRM_10K_2026-03-02:L1336:c8e72117ac3eebd3,CRM,2026-01-31,CRM_10K_2026-03-02.txt,1336,"We expect that sales and marketing expenses may decrease as a percentage of revenues over time as we continue to focus on leveraging our self-serve and partner-led channels and increasing our sales productivity, which includes the use of AI and agents.",substantive,yes,focal_firm,current,CRM_uc_internal_sales_ai,Internal AI/agent sales productivity assistance,internal_operations,unspecified_ai,efficiency|workforce_productivity,no,yes,2,4,yes,no,no,no,no,no,no,NA,NA,medium,yes,AI/agents currently included in firm's sales productivity activities; expense reduction only forecast.,Specific sales tasks are unspecified; expected expense share is not realized outcome.,no,yes,4,resolved,no,NA,no,NA,244746,244998,1336,1336,NA,claim,expanded_2026_10_08_v2
CRM_claim_d27664812a3cd32f17f2,CRM_10K_2026-03-02:L1340:d172d1dd591c2f49,CRM,2026-01-31,CRM_10K_2026-03-02.txt,1340,"We expect that general and administrative expenses may decrease as a percentage of revenues over time as we continue to invest in process efficiency initiatives, which includes the use of AI and agents.",substantive,yes,focal_firm,current,NA,Internal AI process efficiency; tasks unspecified,internal_operations,unspecified_ai,efficiency,no,yes,2,4,yes,no,yes,no,no,no,no,NA,NA,medium,yes,AI/agents used in internal process-efficiency initiatives; no particular task or realized savings.,"Broad process initiative lacks task detail; expense decline is forecast, not realized.",no,yes,4,not_identified,no,NA,no,NA,245435,245637,1340,1340,NA,claim,expanded_2026_10_08_v2
CRM_claim_8a45a021c04fa95b0932,CRM_10K_2026-03-02:L1355:78c9fa88d222a97a,CRM,2026-01-31,CRM_10K_2026-03-02.txt,1355,"Our strategic investment portfolio continues to be affected by market conditions for companies in which we hold private securities, including the pace of technological change driven by artificial intelligence and volatility in public equity markets.",substantive,yes,focal_firm,current,NA,NA,partnership_or_investment,unspecified_ai,NA,no,no,2,NA,NA,NA,no,no,yes,no,no,NA,NA,high,no,AI technological change affects investment-market valuation; equity gains are not AI operational outcomes.,NA,no,no,NA,NA,no,financial,no,NA,247077,247326,1355,1355,NA,claim,expanded_2026_10_08_v2
CRM_claim_3b2bc17a71dac73e24b5,CRM_10K_2026-03-02:L1909:ca3b3180eb25c7ff,CRM,2026-01-31,CRM_10K_2026-03-02.txt,1909,"With the deeply unified Agentforce 360 Platform, the Company delivers a single source of truth, connecting customer data with integrated artificial intelligence (“AI”) across systems, apps and devices to help companies sell, service, market and conduct commerce from anywhere. During the third quarter of fiscal 2025, the Company introduced Agentforce, a new layer of the trusted Agentforce 360 Platform that enables companies to build and deploy AI agents that can respond to inputs, make decisions and take action autonomously across business functions. Agentforce includes a suite of customizable agents for use across sales, service, marketing and commerce.",substantive,yes,focal_firm,current,CRM_uc_agent_build_deploy,Agentforce enterprise agent building and execution,customer_facing_product,genai,NA,no,no,4,4,yes,no,no,no,no,no,no,NA,NA,high,no,"Current Agentforce platform with historical introduction; repeated description, not new application.",NA,no,yes,4,resolved,no,NA,yes,CRM_10K_2026-03-02.txt:L1909 (full parent/context),324856,325517,1909,1909,CRM_agent_platform_description,claim,expanded_2026_10_08_v2
CRM_claim_471b5b3416e1d6447599,CRM_10K_2026-03-02:L2502:2240511fc1c95b3b,CRM,2026-01-31,CRM_10K_2026-03-02.txt,2502,"In October 2025, the Company acquired all of the outstanding stock of Regrello Corp. (“Regrello”), the developer of an AI-native business process automation solution. The acquisition date fair value of the consideration transferred for Regrello was $ 818 million, which consisted primarily of $ 815 million in cash.",substantive,yes,focal_firm,current,NA,NA,partnership_or_investment,unspecified_ai,NA,no,no,4,NA,NA,NA,yes,no,no,no,no,NA,NA,high,no,"Regrello AI-business automation acquisition is investment, not proof of deployed firm application.",NA,no,no,NA,NA,no,NA,no,NA,396383,396698,2502,2502,NA,claim,expanded_2026_10_08_v2
CRM_claim_ef5d9a50485647ad8639,CRM_10K_2026-03-02:L2506:79c2f7259670f04a,CRM,2026-01-31,CRM_10K_2026-03-02.txt,2506,"In November 2025, the Company acquired all outstanding stock of Informatica, a leader in enterprise AI-powered cloud data management. The Company has included the financial results of Informatica in the consolidated financial statements from the date of acquisition. The transaction costs associated with the acquisition were not material. The acquisition date fair value of the consideration transferred for Informatica was approximately $9.6 billion, which consisted of the following (in millions):",substantive,yes,focal_firm,current,NA,NA,partnership_or_investment,unspecified_ai,NA,no,no,4,NA,NA,NA,yes,no,no,no,no,NA,NA,high,no,Repeated Informatica acquisition and accounting amounts; no operational benefit attribution.,NA,no,no,NA,NA,no,NA,no,NA,397787,398287,2506,2506,CRM_informatica_acquisition,claim,expanded_2026_10_08_v2
WMT_claim_345f25827f93a68a6c56,WMT_10K_2026-03-13:L169:8225c34eeb938ddc,WMT,2026-01-31,WMT_10K_2026-03-13.txt,169,"• our increasing investments in eCommerce, technology (including the use of artificial intelligence ""AI""), automation, supply chain, new stores and clubs as well as remodels and other omnichannel customer initiatives, such as same day pickup and delivery;",context_only,yes,focal_firm,planned,NA,NA,NA,NA,NA,NA,yes,NA,NA,NA,NA,NA,NA,NA,NA,NA,NA,NA,high,no,"Safe-harbor list names potential investment topics, not a standalone resource undertaking.",NA,no,no,NA,NA,NA,NA,yes,WMT_10K_2026-03-13.txt:L169 (full parent/context),13607,13862,169,169,NA,screening,expanded_2026_10_08_v2
WMT_claim_9682e22e8725b7c2f5c1,WMT_10K_2026-03-13:L214:892bdc2896d30a81,WMT,2026-01-31,WMT_10K_2026-03-13.txt,214,"We continue to heavily invest in omnichannel and eCommerce innovation, as well as supply chain capabilities, which enables us to leverage technology, talent and expertise, and expand our assortment and service offerings, including through the integration of advanced technologies such as AI.",substantive,yes,focal_firm,current,NA,NA,unclear_or_other,unspecified_ai,customer_experience|innovation,no,no,2,1,NA,NA,yes,no,no,no,no,NA,NA,high,no,AI integration within broad omnichannel investment/innovation direction.,NA,no,yes,1,NA,yes,NA,no,NA,22710,23001,214,214,NA,claim,expanded_2026_10_08_v2
WMT_claim_57c4230cc1cbd02816c1,WMT_10K_2026-03-13:L216:e537e4354733e4be,WMT,2026-01-31,WMT_10K_2026-03-13.txt,216,"Our strategies increasingly include the use of AI-powered tools to support customer and member-facing experiences, associate productivity and operational efficiency across our ecosystem.",substantive,yes,focal_firm,current,NA,NA,customer_facing_product|internal_operations,unspecified_ai,customer_experience|efficiency|workforce_productivity,no,no,2,1,NA,NA,no,no,no,no,no,NA,NA,high,no,"AI strategy targets customer experiences, associates and operations without identified task.",NA,no,yes,1,NA,yes,NA,no,NA,23282,23468,216,216,NA,claim,expanded_2026_10_08_v2
WMT_claim_71ccf760f8cec09a6abd,WMT_10K_2026-03-13:L294:5d8f27273431651b,WMT,2026-01-31,WMT_10K_2026-03-13.txt,294,"We employ many strategies and programs designed to meet competitive pressures within our industry, which increasingly incorporate the use of AI-powered tools.",substantive,yes,focal_firm,current,NA,NA,unclear_or_other,unspecified_ai,competitive_positioning,no,no,2,1,NA,NA,no,no,no,no,no,NA,NA,high,no,Broad competitive strategy incorporating AI tools; no identified task.,NA,no,yes,1,NA,yes,NA,no,NA,37116,37274,294,294,NA,claim,expanded_2026_10_08_v2
WMT_claim_22de0eed55ec86818c22,WMT_10K_2026-03-13:L338:6f327b75d3bc6810,WMT,2026-01-31,WMT_10K_2026-03-13.txt,338,"Workforce Strategy and Enablement. Our workforce strategy focuses on aligning our organizational structure, talent capabilities and technology investments with the evolving needs of the business, including development of a digitally skilled, AI-enabled workforce. This includes preparing associates for new roles, technologies and ways of working, as well as deploying digital tools that support associate effectiveness, engagement and performance. As part of this effort, we are making everyday work simpler and more meaningful by reshaping roles to emphasize uniquely human strengths such as creativity and leadership and identifying areas where AI can automate repetitive tasks.",substantive,yes,focal_firm,current,NA,NA,internal_operations,unspecified_ai,efficiency|workforce_productivity,no,no,2,1,NA,NA,no,no,no,no,no,NA,NA,high,no,"AI workforce enablement and search for repetitive-task opportunities, without concrete application plan.",NA,no,yes,1,NA,yes,NA,no,NA,45977,46658,338,338,NA,claim,expanded_2026_10_08_v2
WMT_claim_2737eee67eac6ba112fb,WMT_10K_2026-03-13:L342:abcb81bff0afb7ae,WMT,2026-01-31,WMT_10K_2026-03-13.txt,342,This includes company‑wide AI learning pathways and certifications designed to meet associates where they are.,substantive,yes,focal_firm,current,NA,NA,unclear_or_other,unspecified_ai,workforce_productivity,no,no,2,1,NA,NA,no,no,no,no,no,NA,NA,high,no,"Company-wide AI learning pathways concern human skills, not AI-tool deployment.",NA,no,yes,1,NA,yes,NA,no,NA,47571,47681,342,342,NA,claim,expanded_2026_10_08_v2
WMT_claim_f2b0470ee066311ee8d6,WMT_10K_2026-03-13:L374:fb58726cf0041f83,WMT,2026-01-31,WMT_10K_2026-03-13.txt,374,"Daniel Danker             Executive Vice President, AI Acceleration, Product and Design, effective August 2025.",substantive,yes,focal_firm,current,NA,NA,unclear_or_other,unspecified_ai,NA,no,no,2,NA,NA,NA,no,no,no,NA,NA,NA,NA,medium,yes,"Dedicated AI executive role is organizational AI evidence, not application implementation.","Job title does not establish governance duties, strategic commitment or deployed application.",no,no,NA,NA,no,NA,no,NA,55552,55663,377,377,NA,claim,expanded_2026_10_08_v2
WMT_claim_dcda35b6595ec9fd10fc,WMT_10K_2026-03-13:L399:c7d23fbb400b962f,WMT,2026-01-31,WMT_10K_2026-03-13.txt,399,"Our strategy, which includes investments in eCommerce, technology, AI, talent, supply chain automation and enhancements, advertising, acquisitions, joint ventures, new store and club openings and remodels and other customer initiatives, may not adequately or effectively allow us to continue to grow our omnichannel business offerings, increase comparable sales or maintain or grow our overall market position.",substantive,yes,focal_firm,current,NA,NA,unclear_or_other,unspecified_ai,competitive_positioning,no,yes,2,1,NA,NA,yes,no,yes,no,no,NA,NA,high,no,AI investment strategy and risk to omnichannel performance.,NA,no,yes,1,NA,yes,competitive|financial,no,NA,62572,62982,399,399,NA,claim,expanded_2026_10_08_v2
WMT_claim_0657cbf2b7ad7e0e50c7,WMT_10K_2026-03-13:L399:c7d23fbb400b962f,WMT,2026-01-31,WMT_10K_2026-03-13.txt,399,"Customers are using digital means, including websites, captive and third-party digital applications, social media, and emerging agentic platforms to shop with us and our competitors and to do comparison shopping, and we use these digital means along with digital advertising, text messages and email to interact with our customers and enhance their shopping experience.",uncertain,yes,customer,current,NA,NA,customer_adoption_claim,NA,NA,NA,NA,NA,NA,NA,NA,NA,NA,NA,NA,NA,NA,NA,low,yes,Customers' agentic shopping is pooled across firm and competitors; AI identity/attribution uncertain.,Agentic tool AI identity and focal-store versus competitor use not separable.,no,uncertain,NA,NA,NA,NA,no,NA,63294,63663,399,399,WMT_agentic_customer_shopping,screening,expanded_2026_10_08_v2
WMT_claim_8d5843ebbc2a9787dd95,WMT_10K_2026-03-13:L401:82db40d98dad46a7,WMT,2026-01-31,WMT_10K_2026-03-13.txt,401,"In addition, a greater concentration of eCommerce sales, including increasing online grocery sales and the increasing role of AI-enabled platforms in product search, discovery, advertising and purchasing, could result in a reduction in the amount of traffic in our stores and clubs, which would, in turn, reduce the opportunities for cross-store or cross-club sales of merchandise that such traffic creates and could reduce our sales within our stores and clubs and materially adversely affect our financial performance.",substantive,yes,focal_firm,hypothetical,NA,NA,unclear_or_other,unspecified_ai,NA,no,yes,3,NA,NA,NA,no,no,yes,no,NA,NA,NA,high,no,AI search/discovery may shift traffic away from physical stores.,NA,no,no,NA,NA,no,competitive|financial,no,NA,64239,64759,401,401,NA,claim,expanded_2026_10_08_v2
WMT_claim_4dba1d72cecc758ba46b,WMT_10K_2026-03-13:L407:8c064d659d6c7372,WMT,2026-01-31,WMT_10K_2026-03-13.txt,407,"In addition, to remain competitive, we must continue to develop, integrate and scale digital tools, including AI-powered search and discovery platforms and capabilities, useful interfaces and other marketing tools such as third-party recommendation engines, paid search and mobile applications.",substantive,yes,focal_firm,planned,WMT_uc_ai_search_discovery,AI-powered shopping search and discovery,customer_facing_product,unspecified_ai,competitive_positioning|customer_experience,no,yes,3,2,no,no,no,no,no,no,no,NA,NA,medium,yes,"Identifiable intended continued AI search/discovery development, without production evidence.",Must continue is intended capability expansion; actual rollout not established.,no,yes,2,resolved,yes,NA,no,NA,66825,67119,407,407,NA,claim,expanded_2026_10_08_v2
WMT_claim_fc3548eaaf395cb6b7a3,WMT_10K_2026-03-13:L407:8c064d659d6c7372,WMT,2026-01-31,WMT_10K_2026-03-13.txt,407,"Negative incidents, including the loss of merchandise as a result of shrink or theft, ineffective use or misuse of AI technologies, inaccurate, biased or otherwise flawed",substantive,yes,focal_firm,hypothetical,NA,NA,unclear_or_other,unspecified_ai,NA,no,yes,2,NA,NA,NA,no,no,yes,no,NA,NA,NA,high,no,AI misuse/flawed outputs appear in a risk-list continuation.,NA,no,no,NA,NA,no,bias|misuse|model_quality,yes,WMT_10K_2026-03-13.txt:L407 (full parent/context),67342,67512,407,407,WMT_search_output_risk,claim,expanded_2026_10_08_v2
WMT_claim_5cfadae014d53bc89115,WMT_10K_2026-03-13:L409:ac659111151e0535,WMT,2026-01-31,WMT_10K_2026-03-13.txt,409,"AI search and discovery results, or a data breach as a result of a cyberattack could quickly erode trust and confidence in our business and could result in customer dissatisfaction, consumer boycotts, workforce unrest and government investigations.",substantive,yes,focal_firm,hypothetical,NA,NA,unclear_or_other,unspecified_ai,NA,no,yes,2,NA,NA,NA,no,no,yes,no,NA,NA,NA,high,no,"Flawed AI search results may undermine trust; continuation is risk, not deployment.",NA,no,no,NA,NA,no,bias|model_quality|regulatory|reputational,yes,WMT_10K_2026-03-13.txt:L409 (full parent/context),67516,67764,409,409,WMT_search_output_risk,claim,expanded_2026_10_08_v2
WMT_claim_3e4807316ee42a1dd9ff,WMT_10K_2026-03-13:L413:18ec55deb1943cda,WMT,2026-01-31,WMT_10K_2026-03-13.txt,413,"The omnichannel retail landscape is highly competitive and rapidly evolving, and the entry of new, well-funded competitors, or more rapid development of AI capabilities and agentic tools by these competitors to enhance productivity and the shopping experience, may increase competitive pressures.",substantive,yes,competitor,hypothetical,NA,NA,unclear_or_other,unspecified_ai,NA,no,yes,2,NA,NA,NA,no,no,yes,no,NA,NA,NA,high,no,Competitors' AI shopping/productivity capabilities create commercial pressure.,NA,no,no,NA,NA,no,competitive,no,NA,70390,70686,413,413,NA,claim,expanded_2026_10_08_v2
WMT_claim_9234918ab28ffc6fc03d,WMT_10K_2026-03-13:L481:0fe55dff29186fc1,WMT,2026-01-31,WMT_10K_2026-03-13.txt,481,"As noted above, customers are using digital means, including websites, captive and third-party digital applications, social media, and emerging agentic platforms to shop with us and our competitors and to do comparison shopping, and we use these digital means along with digital advertising, text messages and email to interact with our customers and enhance their shopping experience.",uncertain,yes,customer,current,NA,NA,customer_adoption_claim,NA,NA,NA,NA,NA,NA,NA,NA,NA,NA,NA,NA,NA,NA,NA,low,yes,Repeated agentic-shopping observation leaves AI/focal-user attribution uncertain.,Same pooled customer/competitor observation; not a separate application.,no,uncertain,NA,NA,NA,NA,no,NA,91746,92131,481,481,WMT_agentic_customer_shopping,screening,expanded_2026_10_08_v2
WMT_claim_bc741b3e848ec97c4931,WMT_10K_2026-03-13:L481:0fe55dff29186fc1,WMT,2026-01-31,WMT_10K_2026-03-13.txt,481,"We continue to invest in AI to enhance our customers' shopping experience and our associate work experience and to improve efficiencies of our supply chain, operations, management functions and talent recruitment and development;",substantive,yes,focal_firm,current,NA,NA,customer_facing_product|internal_operations,unspecified_ai,customer_experience|efficiency|workforce_productivity,no,no,2,1,NA,NA,yes,no,no,no,no,NA,NA,high,no,"Current AI investment targets shopping, associates, supply-chain and management efficiency broadly.",NA,no,yes,1,NA,yes,NA,yes,WMT_10K_2026-03-13.txt:L481 (full parent/context),93078,93307,481,481,NA,claim,expanded_2026_10_08_v2
WMT_claim_6699930842253f6b4755,WMT_10K_2026-03-13:L483:0bbbd4390c22b2c4,WMT,2026-01-31,WMT_10K_2026-03-13.txt,483,"inherent operational and legal complexities associated with implementation of these technologies within our business, and there can be no assurance that these investments will deliver the anticipated benefits, or that we will be able to adopt and leverage these technologies as quickly or effectively as our competitors. When integrating and introducing AI technologies into our platforms, processes and systems, we may be exposed to new or expanded liabilities and risks due to elevated governmental scrutiny and monitoring, litigation, data privacy risks and compliance issues in a disparate and at times conflicting regulatory environment, all of which could negatively affect our financial performance and business reputation.",substantive,yes,focal_firm,hypothetical,NA,NA,unclear_or_other,unspecified_ai,NA,no,yes,2,NA,NA,NA,no,no,yes,no,NA,NA,NA,high,no,Continuation describes uncertain AI investment benefits/privacy/regulatory implementation risk.,NA,no,no,NA,NA,no,financial|operational|privacy|regulatory|reputational,yes,WMT_10K_2026-03-13.txt:L483 (full parent/context),93363,94093,483,483,NA,claim,expanded_2026_10_08_v2
WMT_claim_8067afbd9f272d78fc98,WMT_10K_2026-03-13:L491:e336b623f1aa861a,WMT,2026-01-31,WMT_10K_2026-03-13.txt,491,"Continued advancements and increased use of AI have intensified existing cybersecurity risks by enabling faster and more automated attack techniques, lowering the barrier to creating sophisticated threats, and further compressing the time in which we must detect and respond to potential threats. Advances in AI are also creating novel categories of cyber threats in which attackers use AI systems to autonomously conduct reconnaissance, generate and tailor exploit code, harvest credentials, craft highly convincing social‑engineering content, and execute large‑scale intrusion or extortion campaigns with minimal human involvement.",substantive,yes,other,current,NA,NA,unclear_or_other,unspecified_ai,NA,no,no,3,NA,NA,NA,no,no,yes,no,NA,NA,NA,high,no,AI-accelerated attacks/autonomous exploitation threaten focal and supplier systems.,NA,no,no,NA,NA,no,cybersecurity|third_party,no,NA,98719,99352,491,491,NA,claim,expanded_2026_10_08_v2
WMT_claim_7605e2492bbea5342d56,WMT_10K_2026-03-13:L501:e3ce099057024c13,WMT,2026-01-31,WMT_10K_2026-03-13.txt,501,"Moreover, the increasing sophistication of AI technologies poses a greater risk of identity fraud, as malicious actors may exploit AI to create convincing false identities or manipulate verification processes.",substantive,yes,other,hypothetical,NA,NA,unclear_or_other,unspecified_ai,NA,no,yes,3,NA,NA,NA,no,no,yes,no,NA,NA,NA,high,no,AI identity fraud could undermine verification and incident response.,NA,no,no,NA,NA,no,cybersecurity|misuse,no,NA,103792,104001,501,501,NA,claim,expanded_2026_10_08_v2
WMT_claim_205826b2658c148f7271,WMT_10K_2026-03-13:L513:2346f0de715e75f7,WMT,2026-01-31,WMT_10K_2026-03-13.txt,513,"A growing patchwork of AI laws and targeted privacy and consumer protection statutes may also create varying obligations around notice, customer rights and appeals, data minimization, restrictions on sensitive data, targeted advertising and certain forms of profiling, and these requirements continue to evolve.",substantive,yes,focal_firm,current,NA,NA,unclear_or_other,unspecified_ai,NA,no,yes,2,NA,NA,NA,no,no,yes,no,NA,NA,NA,high,no,AI/privacy statutes create evolving data-rights/compliance obligations.,NA,no,no,NA,NA,no,privacy|regulatory,no,NA,109835,110146,513,513,NA,claim,expanded_2026_10_08_v2
WMT_claim_e36a46374d914524fad3,WMT_10K_2026-03-13:L589:86b664b92649d82d,WMT,2026-01-31,WMT_10K_2026-03-13.txt,589,"We are also governed by foreign, national and state laws and regulations of general applicability, including laws and regulations related to competition and antitrust matters; protection of the environment and health and safety matters, including exposure to, and the management and disposal of, hazardous substances; food and drug safety, including drug supply chain security requirements; consumer protection, and safety, including the availability, sale, price label accuracy, membership subscription and cancellation; advertisement and promotion of products we sell and the financial services we offer (including through our digital channels, stores and clubs, as well as our OnePay fintech venture); anti-money laundering prohibitions; consumer financial protection laws; economic, trade and other sanctions matters; licensure, including supply chain logistics licensure, certification and enrollment with government programs; cross border data transfer; data privacy, cybersecurity, sharing and interoperability of data and use of AI technology; working conditions, workplace health and safety, equal employment opportunity, worker classification, employee benefit and other labor and employment matters; and health and wellness related regulations for our pharmacy and optometry operations. Failure to meet these requirements could affect the profitability of our business activities; limit our ability to pursue business opportunities or conduct business in certain jurisdictions; require changes to business practices or governance or alter our relationships with our customers, partners and other third parties, including our ability to continue certain relationships in Mexico, India or other international jurisdictions; result in increased costs related to regulatory oversight and compliance, litigation-related settlements, judgments or expenses, restitution to customers or the imposition of fines or monetary penalties.",substantive,yes,focal_firm,current,NA,NA,unclear_or_other,unspecified_ai,NA,no,yes,2,NA,NA,NA,no,no,yes,no,NA,NA,NA,high,no,General laws include AI use and potential operating/compliance consequences.,NA,no,no,NA,NA,no,financial|regulatory,no,NA,137737,139673,589,589,NA,claim,expanded_2026_10_08_v2
WMT_claim_71d08f13836e1b56b561,WMT_10K_2026-03-13:L597:981a77ca3dc0e327,WMT,2026-01-31,WMT_10K_2026-03-13.txt,597,"The impact of new laws, regulations and policies and the related interpretations, as well as changes in enforcement practices or regulatory scrutiny as to existing laws and regulations (including, but not limited to, in the U.S., shifting enforcement priorities for existing antitrust, competition and pricing laws (including new or expanded laws relating to dynamic and algorithmic pricing), use and disposal of plastics, recycled plastics or other packaging materials, social and environmental initiatives, consumer protection and AI technology, as well as proposed new rules and regulations) generally cannot be predicted, and changes in applicable laws, regulations and policies and the related interpretations and enforcement practices of existing laws and regulations may require extensive system and operational changes, be difficult to implement, increase our operating costs, require significant capital expenditures, adversely impact the cost or attractiveness of the products or services we offer, or result in adverse publicity and harm our reputation. If we fail to predict or respond adequately to changes, including by implementing strategic and operational initiatives, or do not respond as effectively as our competitors, our business, operations and financial performance may be adversely affected.",substantive,yes,focal_firm,hypothetical,NA,NA,unclear_or_other,unspecified_ai,NA,no,yes,2,NA,NA,NA,no,no,yes,no,NA,NA,NA,high,no,Changing AI-related law may require expenditure and systems changes.,NA,no,no,NA,NA,no,financial|regulatory|reputational,no,NA,143011,144327,597,597,NA,claim,expanded_2026_10_08_v2
TGT_claim_20b7cc0d19fa4c3aeb6a,TGT_10K_2026-03-11:L332:48b81307df1e0772,TGT,2026-01-31,TGT_10K_2026-03-11.txt,332,"For example, we may be unable to match or surpass the advances in technologies and capabilities (including artificial intelligence) that our competitors implement for consumer-facing platforms or for internal operations, which could adversely affect our competitive position. As technology (including artificial intelligence) in the digital retail market continues to evolve, new competitors may emerge due to lowered barriers of entry, which could negatively impact our ability to compete.",substantive,yes,competitor,hypothetical,NA,NA,unclear_or_other,unspecified_ai,NA,no,yes,2,NA,NA,NA,no,no,yes,no,NA,NA,NA,high,no,Competitor AI capabilities and third-party AI-shopping channels create competitive/dependency risks.,NA,no,no,NA,NA,no,competitive|third_party,no,NA,33542,34032,332,332,NA,claim,expanded_2026_10_08_v2
TGT_claim_5537e43a51f0a01d5fd1,TGT_10K_2026-03-11:L332:48b81307df1e0772,TGT,2026-01-31,TGT_10K_2026-03-11.txt,332,"Furthermore, generative artificial intelligence presents emerging ethical issues and could negatively impact our guests and team members. If our use of generative or agentic artificial intelligence becomes controversial or is ineffective, or if the outputs generated are inaccurate or controversial, our reputation and competitive position could be adversely affected.",substantive,yes,focal_firm,hypothetical,NA,NA,unclear_or_other,genai,NA,no,yes,2,NA,NA,NA,no,no,yes,no,NA,NA,NA,high,no,Conditional own GenAI/agentic use could create inaccurate output and reputational harm.,NA,no,no,NA,NA,no,model_quality|reputational|safety,no,NA,34033,34401,332,332,NA,claim,expanded_2026_10_08_v2
TGT_claim_c5579e520d258e8ac525,TGT_10K_2026-03-11:L332:48b81307df1e0772,TGT,2026-01-31,TGT_10K_2026-03-11.txt,332,"Consumers may also use third-party channels, devices, technologies, and capabilities (including artificial intelligence) to initiate shopping searches and place orders, which could make us dependent on the capabilities and search algorithms of those third parties to reach those consumers.",substantive,yes,customer,hypothetical,NA,NA,customer_adoption_claim,unspecified_ai,NA,no,yes,3,NA,NA,NA,no,no,yes,no,NA,NA,NA,high,no,Consumer third-party AI-shopping channel dependence.,NA,no,no,NA,NA,no,competitive|third_party,no,NA,34402,34691,332,332,NA,claim,expanded_2026_10_08_v2
TGT_claim_f21e0a4898fd5cd4c73e,TGT_10K_2026-03-11:L336:eeb1a37861935b70,TGT,2026-01-31,TGT_10K_2026-03-11.txt,336,"Our ability to accurately predict consumer demand and adapt to changing consumer preferences depends on many factors, including obtaining accurate and relevant data on guest preferences, successfully implementing new technologies and capabilities (including artificial intelligence), emphasizing relevant merchandise categories, effectively managing our inventory levels, and implementing competitive and effective pricing and promotion strategies.",substantive,yes,focal_firm,hypothetical,NA,NA,unclear_or_other,unspecified_ai,NA,no,yes,2,NA,NA,NA,no,no,yes,no,NA,NA,NA,high,no,"AI implementation is a conditional demand-prediction success requirement, not an explicit application plan.",NA,no,no,NA,NA,no,financial|operational,no,NA,35503,35951,336,336,NA,claim,expanded_2026_10_08_v2
TGT_claim_11b068d4ec9bcbd39c59,TGT_10K_2026-03-11:L340:28ffddd736987c8c,TGT,2026-01-31,TGT_10K_2026-03-11.txt,340,"It may be difficult to address negative publicity or sensationalism across media channels, regardless of its accuracy or the reputability of its source, including as a result of fictitious media content (such as content produced by generative artificial intelligence or bad actors).",substantive,yes,other,hypothetical,NA,NA,unclear_or_other,genai,NA,no,yes,2,NA,NA,NA,no,no,yes,no,NA,NA,NA,high,no,Third-party GenAI misinformation may damage retailer reputation.,NA,no,no,NA,NA,no,misuse|reputational,no,NA,37039,37321,340,340,NA,claim,expanded_2026_10_08_v2
TGT_claim_513f9419b0f66d21c375,TGT_10K_2026-03-11:L354:2b6c743f6d28806a,TGT,2026-01-31,TGT_10K_2026-03-11.txt,354,"This initiative is intended to simplify cross-functional ways of working, increase role clarity, leverage technology (including artificial intelligence) and data to enhance decision-making, and reduce costs.",substantive,yes,focal_firm,planned,TGT_uc_transformation_ai_decisions,Transformation AI-assisted business decision-making,internal_operations,unspecified_ai,efficiency,no,yes,3,2,no,no,no,no,no,no,no,NA,NA,medium,yes,Intended AI/data decision-making in company-wide transformation; no completed AI use established.,Named organizational initiative/function; individual decisions and implementation status absent.,no,yes,2,resolved,yes,NA,yes,TGT_10K_2026-03-11.txt:L354 (full parent/context),43429,43636,354,354,NA,claim,expanded_2026_10_08_v2
TGT_claim_b81d03d5a84ccfb08821,TGT_10K_2026-03-11:L392:115fbfda0734a428,TGT,2026-01-31,TGT_10K_2026-03-11.txt,392,"Increased competition, including from new or enhanced technology offerings such as artificial intelligence-enabled advertising solutions, may further pressure demand for our services.",substantive,yes,competitor,hypothetical,NA,NA,unclear_or_other,unspecified_ai,NA,no,yes,2,NA,NA,NA,no,no,yes,no,NA,NA,NA,high,no,Competitors' AI advertising solutions may pressure Roundel demand.,NA,no,no,NA,NA,no,competitive|financial,no,NA,51360,51543,392,392,NA,claim,expanded_2026_10_08_v2
TGT_claim_eb32771bb299b9755d63,TGT_10K_2026-03-11:L416:fbc8e0f81670c2d7,TGT,2026-01-31,TGT_10K_2026-03-11.txt,416,"However, we may be unable to anticipate security incidents, detect attacks, or implement adequate preventive measures as cyber threats continue to evolve and cyberattacks become more sophisticated and frequent, including through the introduction of viruses and malware (such as ransomware) and the use of enhanced and rapidly advancing technologies and capabilities (including artificial intelligence) by threat actors.",substantive,yes,other,hypothetical,NA,NA,unclear_or_other,unspecified_ai,NA,no,yes,2,NA,NA,NA,no,no,yes,no,NA,NA,NA,high,no,Attacker AI capabilities increase cybersecurity risk.,NA,no,no,NA,NA,no,cybersecurity,no,NA,56789,57208,416,416,NA,claim,expanded_2026_10_08_v2
TGT_claim_533bb96bb3107ab54ece,TGT_10K_2026-03-11:L444:c334f6ffb6fc4d22,TGT,2026-01-31,TGT_10K_2026-03-11.txt,444,"We rely on third parties to support our business operations, including portions of our technology infrastructure (including certain generative artificial intelligence services), digital platforms, replenishment and fulfillment operations, store and supply chain infrastructure, delivery services (including by independent contractors via our Shipt subsidiary), guest contact centers, payment processing, digital advertising offerings, and extensions of credit for our Target-branded payment card program. If we are unable to contract with third parties having the specialized skills needed to support our operations (including as a result of any labor disputes or labor unavailability at such third parties), if any third-party services are interrupted, or if they fail to meet our performance standards, then our reputation and results of operations could be adversely affected.",substantive,yes,focal_firm,current,NA,NA,infrastructure_or_platform,genai,NA,no,yes,2,NA,NA,NA,no,no,yes,no,NA,NA,NA,high,no,Third-party GenAI service dependency within infrastructure; applications unspecified.,NA,no,no,NA,NA,no,operational|reputational|third_party,no,NA,66682,67561,444,444,NA,claim,expanded_2026_10_08_v2
TGT_claim_89025fd1e6a270a0ef0c,TGT_10K_2026-03-11:L470:5761d19cfe5ec55e,TGT,2026-01-31,TGT_10K_2026-03-11.txt,470,"In addition, the continuous advancements in automation and artificial intelligence capabilities will continue to impact the skills required in our workforce, and our recruiting and training needs must evolve to maintain pace.",substantive,yes,focal_firm,current,NA,NA,unclear_or_other,unspecified_ai,NA,no,yes,2,NA,NA,NA,no,no,yes,no,NA,NA,NA,high,no,AI/automation changes workforce skills and recruitment requirements.,NA,no,no,NA,NA,no,workforce,no,NA,73960,74185,470,470,NA,claim,expanded_2026_10_08_v2
TGT_claim_92740f462d2fc866a1fa,TGT_10K_2026-03-11:L686:14b8d9ba05cd0e9b,TGT,2026-01-31,TGT_10K_2026-03-11.txt,686,"• Launched Precision Plus by Roundel™, a retail media capability that improves advertising outcomes by leveraging data and AI-learning, and expanded our Target Plus third-party digital marketplace;",substantive,yes,focal_firm,historical,TGT_uc_precision_plus_ads,Precision Plus AI retail-media advertising,customer_facing_product,unspecified_ai,customer_experience,no,no,3,NA,NA,NA,no,no,no,no,no,NA,NA,medium,yes,Precision Plus AI advertising launch reported for 2025; ongoing use not expressly confirmed.,"Annual accomplishment confirms launch, not current continuation under strict Stage 4 rule.",no,uncertain,NA,resolved,no,NA,yes,TGT_10K_2026-03-11.txt:L674-L694,108186,108383,686,686,NA,claim,expanded_2026_10_08_v2
TGT_claim_e14ff00c29a4ffab64d8,TGT_10K_2026-03-11:L692:e678cf72305d8ce3,TGT,2026-01-31,TGT_10K_2026-03-11.txt,692,"• Enhanced artificial intelligence capabilities across merchandising, planning, inventory management, and personalization, and expanded the use of AI-powered tools to simplify work for store and headquarters teams; and",substantive,yes,focal_firm,historical,NA,Merchandising/planning/inventory/personalization and team AI tools; tasks pooled,internal_operations,unspecified_ai,efficiency|workforce_productivity,no,no,2,NA,NA,NA,no,no,no,no,NA,NA,NA,medium,yes,Prior-year enhancement and expanded AI use across operations; continuing current tasks unclear.,Annual accomplishment uses past tense; cannot assign each function a separate current AI deployment.,no,uncertain,NA,not_identified,no,NA,yes,TGT_10K_2026-03-11.txt:L674-L694,108779,108997,692,692,NA,claim,expanded_2026_10_08_v2
COST_claim_29ede83445318a0fd53a,COST_10K_2026-10-07:L313:8deef50aa49c0e75,COST,2026-08-30,COST_10K_2026-10-07.txt,313,"We must also effectively monitor competitive technology trends, including the evolution of artificial intelligence (AI). Any failure to effectively incorporate these technologies could adversely affect our ability to compete. Additionally, the autonomous nature of AI presents unique challenges, particularly regarding third-party systems which may operate in ways that are difficult to monitor. There is a risk that these autonomous systems could bypass internal controls, lack adequate third-party governance, or result in unauthorized access to data, data leakage, and non-compliance with applicable data privacy laws. These systems may also produce inaccurate outputs, leading to unintended operational decisions.",substantive,yes,focal_firm,hypothetical,NA,NA,unclear_or_other,unspecified_ai,NA,no,yes,2,NA,NA,NA,no,no,yes,no,NA,NA,NA,high,no,AI competitive adaptation and autonomous third-party control/privacy/output risks.,NA,no,no,NA,NA,no,competitive|model_quality|operational|privacy|third_party,no,NA,45551,46268,313,313,NA,claim,expanded_2026_10_08_v2
COST_claim_39e8a3d4046cb59b0bcd,COST_10K_2026-10-07:L317:221cda69cb79941a,COST,2026-08-30,COST_10K_2026-10-07.txt,317,"The rapid evolution of AI has automated and accelerated the scale of cybersecurity threats, potentially reducing the time for us to detect and mitigate potential information security incidents. If our security infrastructure fails to keep pace with these evolving threats, it could lead to more frequent or sophisticated compromises of our systems, networks, or data, adversely affecting our operations and member confidence.",substantive,yes,other,current,NA,NA,unclear_or_other,unspecified_ai,NA,no,yes,2,NA,NA,NA,no,no,yes,no,NA,NA,NA,high,no,AI advances accelerate cybersecurity threats.,NA,no,no,NA,NA,no,cybersecurity|operational,no,NA,48283,48708,317,317,NA,claim,expanded_2026_10_08_v2
COST_claim_e00585182918ddd5b18a,COST_10K_2026-10-07:L322:31999f8b5c0dcb25,COST,2026-08-30,COST_10K_2026-10-07.txt,322,"In addition, data we collect, store, and process is subject to a variety of U.S. and international laws and regulations (such as the European Union General Data Protection Regulation, California Consumer Privacy Act, Health Insurance Portability and Accountability Act, and China's Personal Information Protection Act), evolving rules concerning AI, and other privacy and cybersecurity laws. The use of AI carries risks related to the accuracy and reliability of its outputs. If these tools provide incorrect information to our members or our employees, or if the content generated inadvertently infringes upon the intellectual property rights of third parties, it could lead to reputational damage, legal claims, and increased regulatory scrutiny.",substantive,yes,focal_firm,hypothetical,NA,NA,unclear_or_other,unspecified_ai,NA,no,yes,2,NA,NA,NA,no,no,yes,no,NA,NA,NA,high,no,AI data law and possible inaccurate/infringing outputs create compliance/liability risk.,NA,no,no,NA,NA,no,intellectual_property|model_quality|privacy|regulatory|reputational,no,NA,50341,51089,322,322,NA,claim,expanded_2026_10_08_v2
COST_claim_d5bec7e3804775803257,COST_10K_2026-10-07:L356:aadc04e7fc4f0729,COST,2026-08-30,COST_10K_2026-10-07.txt,356,"Additionally, the emergence of AI tools may change consumer shopping habits and increase the competition we face. AI may also present inaccurate pricing or product data, or fail to capture the full value of our membership offering, impacting member purchasing decisions by prioritizing immediate or inaccurate price comparison or logistics over member loyalty. Some competitors have greater technology capabilities, including the faster adoption of AI technologies, and greater market penetration than we do.",substantive,yes,industry,hypothetical,NA,NA,unclear_or_other,unspecified_ai,NA,no,yes,3,NA,NA,NA,no,no,yes,no,NA,NA,NA,high,no,AI shopping/comparison errors and competitor adoption create competitive exposure.,NA,no,no,NA,NA,no,competitive|financial|model_quality,no,NA,58952,59460,356,356,NA,claim,expanded_2026_10_08_v2
COST_claim_3b38b29426cce1d98db9,COST_10K_2026-10-07:L400:927d65f9e3858470,COST,2026-08-30,COST_10K_2026-10-07.txt,400,"We are subject to a wide and growing array of federal, state, local, and international laws and regulations relating to (among other things), product and food safety, marketing, information security and privacy, pricing, AI, labor and employment, imports and customs, transportation, intellectual property, anti-corruption, and environmental or social matters. These laws and regulations may expand mandatory reporting, increase the scope and complexity of matters that we are required to regulate, assess, and disclose, potentially limit our sourcing flexibility, or require extensive system or other changes that could increase the cost of doing business. Failure to comply could result in harm to our members, employees, workers in the value chain, or others, significant costs to satisfy environmental compliance, remediation or compensatory requirements, or the imposition of severe penalties or restrictions on operations by governmental agencies or courts that could adversely affect our business, financial condition and results of operations.",substantive,yes,focal_firm,current,NA,NA,unclear_or_other,unspecified_ai,NA,no,yes,2,NA,NA,NA,no,no,yes,no,NA,NA,NA,high,no,AI included among regulated business matters; compliance costs and penalties possible.,NA,no,no,NA,NA,no,financial|regulatory,no,NA,69328,70379,400,400,NA,claim,expanded_2026_10_08_v2
JPM_claim_4f73029938feb278b9dc,JPM_10K_2026-02-13:L237:2693617c6724772c,JPM,2025-12-31,JPM_10K_2026-02-13.txt,237,"Data, privacy, cybersecurity and artificial intelligence regulation:",context_only,yes,focal_firm,unclear,NA,NA,NA,NA,NA,NA,NA,NA,NA,NA,NA,NA,NA,NA,NA,NA,NA,NA,high,no,Regulatory section heading alone is not an independent substantive claim.,NA,no,no,NA,NA,NA,NA,yes,JPM_10K_2026-02-13.txt:L237 (full parent/context),39561,39629,237,237,NA,screening,expanded_2026_10_08_v2
JPM_claim_3cc07cc609826cc08e09,JPM_10K_2026-02-13:L239:3f4a9b8e247da0a0,JPM,2025-12-31,JPM_10K_2026-02-13.txt,239,"The Firm and its subsidiaries are subject to laws, rules and regulations globally concerning data, including data protection, consumer protection, privacy, cybersecurity, artificial intelligence and related matters. These laws, rules and regulations are constantly evolving, subject to interpretation, remain a focus of regulators globally, may be enforced by private parties or government bodies, and continue to have a significant impact on all of the Firm’s businesses and operations.",substantive,yes,focal_firm,current,NA,NA,unclear_or_other,unspecified_ai,NA,no,yes,2,NA,NA,NA,no,no,yes,no,NA,NA,NA,high,no,Firm subject to evolving AI/data laws affecting operations.,NA,no,no,NA,NA,no,privacy|regulatory,no,NA,39633,40120,239,239,NA,claim,expanded_2026_10_08_v2
JPM_claim_444b269993cb4d10991f,JPM_10K_2026-02-13:L321:575fe4b896f7f095,JPM,2025-12-31,JPM_10K_2026-02-13.txt,321,"The Firm offers voluntary training programs and educational resources to all employees covering a broad variety of topics such as leadership and management, artificial intelligence, data literacy and operational and professional skills.",substantive,yes,focal_firm,current,NA,NA,unclear_or_other,unspecified_ai,workforce_productivity,no,no,2,1,NA,NA,no,no,no,no,no,NA,NA,high,no,"Employee AI training is human capability strategy, not AI application deployment.",NA,no,yes,1,NA,yes,NA,no,NA,49916,50152,321,321,NA,claim,expanded_2026_10_08_v2
JPM_claim_e83340dab7bfb259bec4,JPM_10K_2026-02-13:L1093:b244f1bfb39a5108,JPM,2025-12-31,JPM_10K_2026-02-13.txt,1093,"• technological advances such as artificial intelligence (“AI”) and quantum computing that may enable malicious actors to develop more advanced social engineering attacks, including targeted phishing attacks, and",substantive,yes,other,hypothetical,NA,NA,unclear_or_other,unspecified_ai,NA,no,yes,2,NA,NA,NA,no,no,yes,no,NA,NA,NA,high,no,AI-enabled malicious social engineering/phishing risk.,NA,no,no,NA,NA,no,cybersecurity,no,NA,120045,120257,1093,1093,NA,claim,expanded_2026_10_08_v2
JPM_claim_4a2bea9d083ea1dad95d,JPM_10K_2026-02-13:L1421:783cf5801836aa6a,JPM,2025-12-31,JPM_10K_2026-02-13.txt,1421,"• appropriately balance workforce planning and training as new technologies, such as AI, are adopted and integrated, or",substantive,yes,focal_firm,hypothetical,NA,NA,unclear_or_other,unspecified_ai,NA,no,yes,2,NA,NA,NA,no,no,yes,no,NA,NA,NA,high,no,Conditional workforce planning/training risk under AI adoption; not current application.,NA,no,no,NA,NA,no,operational|workforce,yes,JPM_10K_2026-02-13.txt:L1421 (full parent/context),147053,147172,1421,1421,NA,claim,expanded_2026_10_08_v2
JPM_claim_17ff4f2b1e8b92ebbf32,JPM_10K_2026-02-13:L1443:c700a5692a681a89,JPM,2025-12-31,JPM_10K_2026-02-13.txt,1443,"If JPMorganChase does not keep pace with rapidly changing technological advances, including the adoption of generative AI, it risks losing clients and market share to competitors, which could negatively impact revenues, operating costs and its competitive position. Competition could be intensified as the feasibility, capability and scalability of new technologies improves. In addition, new technologies (including generative AI) could be used by customers or bad actors in unexpected or disruptive ways, or could be breached or infiltrated by third parties, which could increase JPMorganChase’s compliance expenses and reduce its income related to the offering of products and services through those technologies.",substantive,yes,focal_firm,hypothetical,NA,NA,unclear_or_other,genai,NA,no,yes,2,NA,NA,NA,no,no,yes,no,NA,NA,NA,high,no,GenAI competition and customer/malicious use may raise costs and disrupt services.,NA,no,no,NA,NA,no,competitive|cybersecurity|financial|misuse,no,NA,149139,149855,1443,1443,NA,claim,expanded_2026_10_08_v2
JPM_claim_daaf911b71d00a2e526d,JPM_10K_2026-02-13:L1449:b9564082dac755cc,JPM,2025-12-31,JPM_10K_2026-02-13.txt,1449,"JPMorganChase’s operations, results, and competitive standing could be adversely affected by the development of advanced technologies such as AI.",substantive,yes,focal_firm,hypothetical,NA,NA,unclear_or_other,unspecified_ai,NA,no,yes,1,NA,NA,NA,no,no,yes,no,NA,NA,NA,high,no,Advanced AI could adversely affect operations/competition.,NA,no,no,NA,NA,no,competitive|operational,no,NA,151179,151324,1449,1449,NA,claim,expanded_2026_10_08_v2
JPM_claim_9e559fc7965f4669f423,JPM_10K_2026-02-13:L1451:bd22e610db1cacdb,JPM,2025-12-31,JPM_10K_2026-02-13.txt,1451,"The rapid development and deployment of advanced technologies, including generative and agentic AI systems, present a range of risks to JPMorganChase’s businesses and operations, including:",substantive,yes,focal_firm,hypothetical,NA,NA,unclear_or_other,genai,NA,no,yes,1,NA,NA,NA,no,no,yes,no,NA,NA,NA,high,no,"GenAI/agentic risks introduction, not evidence of focal deployment.",NA,no,no,NA,NA,no,operational,yes,JPM_10K_2026-02-13.txt:L1451 (full parent/context),151328,151517,1451,1451,NA,claim,expanded_2026_10_08_v2
JPM_claim_d35750c5423ab5f7172e,JPM_10K_2026-02-13:L1453:5a8e12197f45ec8c,JPM,2025-12-31,JPM_10K_2026-02-13.txt,1453,"• AI system failures, inappropriate use of AI systems, lack of transparency in AI systems, or inaccurate or biased output from AI systems resulting from rapid deployment, insufficient testing, erroneous data, ineffective model design or insufficient controls, which could disrupt operations, cause erroneous transactions, compromise data privacy, infringe on intellectual property, harm clients and customers, or impair JPMorganChase’s ability to make sound business decisions",substantive,yes,focal_firm,hypothetical,NA,NA,unclear_or_other,unspecified_ai,NA,no,yes,3,NA,NA,NA,no,no,yes,no,NA,NA,NA,high,no,Conditional AI failure/bias/data/IP and business-decision harm.,NA,no,no,NA,NA,no,bias|intellectual_property|model_quality|operational|privacy|safety,yes,JPM_10K_2026-02-13.txt:L1453 (full parent/context),151521,151997,1453,1453,NA,claim,expanded_2026_10_08_v2
JPM_claim_e9618ea66103fec97032,JPM_10K_2026-02-13:L1455:3caf5879cb6437bf,JPM,2025-12-31,JPM_10K_2026-02-13.txt,1455,"• increased exposure to cyber attacks, system manipulation, or data loss if AI systems, particularly agentic systems, are not designed and implemented with appropriate safeguards to prevent systems from accessing sensitive data sources or system resources and taking actions",substantive,yes,focal_firm,hypothetical,NA,NA,unclear_or_other,unspecified_ai,NA,no,yes,2,NA,NA,NA,no,no,yes,no,NA,NA,NA,high,no,AI/agentic safeguard failures could expose sensitive systems/data.,NA,no,no,NA,NA,no,cybersecurity|operational|privacy,no,NA,152001,152275,1455,1455,NA,claim,expanded_2026_10_08_v2
JPM_claim_9b70b583eaa46131328e,JPM_10K_2026-02-13:L1457:ec4ae6558c1c3cdf,JPM,2025-12-31,JPM_10K_2026-02-13.txt,1457,"• intensified AI-enabled cyber threats, which may allow malicious actors to exploit vulnerabilities, reverse-engineer security patches, and conduct sophisticated social engineering attacks, potentially resulting in unauthorized access to sensitive information and data breaches, especially if JPMorganChase fails to adequately maintain, secure and upgrade its technological infrastructure in response to rapidly evolving technological advances",substantive,yes,other,hypothetical,NA,NA,unclear_or_other,unspecified_ai,NA,no,yes,3,NA,NA,NA,no,no,yes,no,NA,NA,NA,high,no,Malicious AI exploitation/phishing could cause breaches.,NA,no,no,NA,NA,no,cybersecurity,no,NA,152279,152722,1457,1457,NA,claim,expanded_2026_10_08_v2
JPM_claim_cce30f4dad3ee510655b,JPM_10K_2026-02-13:L1459:25bb0391b291c7ae,JPM,2025-12-31,JPM_10K_2026-02-13.txt,1459,"• regulatory and compliance challenges arising from rapidly evolving applicable law, including differences, inconsistencies and conflicts in international standards, which could increase costs, lead to fines and sanctions, and restrict JPMorganChase’s use of AI technologies",substantive,yes,focal_firm,hypothetical,NA,NA,unclear_or_other,unspecified_ai,NA,no,yes,2,NA,NA,NA,no,no,yes,no,NA,NA,NA,high,no,Conflicting AI standards may restrict use and increase compliance expense.,NA,no,no,NA,NA,no,financial|regulatory,no,NA,152726,153000,1459,1459,NA,claim,expanded_2026_10_08_v2
JPM_claim_6c98d80d901bba534c00,JPM_10K_2026-02-13:L1461:02147aaed8c6d178,JPM,2025-12-31,JPM_10K_2026-02-13.txt,1461,"• competitive disadvantage if competitors are able to deploy AI more quickly or effectively, potentially gaining advantages in cost efficiency, client and customer experience, or product innovation, which could result in a loss of market share to competitors, or",substantive,yes,competitor,hypothetical,NA,NA,unclear_or_other,unspecified_ai,NA,no,yes,2,NA,NA,NA,no,no,yes,no,NA,NA,NA,high,no,Competitor AI deployment may erode market share; no focal adoption inference.,NA,no,no,NA,NA,no,competitive|financial,no,NA,153004,153266,1461,1461,NA,claim,expanded_2026_10_08_v2
JPM_claim_f8418de1ce0b8ded62fe,JPM_10K_2026-02-13:L1463:9712f606ef2d50db,JPM,2025-12-31,JPM_10K_2026-02-13.txt,1463,• replacement or disintermediation of direct customer relationships if AI agents autonomously manage or intermediate financial decisions and product selection or other services for customers.,substantive,yes,customer,hypothetical,NA,NA,customer_adoption_claim,unspecified_ai,NA,no,yes,3,NA,NA,NA,no,no,yes,no,NA,NA,NA,high,no,Customer AI financial agents could disintermediate client relationships.,NA,no,no,NA,NA,no,competitive|financial,no,NA,153270,153461,1463,1463,NA,claim,expanded_2026_10_08_v2
JPM_claim_ce299fce43b888240676,JPM_10K_2026-02-13:L1465:8b95c761c9d0a0ad,JPM,2025-12-31,JPM_10K_2026-02-13.txt,1465,"It is also possible that JPMorganChase could miscalibrate its workforce planning and employee training efforts either because of over-reliance on AI or the failure to appropriately adopt AI. Over-reliance on AI could cause JPMorganChase to experience shortages in qualified staff due to reduced hiring or retention of employees, or could hinder the development or enhancement of important skills among its employees, including critical thinking, problem-solving, judgment, creativity and adaptability. On the other hand, any efficiencies or competitive advantages that AI may offer could be squandered if JPMorganChase fails to adopt AI in a timely and judicious manner and to make related adjustments to its workforce.",substantive,yes,focal_firm,hypothetical,NA,NA,unclear_or_other,unspecified_ai,NA,no,yes,2,NA,NA,NA,no,no,yes,no,NA,NA,NA,high,no,AI over-reliance/slow adoption could impair workforce skills and staffing.,NA,no,no,NA,NA,no,competitive|operational|workforce,no,NA,153465,154184,1465,1465,NA,claim,expanded_2026_10_08_v2
JPM_claim_528d8bdaa1f4bc636ccb,JPM_10K_2026-02-13:L1485:b9974610f21e64b0,JPM,2025-12-31,JPM_10K_2026-02-13.txt,1485,"• inaccurate or misleading information about JPMorganChase or its clients, including results generated by AI, that is rapidly and broadly disseminated through any form of media, including social networking sites, and",substantive,yes,other,hypothetical,NA,NA,unclear_or_other,unspecified_ai,NA,no,yes,2,NA,NA,NA,no,no,yes,no,NA,NA,NA,high,no,AI-generated misleading information may harm firm/client reputation.,NA,no,no,NA,NA,no,misuse|reputational,no,NA,157217,157433,1485,1485,NA,claim,expanded_2026_10_08_v2
JPM_claim_625c9a9ab6ed28d338ef,JPM_10K_2026-02-13:L1615:fefa356350dba2eb,JPM,2025-12-31,JPM_10K_2026-02-13.txt,1615,"Advances in technology, such as automation, AI and data science, could lead to workforce displacement. This could require JPMorganChase to invest in additional employee training, manage impacts on morale and retention, and compete for employment candidates who possess more advanced technological skills, all of which could have a negative impact on JPMorganChase’s business and operations.",substantive,yes,focal_firm,hypothetical,NA,NA,unclear_or_other,unspecified_ai,NA,no,yes,2,NA,NA,NA,no,no,yes,no,NA,NA,NA,high,no,"AI workforce displacement/training costs are prospective, not adoption evidence.",NA,no,no,NA,NA,no,financial|workforce,no,NA,165638,166028,1615,1615,NA,claim,expanded_2026_10_08_v2
JPM_claim_707d2b29052974d68042,JPM_10K_2026-02-13:L6407:87bf3bd96a729654,JPM,2025-12-31,JPM_10K_2026-02-13.txt,6407,"The Firm has experienced, and expects that it will continue to experience, a higher volume and complexity of cyber attacks against the backdrop of heightened geopolitical tensions and emerging technologies that can be leveraged by attackers, including artificial intelligence. The Firm has implemented measures and controls reasonably designed to address this evolving environment, including enhanced threat monitoring. In addition, the Firm continues to review and enhance its capabilities to address associated risks, such as those relating to the management of administrative access to systems.",substantive,yes,other,current,NA,NA,unclear_or_other,unspecified_ai,NA,no,yes,2,NA,NA,NA,no,no,yes,NA,NA,NA,NA,medium,yes,AI-capable attackers are an exposure; enhanced monitoring does not specify AI governance.,Generic cybersecurity measures respond to AI threats; not AI-model governance or AI-powered defenses.,no,no,NA,NA,no,cybersecurity,no,NA,713632,714229,6407,6407,NA,claim,expanded_2026_10_08_v2
JPM_claim_57f930d9636ced4c8220,JPM_10K_2026-02-13:L6537:3a65cd9ebe7b95ed,JPM,2025-12-31,JPM_10K_2026-02-13.txt,6537,"The Firm uses models and other analytical and judgment-based estimations, including those based upon machine learning or artificial intelligence techniques, across various businesses and functions. The estimation methods are of varying levels of sophistication and are used for many purposes, such as the valuation of positions and measurement of risk, assessing regulatory capital requirements, conducting stress testing, evaluating the allowance for credit losses and making business decisions.",substantive,yes,focal_firm,current,NA,AI/ML analytical estimation; task-method mapping unspecified,internal_operations,traditional_ml,security,no,no,2,4,yes,no,no,no,no,no,no,NA,NA,medium,yes,"Firm currently uses AI/ML estimation models, with named purpose list but pooled methods.",Not every listed estimation purpose is necessarily AI; do not invent multiple application IDs.,no,yes,4,not_identified,no,NA,no,NA,730718,731214,6537,6537,NA,claim,expanded_2026_10_08_v2
JPM_claim_bdd966f1332fb7f7c411,JPM_10K_2026-02-13:L6537:3a65cd9ebe7b95ed,JPM,2025-12-31,JPM_10K_2026-02-13.txt,6537,"A dedicated independent function, Model Risk Governance and Review (“MRGR”), defines and governs the Firm’s policies relating to the management of model risk and risks associated with certain analytical and judgment-based estimations, such as those used in risk management, budget forecasting and capital planning and analysis.",substantive,yes,focal_firm,current,NA,NA,internal_operations,traditional_ml,NA,no,no,3,NA,NA,NA,no,no,no,yes,NA,NA,NA,high,no,Dedicated model-risk function governs estimates including AI/ML models.,NA,no,no,NA,NA,no,NA,yes,JPM_10K_2026-02-13.txt:L6537 (full parent/context),731215,731542,6537,6537,NA,claim,expanded_2026_10_08_v2
JPM_claim_16a9280e899f2dc61c0a,JPM_10K_2026-02-13:L6778:fffc450014446193,JPM,2025-12-31,JPM_10K_2026-02-13.txt,6778,"• Technology changes instituted by the Firm, its counterparties or competitors, including AI;",substantive,yes,focal_firm,hypothetical,NA,NA,unclear_or_other,unspecified_ai,NA,no,yes,1,NA,NA,NA,no,no,yes,no,NA,NA,NA,high,no,"AI technology changes listed as risk factor, without specific application.",NA,no,no,NA,NA,no,operational,yes,JPM_10K_2026-02-13.txt:L6778 (full parent/context),773931,774024,6778,6778,NA,claim,expanded_2026_10_08_v2
BAC_claim_f2a6df98897407aff101,BAC_10K_2026-02-25:L360:52e85157061f3a59,BAC,2025-12-31,BAC_10K_2026-02-25.txt,360,"Artificial intelligence-related (AI) LRRs are also rapidly evolving in the U.S. and non-U.S. jurisdictions imposing various obligations, including AI governance and risk management, transparency and consumer disclosures, documentation and reporting requirements, AI use restrictions and enhanced compliance obligations for AI systems, including those categorized as high risk.",substantive,yes,focal_firm,current,NA,NA,unclear_or_other,unspecified_ai,NA,no,yes,2,NA,NA,NA,no,no,yes,no,NA,NA,NA,high,no,Evolving AI governance/disclosure legal obligations; no actual internal framework asserted.,NA,no,no,NA,NA,no,regulatory,no,NA,50570,50946,360,360,NA,claim,expanded_2026_10_08_v2
BAC_claim_0ad029b977b17ebfb316,BAC_10K_2026-02-25:L530:50b3236e40b47506,BAC,2025-12-31,BAC_10K_2026-02-25.txt,530,"Also, the use of cyberattacks or campaigns, cyberespionage or other unauthorized access to networks and systems by nation states or their proxies, including utilizing emerging technologies such as AI, has increased and threatens our and our third parties’ operations and information systems, and the financial systems and infrastructure upon which we rely.",substantive,yes,other,current,NA,NA,unclear_or_other,unspecified_ai,NA,no,no,2,NA,NA,NA,no,no,yes,no,NA,NA,NA,high,no,Nation-state AI cyber activity threatens firm and suppliers.,NA,no,no,NA,NA,no,cybersecurity|third_party,no,NA,99609,99965,530,530,NA,claim,expanded_2026_10_08_v2
BAC_claim_285f58f735b1cb04ab1b,BAC_10K_2026-02-25:L542:181dccd844c802c7,BAC,2025-12-31,BAC_10K_2026-02-25.txt,542,"Short-term or prolonged disruptions to our or our third parties’ critical business operations and client services are possible, such as due to computer, telecommunications, network, utility, electronic or physical infrastructure outages, including from abuse or failure of our electronic trading and algorithmic platforms, significant unplanned increases in client transactions, fraudulent transactions, cyberattacks, extortion attempts, aging information systems, newly introduced or identified vulnerabilities or defects in hardware and software, failure of or defects in infrastructure or manual processes, technology project implementation challenges and deficiencies, including from the use of emerging technologies such as AI, and supply chain disruptions.",substantive,yes,focal_firm,hypothetical,NA,NA,unclear_or_other,unspecified_ai,NA,no,yes,2,NA,NA,NA,no,no,yes,no,NA,NA,NA,high,no,AI technology deficiencies may interrupt critical systems.,NA,no,no,NA,NA,no,cybersecurity|operational,no,NA,102616,103378,542,542,NA,claim,expanded_2026_10_08_v2
BAC_claim_19a0e8df3f6072cb3d02,BAC_10K_2026-02-25:L546:2f28c9af20ce768d,BAC,2025-12-31,BAC_10K_2026-02-25.txt,546,"Our and our third parties’ inability to properly introduce, deploy and manage operational or technology changes and continuously alter, improve and automate processes and systems, including related controls, such as regarding internal financial and governance processes, existing products and services, and new product innovations and technology, could also result in additional operational, information security, reputational and regulatory risk, including from the use of AI.",substantive,yes,focal_firm,hypothetical,NA,NA,unclear_or_other,unspecified_ai,NA,no,yes,2,NA,NA,NA,no,no,yes,no,NA,NA,NA,high,no,AI operational-change control failures could cause losses/regulatory harm.,NA,no,no,NA,NA,no,operational|regulatory|reputational,no,NA,104808,105285,546,546,NA,claim,expanded_2026_10_08_v2
BAC_claim_6b1f00be6aa33d65b79f,BAC_10K_2026-02-25:L552:4e006b486d2f7af4,BAC,2025-12-31,BAC_10K_2026-02-25.txt,552,"incidents that result in outages or unavailability of information systems, part or all of the internet, cloud services and/or the financial services industry, networks, platforms, systems and infrastructure (e.g., funds transfers, electronic trading and algorithmic platforms and critical banking activities), which could be exacerbated by the interconnectivity and concentration of technology or service offerings in a small number of providers or models, including AI and cloud services, and result in systemic operational impact to us and across the financial services industry or beyond.",substantive,yes,focal_firm,hypothetical,NA,NA,unclear_or_other,unspecified_ai,NA,no,yes,2,NA,NA,NA,no,no,yes,no,NA,NA,NA,high,no,Concentrated AI/cloud providers may cause systemic outage risks.,NA,no,no,NA,NA,no,operational|third_party,yes,BAC_10K_2026-02-25.txt:L552 (full parent/context),105733,106324,552,552,NA,claim,expanded_2026_10_08_v2
BAC_claim_b414454562bbd3bd71e8,BAC_10K_2026-02-25:L554:c699b40759bb8a67,BAC,2025-12-31,BAC_10K_2026-02-25.txt,554,"We use, and expect to increasingly use, emerging technologies, including AI, across our operations, including business processes, services and products, and we expect greater AI adoption by our third parties, clients, counterparties, clearinghouses and financial intermediaries.",substantive,yes,focal_firm,current,NA,AI across business processes/services/products; tasks unspecified,internal_operations,unspecified_ai,NA,no,yes,2,4,yes,no,no,no,no,no,no,NA,NA,medium,yes,"Explicit current AI use across firm operations, but no specific task-to-application linkage.",Current use is stated; future third-party adoption and application counts remain separate.,no,yes,4,not_identified,no,NA,no,NA,106736,107014,554,554,NA,claim,expanded_2026_10_08_v2
BAC_claim_34b06d13b2a78b2223e0,BAC_10K_2026-02-25:L554:c699b40759bb8a67,BAC,2025-12-31,BAC_10K_2026-02-25.txt,554,"Expanded use of AI, including emerging third‑party AI services and autonomous AI agents, may result in increased data risk, unpredictable system interactions, inadequate controls or safeguards, AI failure, or produce unintended operations or consequences. AI services used by our clients or third parties may interact with our systems or communicate directly with our employees, and may act without authorization, make execution errors, behave unpredictably or be misaligned with intended outcomes, which could result in additional operational, legal and regulatory risk, and reputational harm.",substantive,yes,other,hypothetical,NA,NA,unclear_or_other,unspecified_ai,NA,no,yes,3,NA,NA,NA,no,no,yes,no,NA,NA,NA,high,no,Autonomous/third-party AI interactions may create unsafe actions and liabilities.,NA,no,no,NA,NA,no,model_quality|operational|privacy|regulatory|reputational,no,NA,107015,107609,554,554,NA,claim,expanded_2026_10_08_v2
BAC_claim_c7b24f88e08258bb09bf,BAC_10K_2026-02-25:L570:b0119369d1cca218,BAC,2025-12-31,BAC_10K_2026-02-25.txt,570,"For example, AI lowers the entry barriers to plan and execute cyberattacks, enables more personalized and harder to detect social engineering, and improves vulnerability discovery, which may result in the increased likelihood of exploitation and the speed, scope, scale, and sophistication of cyberattacks.",substantive,yes,other,hypothetical,NA,NA,unclear_or_other,unspecified_ai,NA,no,yes,3,NA,NA,NA,no,no,yes,no,NA,NA,NA,high,no,AI-enabled attacks raise scale and social-engineering/vulnerability risks.,NA,no,no,NA,NA,no,cybersecurity,no,NA,113249,113555,570,570,NA,claim,expanded_2026_10_08_v2
BAC_claim_7da7ad5ba75dc1975e07,BAC_10K_2026-02-25:L604:d28997b212c77e9a,BAC,2025-12-31,BAC_10K_2026-02-25.txt,604,"Our risk management depends on our ability to consistently execute all elements of our risk management program, develop and maintain a culture of managing risk well throughout the Corporation and manage third-party risks, including providers of products and services, to allow for effective risk management and help confirm that risks are appropriately considered, evaluated and responded to timely. Uncertain economic and geopolitical conditions, widespread health emergencies and pandemics, heightened legislative and regulatory scrutiny of and change within the financial services industry, the pace of technological changes, including AI and quantum computing, accounting, tax and market developments, the failure of employees, representatives and third parties to comply with our policies and Risk Framework and the overall complexity of our operations, among other developments, have in the past and may in the future, result in a heightened level of risk, including operational, reputational and compliance risk. Failure to manage evolving risks or properly anticipate, escalate, control or mitigate",substantive,yes,focal_firm,current,NA,NA,unclear_or_other,unspecified_ai,NA,no,yes,2,NA,NA,NA,no,no,yes,no,NA,NA,NA,high,no,AI technological change heightens broad operational/regulatory risk.,NA,no,no,NA,NA,no,operational|regulatory|reputational,no,NA,124510,125616,604,604,NA,claim,expanded_2026_10_08_v2
BAC_claim_55fdb6885ba6e60ee26e,BAC_10K_2026-02-25:L614:d1ff285ef827a590,BAC,2025-12-31,BAC_10K_2026-02-25.txt,614,"LRRs related to emerging technologies, such as AI, cybersecurity and data management, are also rapidly evolving across jurisdictions and could require changes related to deployments and operational processes and increase compliance costs and regulatory, compliance and legal risks.",substantive,yes,focal_firm,hypothetical,NA,NA,unclear_or_other,unspecified_ai,NA,no,yes,2,NA,NA,NA,no,no,yes,no,NA,NA,NA,high,no,Evolving AI law may alter deployments and increase compliance burdens.,NA,no,no,NA,NA,no,financial|regulatory,no,NA,128210,128491,614,614,NA,claim,expanded_2026_10_08_v2
BAC_claim_d11536d730b20cb33b6e,BAC_10K_2026-02-25:L646:ce0c89d497954412,BAC,2025-12-31,BAC_10K_2026-02-25.txt,646,"The interconnectedness and complexity of AI models may complicate oversight and compliance, and reliance on third‑party AI models further increases our risks due to limited visibility into their training data, methodologies and safeguards. Inaccurate AI outputs, unintended or unauthorized exposure of confidential information, biases and possible infringement of intellectual property rights through the use of AI increase this risk.",substantive,yes,focal_firm,current,NA,NA,unclear_or_other,unspecified_ai,NA,no,yes,3,NA,NA,NA,no,no,yes,no,NA,NA,NA,high,no,"AI oversight, third-party opacity, privacy/bias/IP risks create litigation exposure.",NA,no,no,NA,NA,no,bias|intellectual_property|model_quality|privacy|regulatory|third_party,no,NA,138593,139027,646,646,NA,claim,expanded_2026_10_08_v2
BAC_claim_a7a664cd8dcd5551fb48,BAC_10K_2026-02-25:L686:911eafdcd1f0ee9c,BAC,2025-12-31,BAC_10K_2026-02-25.txt,686,"Our reputation and business prospects may also be harmed by actual or perceived failure to deliver the products, service standards and quality expected, protect our clients and/or recognize and address client complaints, maintain effective compliance, properly implement technology changes and manage and use of emerging technologies, including AI, maintain effective data management, as well as cybersecurity incidents and information and security breaches affecting us and our employees, clients and third parties, which have occurred and are expected to continue with increasing frequency and severity, prolonged or repeated system outages, our privacy policies, the improper or unintended disclosure of or failure to safeguard personal, proprietary or confidential information,",substantive,yes,focal_firm,hypothetical,NA,NA,unclear_or_other,unspecified_ai,NA,no,yes,2,NA,NA,NA,no,no,yes,no,NA,NA,NA,high,no,Failure to manage AI technology may harm reputation; no particular adoption task.,NA,no,no,NA,NA,no,operational|reputational,no,NA,150321,151102,686,686,NA,claim,expanded_2026_10_08_v2
BAC_claim_58979504714c98c45b73,BAC_10K_2026-02-25:L690:480af7da4a4daed7,BAC,2025-12-31,BAC_10K_2026-02-25.txt,690,"We are subject to complex and evolving LRRs and interpretations, including regarding fair lending activity, UDAAP, electronic funds transfers, know-your-customer requirements, data protection and privacy (e.g., the GDPR and the CCPA), cross-border data movement and data localization, cybersecurity, the use and development of AI, data and technology and other matters, as well as evolving and expansive interpretations of these LRRs. Principles concerning the appropriate scope of consumer and commercial privacy vary considerably across jurisdictions, and regulatory and public expectations regarding the definition and scope of consumer and commercial privacy and data protection remains fluid.",substantive,yes,focal_firm,current,NA,NA,unclear_or_other,unspecified_ai,NA,no,yes,2,NA,NA,NA,no,no,yes,no,NA,NA,NA,high,no,Firm subject to evolving AI/data/privacy requirements.,NA,no,no,NA,NA,no,privacy|regulatory,no,NA,152307,153004,690,690,NA,claim,expanded_2026_10_08_v2
BAC_claim_3cc1927c8ed630ff57f2,BAC_10K_2026-02-25:L712:989afeba9d6d5aad,BAC,2025-12-31,BAC_10K_2026-02-25.txt,712,"distribution channels. Our success depends on our and our third-party providers’ ability to timely change or adapt our business strategies, products and services and their respective features, including available payment processing services and technology, including AI, to rapidly evolving industry standards and consumer preferences. Our strategies could be further impacted by macroeconomic stress, widespread health emergencies or pandemics, cyberattacks, and military conflicts or other significant geopolitical events.",substantive,yes,focal_firm,hypothetical,NA,NA,unclear_or_other,unspecified_ai,NA,no,yes,2,NA,NA,NA,no,no,yes,no,NA,NA,NA,high,no,"AI adaptability as a competitive success requirement, not an intended application.",NA,no,no,NA,NA,no,competitive|operational,yes,BAC_10K_2026-02-25.txt:L712 (full parent/context),156800,157324,712,712,NA,claim,expanded_2026_10_08_v2
BAC_claim_782657166abe82126952,BAC_10K_2026-02-25:L714:938ddd6f96c9e745,BAC,2025-12-31,BAC_10K_2026-02-25.txt,714,"Widespread adoption and rapid evolution of, as well as developments in the regulatory landscape relating to emerging technologies, including analytic capabilities, AI, automated decision-making, self-service digital trading platforms and automated trading markets, internet services, and digital assets (e.g., cryptocurrencies, stablecoins, tokens and other crypto assets) as well as payment, clearing and settlement processes that use distributed ledger technology, create additional strategic risks, could negatively impact our ability to compete and require substantial expenditures to the extent we were to modify or adapt our existing products and services. Also, our ability to offer certain products and services may be impacted by legal or regulatory considerations. As new technologies evolve and mature, including the further development of the nonbank digital asset ecosystem (e.g., related to nonbank stablecoins or digital asset trading), and new competitors to the payments and trading ecosystems emerge and current competitors adapt, our businesses and results of operations could be adversely impacted, and we could experience increased volatility in deposits and/or significant long-term reduction in deposits (i.e., financial disintermediation).",substantive,yes,industry,hypothetical,NA,NA,unclear_or_other,unspecified_ai,NA,no,yes,2,NA,NA,NA,no,no,yes,no,NA,NA,NA,high,no,Industry AI/automated technology disruption and disintermediation risk.,NA,no,no,NA,NA,no,competitive|financial|regulatory,no,NA,157328,158591,714,714,NA,claim,expanded_2026_10_08_v2
BAC_claim_f2484d300b4aabd02096,BAC_10K_2026-02-25:L716:509bf5e8aa0f7cdb,BAC,2025-12-31,BAC_10K_2026-02-25.txt,716,"Our businesses may be negatively impacted if we, or our third-party providers, do not timely develop and apply emerging technologies, such as AI and quantum computing, or if our initiatives in these areas are deficient or fail, or do not achieve the financial benefits anticipated.",substantive,yes,focal_firm,hypothetical,NA,NA,unclear_or_other,unspecified_ai,NA,no,yes,2,NA,NA,NA,no,no,yes,no,NA,NA,NA,high,no,Failure to develop/apply emerging AI may undermine future competitive benefits.,NA,no,no,NA,NA,no,competitive|financial|third_party,no,NA,159019,159300,716,716,NA,claim,expanded_2026_10_08_v2
BAC_claim_54dff68903cef044a596,BAC_10K_2026-02-25:L720:89ced1478af9d80e,BAC,2025-12-31,BAC_10K_2026-02-25.txt,720,"Under our Enterprise Model Risk Policy, Model Risk Management is required to perform end-to-end model oversight, including independent validation before initial use, implementation monitoring, ongoing monitoring reviews through outcomes analysis and benchmarking, and periodic revalidation. However, models are inherently limited by simplifying assumptions, uncertainty in economic and financial outcomes, and emerging risks, including from applications that rely on AI.",substantive,yes,focal_firm,current,NA,NA,internal_operations,unspecified_ai,NA,no,no,3,NA,NA,NA,no,no,yes,yes,NA,NA,NA,high,no,Enterprise model oversight includes AI-linked model risk; no specific AI application deployment established.,NA,no,no,NA,NA,no,model_quality,yes,BAC_10K_2026-02-25.txt:L720 (full parent/context),160066,160536,720,720,NA,claim,expanded_2026_10_08_v2
BAC_claim_60f6c1fed89f6cd1f30d,BAC_10K_2026-02-25:L726:2affe5600da2bc7d,BAC,2025-12-31,BAC_10K_2026-02-25.txt,726,"Our models may also be adversely impacted by human error and may be ineffective if we fail to properly oversee, regularly review and detect their flaws during our review and monitoring processes, they contain erroneous data, assumptions, valuations, formulas or algorithms, our applications running the models do not perform as expected or AI applications are not developed and trained properly or contain biases (due to model design or input data). Regardless of steps we take to design effective controls, governance, monitoring and testing, and implement new technology and automated processes, failure of our models to properly anticipate and manage risks could result in operational, reputational and financial harm, including funding or liquidity shortfalls, adverse business decisions and regulatory risk.",substantive,yes,focal_firm,hypothetical,NA,NA,unclear_or_other,unspecified_ai,NA,no,yes,3,NA,NA,NA,no,no,yes,no,NA,NA,NA,high,no,Poor AI model training/bias and oversight could cause operational/regulatory losses.,NA,no,no,NA,NA,no,bias|financial|model_quality|operational|regulatory,no,NA,161411,162223,726,726,NA,claim,expanded_2026_10_08_v2
BAC_claim_cf4922c3988b0e43a86f,BAC_10K_2026-02-25:L730:026d77ce65949dd5,BAC,2025-12-31,BAC_10K_2026-02-25.txt,730,"While we continually update our policies, programs, processes and practices and take steps to leverage emerging technologies, such as automation, AI and robotics, our data management processes may not be effective and are subject to weaknesses and failures, including human error, data limitations, process delays, system failure or failed controls.",substantive,yes,focal_firm,planned,BAC_uc_ai_data_management,AI-assisted data management,internal_operations,unspecified_ai,efficiency,no,yes,3,2,no,no,no,no,yes,no,no,NA,NA,medium,yes,"Steps toward using AI in data management identify intended function, not production evidence.",Taking steps to leverage AI supports intent; routine operation is not asserted.,no,yes,2,resolved,yes,model_quality|operational,no,NA,162657,163006,730,730,NA,claim,expanded_2026_10_08_v2
BAC_claim_0c78c22d07a876da77d2,BAC_10K_2026-02-25:L866:018b53a02373c0f8,BAC,2025-12-31,BAC_10K_2026-02-25.txt,866,"the risks related to the development, implementation, use and management of emerging technologies, including artificial intelligence;",context_only,yes,focal_firm,hypothetical,NA,NA,NA,NA,NA,NA,yes,NA,NA,NA,NA,NA,NA,NA,NA,NA,NA,NA,high,no,Safe-harbor inventory references AI risks without independent detailed evidence.,NA,no,no,NA,NA,NA,NA,yes,BAC_10K_2026-02-25.txt:L866 (full parent/context),185059,185192,866,866,NA,screening,expanded_2026_10_08_v2
BAC_claim_64558fb03cb24a57a448,BAC_10K_2026-02-25:L3455:d8cece3787189dd8,BAC,2025-12-31,BAC_10K_2026-02-25.txt,3455,"We are subject to comprehensive and evolving regulation under federal and state laws, rules and regulations in the U.S. and the laws of the various jurisdictions in which we operate, including those related to financial crimes and anti-money laundering, market conduct, trading activities, fair lending, privacy, data protection, development and use of AI, and unfair, deceptive or abusive acts or practices.",substantive,yes,focal_firm,current,NA,NA,unclear_or_other,unspecified_ai,NA,no,no,2,NA,NA,NA,no,no,yes,no,NA,NA,NA,high,no,AI use/development included within corporate compliance risk.,NA,no,no,NA,NA,no,privacy|regulatory,no,NA,601775,602183,3455,3455,NA,claim,expanded_2026_10_08_v2
BAC_claim_0a8f07b387f8dde8a3ac,BAC_10K_2026-02-25:L3457:bb7982a39fb519e7,BAC,2025-12-31,BAC_10K_2026-02-25.txt,3457,"The pace of technological change, including in the field of AI, may heighten risks in those areas.",substantive,yes,focal_firm,hypothetical,NA,NA,unclear_or_other,unspecified_ai,NA,no,yes,2,NA,NA,NA,no,no,yes,no,NA,NA,NA,high,no,AI technological change may heighten model/data/operational exposure.,NA,no,no,NA,NA,no,model_quality|operational,yes,BAC_10K_2026-02-25.txt:L3457 (full parent/context),602653,602751,3457,3457,NA,claim,expanded_2026_10_08_v2
BAC_claim_2d9e5f56b7eacd9d725c,BAC_10K_2026-02-25:L3459:d9bbbb8a328f882f,BAC,2025-12-31,BAC_10K_2026-02-25.txt,3459,"To address AI-related risks, we have implemented internal processes and governance frameworks. These measures help with regulatory compliance and responsible use of AI across our operations.",substantive,yes,focal_firm,current,NA,NA,internal_operations,unspecified_ai,NA,no,no,3,NA,NA,NA,no,no,no,yes,NA,NA,NA,high,no,Implemented internal AI-risk governance frameworks and compliance processes.,NA,no,no,NA,NA,no,NA,no,NA,604141,604331,3459,3459,NA,claim,expanded_2026_10_08_v2
BAC_claim_ddbab40e7729d268aec4,BAC_10K_2026-02-25:L3483:7dd3c8566f223972,BAC,2025-12-31,BAC_10K_2026-02-25.txt,3483,"business will experience cybersecurity incidents resulting in adverse impacts with increased frequency and severity due to the evolving threat environment, including the increasing use of AI for cybersecurity threat and cyberattack purposes and campaigns involving nation states or their proxies, and there can be no assurance that future cybersecurity incidents, including incidents experienced by third parties, will not have a material adverse impact on the Corporation, including its business strategy, results of operations and/or financial condition.",substantive,yes,other,current,NA,NA,unclear_or_other,unspecified_ai,NA,no,yes,2,NA,NA,NA,no,no,yes,no,NA,NA,NA,high,no,AI cyber threat growth could cause material business harm.,NA,no,no,NA,NA,no,cybersecurity|financial,yes,BAC_10K_2026-02-25.txt:L3483 (full parent/context),610441,610997,3483,3483,NA,claim,expanded_2026_10_08_v2
BAC_claim_1e1e27d5e40e1953d85d,BAC_10K_2026-02-25:L8150:35d5164a0582d70a,BAC,2025-12-31,BAC_10K_2026-02-25.txt,8150,AI          Artificial intelligence,context_only,no,other,unclear,NA,NA,NA,NA,NA,NA,NA,NA,NA,NA,NA,NA,NA,NA,NA,NA,NA,NA,high,no,Glossary AI definition is not substantive corporate evidence.,NA,no,no,NA,NA,NA,NA,no,NA,1351928,1351963,8152,8152,NA,screening,expanded_2026_10_08_v2
C_claim_b56314b9def9663d115a,C_10K_2026-02-20:L339:ec99960473cc2f0a,C,2025-12-31,C_10K_2026-02-20.txt,339,• applied technology solutions leveraging AI to support governance of data reported in key regulatory reports,substantive,yes,focal_firm,historical,C_uc_regulatory_data_ai,AI governance of regulatory-report data,internal_operations,unspecified_ai,security,no,no,3,NA,NA,NA,no,no,no,no,NA,NA,NA,medium,yes,Reported 2025 AI regulatory-data governance implementation; ongoing status not explicit.,Annual transformation accomplishment establishes past application; current continuation not separately confirmed.,no,uncertain,NA,resolved,no,NA,yes,C_10K_2026-02-20.txt:L329-L347,38624,38733,339,339,NA,claim,expanded_2026_10_08_v2
C_claim_d651a45cb448fcb5274c,C_10K_2026-02-20:L1990:7e712d0357f4dc0b,C,2025-12-31,C_10K_2026-02-20.txt,1990,"For additional information on Citi’s competitive risks, see the co-branding and private label credit cards and qualified employees risk factors above and the AI risk factor and “Supervision, Regulation and Other - Competition” below.",substantive,yes,focal_firm,current,NA,NA,unclear_or_other,unspecified_ai,NA,no,no,1,NA,NA,NA,no,no,yes,no,NA,NA,NA,high,no,Cross-reference to AI competition risk within focal commercial exposure.,NA,no,no,NA,NA,no,competitive,no,NA,253871,254104,1990,1990,NA,claim,expanded_2026_10_08_v2
C_claim_5caa5858cc88c2c44587,C_10K_2026-02-20:L1994:a3c1ff9b36d805b2,C,2025-12-31,C_10K_2026-02-20.txt,1994,"Additionally, emerging technologies have the potential to accelerate disruption and intensify competition in the financial services industry. These emerging technologies, such as artificial intelligence (AI) and digital assets (including tokenized deposits, cryptocurrencies, stablecoins and other assets and products that use distributed ledger or blockchain technology) and changes in the payments space (e.g., instant and 24/7 payments) are accelerating, and, as a result, certain of Citi’s products and services could become less competitive (see the AI risk factor below).",substantive,yes,industry,hypothetical,NA,NA,unclear_or_other,unspecified_ai,NA,no,yes,2,NA,NA,NA,no,no,yes,no,NA,NA,NA,high,no,AI industry disruption may reduce competitiveness.,NA,no,no,NA,NA,no,competitive,no,NA,254738,255315,1994,1994,NA,claim,expanded_2026_10_08_v2
C_claim_6c5406112e212af6d207,C_10K_2026-02-20:L2022:9cee8cb35d105187,C,2025-12-31,C_10K_2026-02-20.txt,2022,"For example, the use or development of emerging technologies, such as AI or digital assets, without sufficient controls, governance and risk management may result in increased risks across various risk categories (for additional information, see the AI, operational processes and systems and cybersecurity risk factors below).",substantive,yes,focal_firm,hypothetical,NA,NA,unclear_or_other,unspecified_ai,NA,no,yes,2,NA,NA,NA,no,no,yes,no,NA,NA,NA,high,no,AI development without adequate controls may create operational gaps.,NA,no,no,NA,NA,no,operational|regulatory,no,NA,256471,256797,2022,2022,NA,claim,expanded_2026_10_08_v2
C_claim_140396b596e825029ba0,C_10K_2026-02-20:L2026:5cd29503613cf63f,C,2025-12-31,C_10K_2026-02-20.txt,2026,The Development and Use of AI by Citi and Others Present Risks to Citi’s Businesses.,substantive,yes,focal_firm,current,NA,NA,unclear_or_other,unspecified_ai,NA,no,yes,1,NA,NA,NA,no,no,yes,no,NA,NA,NA,high,no,AI development/use risk heading states focal business exposure.,NA,no,no,NA,NA,no,operational,no,NA,257487,257571,2026,2026,NA,claim,expanded_2026_10_08_v2
C_claim_26c03547df5df5df15c6,C_10K_2026-02-20:L2028:33d98d58f613acd4,C,2025-12-31,C_10K_2026-02-20.txt,2028,"Citi has used AI and machine learning tools for many years and has more recently begun to broadly deploy Generative AI, including within its technology platforms and services.",substantive,yes,focal_firm,current,NA,Current GenAI platform/service deployment; tasks unspecified,internal_operations,genai,NA,no,no,2,4,yes,no,no,no,no,no,no,NA,NA,medium,yes,"Currently begun broad GenAI deployment, but no independent task specified.",Earlier AI/ML use distinguished from recent GenAI rollout; no countable task identified.,no,yes,4,not_identified,no,NA,no,NA,257575,257750,2028,2028,NA,claim,expanded_2026_10_08_v2
C_claim_72530ba2420198a94646,C_10K_2026-02-20:L2028:33d98d58f613acd4,C,2025-12-31,C_10K_2026-02-20.txt,2028,"In the future, Citi expects to more broadly integrate Generative AI tools within its systems, businesses and functions, including advanced AI capabilities, such as autonomous agents and sophisticated user interactions, which if improperly managed, could result in increased risks and costs.",substantive,yes,focal_firm,planned,NA,NA,internal_operations,genai,NA,no,yes,2,1,NA,NA,no,no,yes,no,no,NA,NA,high,no,Future broader GenAI/agent integration ambition lacks concrete intended task.,NA,no,yes,1,NA,yes,financial|operational,no,NA,257751,258041,2028,2028,NA,claim,expanded_2026_10_08_v2
C_claim_0b63a24d3fb4dc5e6815,C_10K_2026-02-20:L2030:3a60cdb129b7b8d5,C,2025-12-31,C_10K_2026-02-20.txt,2030,"While Citi has policies that govern the use of emerging technologies, including in model risk management,",substantive,yes,focal_firm,current,NA,NA,internal_operations,genai,NA,no,no,2,NA,NA,NA,no,no,no,yes,NA,NA,NA,high,no,Existing emerging-technology/model-risk policies apply to AI.,NA,no,no,NA,NA,no,NA,no,NA,258045,258150,2030,2030,NA,claim,expanded_2026_10_08_v2
C_claim_ba75599eb06414339d6f,C_10K_2026-02-20:L2030:3a60cdb129b7b8d5,C,2025-12-31,C_10K_2026-02-20.txt,2030,"ineffective, inadequate or faulty Generative AI development or deployment practices by Citi or third parties, including insufficient testing and monitoring, poorly structured or manipulated prompts or insufficient or inadequate human oversight, could result in adverse consequences, such as AI algorithms that produce inaccurate or incomplete output or output based on biased, incomplete and/or inaccurate datasets, infringe on intellectual property rights of others, involve data exfiltration risks, including release of confidential or proprietary information, or cause other issues, concerns or deficiencies. The complexity of AI models, particularly Generative AI models, can make it challenging to understand why particular outputs are generated, which can increase the risk of erroneous and/or biased output and complying with regulations requiring documentation, explainability or auditability on the basis of AI-influenced decisions.",substantive,yes,focal_firm,hypothetical,NA,NA,unclear_or_other,genai,NA,no,yes,3,NA,NA,NA,no,no,yes,no,NA,NA,NA,high,no,GenAI prompts/oversight/output/data/IP and explainability risks.,NA,no,no,NA,NA,no,bias|intellectual_property|model_quality|privacy|regulatory,no,NA,258151,259092,2030,2030,NA,claim,expanded_2026_10_08_v2
C_claim_ff7c5802b18819bbdc59,C_10K_2026-02-20:L2032:80cbe6cfb11c92de,C,2025-12-31,C_10K_2026-02-20.txt,2032,"Citi may also rely on AI models developed by third parties and be exposed to risks arising from their development and training methods, including potential inclusion of unauthorized material in the training data or limitations in their risk mitigation strategies, over which Citi may have limited visibility or control (see also the operational processes and systems risk factor below). While Citi may provide restrictions on use of certain data in third-party AI applications or models, a third party could breach those terms, which could expose Citi to legal and reputations risks. Citi is also exposed to risks related to the use of AI technologies by counterparties, clients and vendors, where interconnected AI systems could amplify failures and threats of cyber infiltration, as well as cause widespread disruptions.",substantive,yes,focal_firm,hypothetical,NA,NA,unclear_or_other,unspecified_ai,NA,no,yes,3,NA,NA,NA,no,no,yes,no,NA,NA,NA,high,no,Third-party model/data restrictions and interconnected customer/vendor AI risk.,NA,no,no,NA,NA,no,cybersecurity|intellectual_property|operational|third_party,no,NA,259096,259918,2032,2032,NA,claim,expanded_2026_10_08_v2
C_claim_9d99bd8baae3157f684c,C_10K_2026-02-20:L2034:442ed63da39d0c3a,C,2025-12-31,C_10K_2026-02-20.txt,2034,"Moreover, the use of increasingly sophisticated AI technologies by malicious actors and others has increased the risk of fraud, including identity theft and bypassing of verification controls, and exposure to cyberattacks (see the cybersecurity risk factor below), as well as disinformation and market manipulation campaigns, and failure to effectively manage such risks could result in misappropriation of funds, unauthorized transactions, exposure of sensitive client or Company information, reputational harm and increased litigation and regulatory risk.",substantive,yes,other,current,NA,NA,unclear_or_other,unspecified_ai,NA,no,no,3,NA,NA,NA,no,no,yes,no,NA,NA,NA,high,no,"Malicious AI fraud, misinformation and cyber manipulation exposure.",NA,no,no,NA,NA,no,cybersecurity|misuse|privacy|regulatory|reputational,no,NA,259922,260479,2034,2034,NA,claim,expanded_2026_10_08_v2
C_claim_c4ec8e89b01123428f0c,C_10K_2026-02-20:L2036:94a18adbd2bcb1ca,C,2025-12-31,C_10K_2026-02-20.txt,2036,"Citi also faces competition risks to the extent that competitors may be faster and more successful in developing and deploying AI technologies to improve processes, productivity, efficiency, products and services, and thereby gain competitive advantages over Citi (see the competition risk factor above).",substantive,yes,competitor,hypothetical,NA,NA,unclear_or_other,unspecified_ai,NA,no,yes,2,NA,NA,NA,no,no,yes,no,NA,NA,NA,high,no,Competitor faster AI deployment could erode competitive position.,NA,no,no,NA,NA,no,competitive,no,NA,260483,260787,2036,2036,NA,claim,expanded_2026_10_08_v2
C_claim_ff63bc3f27f1ad4019ea,C_10K_2026-02-20:L2038:abf2734db4b11f46,C,2025-12-31,C_10K_2026-02-20.txt,2038,"In addition, compliance with new or changing laws, regulations or industry standards relating to AI may impose additional operational risks and costs. Failure to sufficiently manage these risks could expose Citi to adverse legal, regulatory or reputational consequences.",substantive,yes,focal_firm,hypothetical,NA,NA,unclear_or_other,unspecified_ai,NA,no,yes,2,NA,NA,NA,no,no,yes,no,NA,NA,NA,high,no,AI regulatory change may create costs and legal/reputational consequences.,NA,no,no,NA,NA,no,financial|regulatory|reputational,no,NA,260791,261061,2038,2038,NA,claim,expanded_2026_10_08_v2
C_claim_ef69b8ecf8baa2ae2b6b,C_10K_2026-02-20:L2046:fd5badf6982ec405,C,2025-12-31,C_10K_2026-02-20.txt,2046,"With the proliferation of emerging technologies, including AI and digital assets, and the use of the internet, mobile devices and cloud services to conduct financial transactions, and customers’ and clients’ increasing use of online banking and trading systems and other platforms, large global financial institutions such as Citi have been, and will continue to be, subject to an ever-increasing risk of operational loss, failure or disruption. For example, Citi’s involvement in digital assets,",substantive,yes,focal_firm,current,NA,NA,unclear_or_other,unspecified_ai,NA,no,yes,2,NA,NA,NA,no,no,yes,no,NA,NA,NA,high,no,AI-driven technological proliferation increases operational risk.,NA,no,no,NA,NA,no,financial|operational,no,NA,261844,262340,2046,2046,NA,claim,expanded_2026_10_08_v2
C_claim_f44de1bd6dfe390f3314,C_10K_2026-02-20:L2072:45302879aaa1e6bf,C,2025-12-31,C_10K_2026-02-20.txt,2072,"The increasing use of cloud and new and emerging technologies (such as AI and digital assets), as well as connectivity solutions to facilitate remote working for Citi’s employees, all increase Citi’s exposure to cybersecurity risks.",substantive,yes,focal_firm,current,NA,NA,unclear_or_other,unspecified_ai,NA,no,no,2,NA,NA,NA,no,no,yes,no,NA,NA,NA,high,no,AI/cloud use and remote connectivity increase cyber exposure.,NA,no,no,NA,NA,no,cybersecurity,no,NA,269757,269989,2072,2072,NA,claim,expanded_2026_10_08_v2
C_claim_01295828bd972f976fc5,C_10K_2026-02-20:L2090:563aeed54839c1ed,C,2025-12-31,C_10K_2026-02-20.txt,2090,"In addition, cyber threats and cyberattack techniques change, develop and evolve rapidly, including from emerging technologies such as AI and quantum computing.",substantive,yes,other,current,NA,NA,unclear_or_other,unspecified_ai,NA,no,yes,2,NA,NA,NA,no,no,yes,no,NA,NA,NA,high,no,Evolving AI cyberattack techniques may defeat controls.,NA,no,no,NA,NA,no,cybersecurity,no,NA,273367,273527,2090,2090,NA,claim,expanded_2026_10_08_v2
C_claim_39536ada7deaba70f013,C_10K_2026-02-20:L2146:7988f70103720cbe,C,2025-12-31,C_10K_2026-02-20.txt,2146,"Additionally, systemic risks, including from leveraged finance, non-bank financial institutions, private credit and AI, could increase Citi’s credit costs.",substantive,yes,focal_firm,hypothetical,NA,NA,unclear_or_other,unspecified_ai,NA,no,yes,2,NA,NA,NA,no,no,yes,no,NA,NA,NA,high,no,AI systemic financial risks could increase credit costs.,NA,no,no,NA,NA,no,financial,no,NA,286092,286247,2146,2146,NA,claim,expanded_2026_10_08_v2
C_claim_ce8ca5adc2814054e3d2,C_10K_2026-02-20:L2426:98dc0296cb7433f7,C,2025-12-31,C_10K_2026-02-20.txt,2426,"Its responsibilities include reviewing and assessing significant technology investments and expenditures, overseeing and reviewing information from management regarding Citi’s approach to Generative AI and reviewing reports on technology and data quality-related matters.",substantive,yes,focal_firm,current,NA,NA,unclear_or_other,genai,NA,no,no,3,NA,NA,NA,no,no,no,yes,NA,NA,NA,medium,yes,Technology oversight responsibilities explicitly review Citi's GenAI approach.,Committee identity is in preceding continuation context.,no,no,NA,NA,no,NA,yes,C_10K_2026-02-20.txt:L2412-L2432,330678,330949,2426,2426,NA,claim,expanded_2026_10_08_v2
C_claim_bc9faf296d197b7ed0c6,C_10K_2026-02-20:L4393:fa2693a6e473229b,C,2025-12-31,C_10K_2026-02-20.txt,4393,"With an evolving threat landscape, ever-increasing sophistication of threat actor tactics, techniques and procedures, ongoing and emerging geopolitical conflicts, and the availability of new technologies, including those enabled by artificial intelligence and machine learning capabilities, to conduct financial transactions, Citi and its clients, customers and third parties (and fourth parties, etc.) continue to be at risk from cyberattacks and information security incidents.",substantive,yes,industry,current,NA,NA,unclear_or_other,unspecified_ai,NA,no,yes,2,NA,NA,NA,no,no,yes,no,NA,NA,NA,high,no,"AI/ML-enabled technology contributes to cybersecurity exposure, not an AI defense deployment.",NA,no,no,NA,NA,no,cybersecurity,no,NA,584881,585360,4393,4393,NA,claim,expanded_2026_10_08_v2
C_claim_88a67401356f0f530bbc,C_10K_2026-02-20:L4505:8448f5aabe38dbb8,C,2025-12-31,C_10K_2026-02-20.txt,4505,AI has added competitive pressure while productivity assumptions tied to AI-driven operation model changes may materialize more slowly than expected or require additional unforeseen upfront investment.,substantive,yes,focal_firm,current,NA,NA,unclear_or_other,unspecified_ai,NA,no,yes,2,NA,NA,NA,no,no,yes,no,no,NA,NA,high,no,"AI competitive pressure and slower productivity assumptions/extra costs are risks, not realized outcomes.",NA,no,no,NA,NA,no,competitive|financial,no,NA,604447,604648,4505,4505,NA,claim,expanded_2026_10_08_v2
C_claim_d05abdafd74f0040a684,C_10K_2026-02-20:L12571:28fb74bb5f35d4f1,C,2025-12-31,C_10K_2026-02-20.txt,12571,AI: Artificial intelligence,context_only,no,other,unclear,NA,NA,NA,NA,NA,NA,NA,NA,NA,NA,NA,NA,NA,NA,NA,NA,NA,NA,high,no,AI acronym definition is contextual.,NA,no,no,NA,NA,NA,NA,no,NA,1728720,1728747,12571,12571,NA,screening,expanded_2026_10_08_v2
C_claim_f2c9138bc239546ceef3,C_10K_2026-02-20:L12735:baeb9f5240ab993a,C,2025-12-31,C_10K_2026-02-20.txt,12735,Generative AI: A type of artificial intelligence that uses generative models to create text and other content.,context_only,no,other,unclear,NA,NA,NA,genai,NA,NA,NA,NA,NA,NA,NA,NA,NA,NA,NA,NA,NA,NA,high,no,"GenAI definition is contextual, not firm implementation.",NA,no,no,NA,NA,NA,NA,no,NA,1737569,1737679,12735,12735,NA,screening,expanded_2026_10_08_v2
JNJ_claim_4214404a101f8540158e,JNJ_10K_2026-02-11:L296:ba17475fce9e27cf,JNJ,2025-12-28,JNJ_10K_2026-02-11.txt,296,"Moreover, as a result of the broad scale release and availability of Artificial Intelligence (AI) technologies such as generative AI, a global trend towards more comprehensive and nuanced regulation to ensure the ethical use, privacy, and security of AI is underway that includes standards for transparency, accountability, and fairness, which will require compliance developments or enhancements.",substantive,yes,focal_firm,current,NA,NA,unclear_or_other,genai,NA,no,yes,2,NA,NA,NA,no,no,yes,no,NA,NA,NA,high,no,AI/privacy cybersecurity laws may require healthcare compliance enhancements.,NA,no,no,NA,NA,no,cybersecurity|privacy|regulatory,no,NA,41057,41454,296,296,NA,claim,expanded_2026_10_08_v2
JNJ_claim_63b265f0d8f41ce28d64,JNJ_10K_2026-02-11:L465:57cda764f065a70e,JNJ,2025-12-28,JNJ_10K_2026-02-11.txt,465,"The Company leverages the use of data science, machine learning and other forms of AI and emerging technologies across varying parts of its business and operations, and the introduction and incorporation of AI may result in unintended consequences or other new or expanded risks and liabilities.",substantive,yes,focal_firm,current,NA,AI/ML use across business operations; tasks unspecified,internal_operations,traditional_ml,NA,no,no,2,4,yes,no,no,no,yes,no,no,NA,NA,medium,yes,Firm currently leverages AI/ML across business operations; individual tasks unspecified.,Current use explicit; ML and other AI pooled without a distinct application.,no,yes,4,not_identified,no,operational,no,NA,82553,82848,465,465,NA,claim,expanded_2026_10_08_v2
JNJ_claim_d984d2e743b5d8eaec13,JNJ_10K_2026-02-11:L465:57cda764f065a70e,JNJ,2025-12-28,JNJ_10K_2026-02-11.txt,465,"AI technology is continuously evolving, and the AI technologies we develop and adopt may become obsolete earlier than planned. Our investments in these technologies may not result in the benefits we anticipate or enable us to obtain or maintain a competitive advantage. The application of AI in our business is emerging and evolving alongside new laws and regulations that may entail significant costs or ultimately limit our ability to continue the use of these technologies. These technologies also carry inherent risks related to data privacy and security further described below.",substantive,yes,focal_firm,current,NA,NA,unclear_or_other,unspecified_ai,NA,no,yes,2,NA,NA,NA,yes,no,yes,no,NA,NA,NA,high,no,"AI obsolescence, uncertain investment returns and legal/data constraints.",NA,no,no,NA,NA,no,competitive|financial|privacy|regulatory,no,NA,82849,83432,465,465,NA,claim,expanded_2026_10_08_v2
JNJ_claim_85d695e399419afbc097,JNJ_10K_2026-02-11:L541:8521417653d65531,JNJ,2025-12-28,JNJ_10K_2026-02-11.txt,541,The increasing use of AI and other emerging technology could also increase these risks.,substantive,yes,focal_firm,hypothetical,NA,NA,unclear_or_other,unspecified_ai,NA,no,yes,1,NA,NA,NA,no,no,yes,no,NA,NA,NA,high,no,AI may aggravate cybersecurity and data protection exposure.,NA,no,no,NA,NA,no,cybersecurity|privacy,no,NA,99158,99245,541,541,NA,claim,expanded_2026_10_08_v2
PFE_claim_e6314646158bc11c810e,PFE_10K_2026-02-26:L131:20bacf153849a446,PFE,2025-12-31,PFE_10K_2026-02-26.txt,131,AI                     artificial intelligence,context_only,no,other,unclear,NA,NA,NA,NA,NA,NA,NA,NA,NA,NA,NA,NA,NA,NA,NA,NA,NA,NA,high,no,Glossary AI definition is contextual.,NA,no,no,NA,NA,NA,NA,no,NA,13845,13891,142,142,NA,screening,expanded_2026_10_08_v2
PFE_claim_cececf5778c2440cbab7,PFE_10K_2026-02-26:L418:b3f335899b35faa9,PFE,2025-12-31,PFE_10K_2026-02-26.txt,418,"• any business disruption, theft of confidential or proprietary information, security threats on facilities or infrastructure, extortion or integrity compromise resulting from a cyber-attack, which may include those using adversarial AI techniques, or other malfeasance by, but not limited to, nation states, employees, business partners or others; and",substantive,yes,other,hypothetical,NA,NA,unclear_or_other,unspecified_ai,NA,no,yes,2,NA,NA,NA,no,no,yes,no,NA,NA,NA,high,no,Adversarial AI cyberattack risk summary.,NA,no,no,NA,NA,no,cybersecurity,no,NA,49002,49354,418,418,NA,claim,expanded_2026_10_08_v2
PFE_claim_709017ada621c37b72be,PFE_10K_2026-02-26:L420:ad3295a723bbb940,PFE,2025-12-31,PFE_10K_2026-02-26.txt,420,"• risks and challenges related to the use of software, systems and services that include AI-based functionality and other emerging technologies.",substantive,yes,focal_firm,hypothetical,NA,NA,unclear_or_other,unspecified_ai,NA,no,yes,1,NA,NA,NA,no,no,yes,no,NA,NA,NA,high,no,"AI-enabled software use risk summary, not a specific current application.",NA,no,no,NA,NA,no,operational,no,NA,49358,49502,420,420,NA,claim,expanded_2026_10_08_v2
PFE_claim_301ebc245e783a3b8b81,PFE_10K_2026-02-26:L447:03ebee8abe80457f,PFE,2025-12-31,PFE_10K_2026-02-26.txt,447,4. Scale AI across our business.,substantive,yes,focal_firm,current,NA,NA,unclear_or_other,unspecified_ai,competitive_positioning,no,no,1,1,NA,NA,no,no,no,no,no,NA,NA,high,no,Explicit broad AI-scaling business priority.,NA,no,yes,1,NA,yes,NA,no,NA,51769,51801,447,447,NA,claim,expanded_2026_10_08_v2
PFE_claim_645c89edf463697a02e3,PFE_10K_2026-02-26:L451:e990cf7878ac86c6,PFE,2025-12-31,PFE_10K_2026-02-26.txt,451,"In addition, we are scaling AI across R&D, manufacturing, commercial and patient engagement to improve productivity and accelerate innovation.",substantive,yes,focal_firm,current,NA,NA,internal_operations|research_and_development,unspecified_ai,innovation|workforce_productivity,no,no,2,1,NA,NA,no,no,no,no,no,NA,NA,high,no,Broad scaling AI across R&D/manufacturing/commercial/patient functions; no task-specific evidence.,NA,no,yes,1,NA,yes,NA,no,NA,52914,53056,451,451,NA,claim,expanded_2026_10_08_v2
PFE_claim_d39dece99bde787e1370,PFE_10K_2026-02-26:L783:a68f515021f091da,PFE,2025-12-31,PFE_10K_2026-02-26.txt,783,We also anticipate continued and new uses of data as we explore the use of AI tools both internally and externally.,substantive,yes,focal_firm,current,NA,NA,unclear_or_other,unspecified_ai,NA,no,yes,2,NA,NA,NA,no,no,yes,no,NA,NA,NA,high,no,Privacy rules affect data and exploratory internal/external AI uses; exploration alone is not a pilot.,NA,no,no,NA,NA,no,privacy|regulatory,no,NA,127124,127239,783,783,PFE_privacy_ai_exploration,claim,expanded_2026_10_08_v2
PFE_claim_14900ccce1345680063a,PFE_10K_2026-02-26:L795:25587cbec48abd22,PFE,2025-12-31,PFE_10K_2026-02-26.txt,795,"substances of human origin (SoHO Regulation), the ongoing reform of the rules governing SPCs, the EU Critical Medicines Act, and the EU Biotech Act. In addition, a number of EU regulations that are not primarily focused on medicinal products may nevertheless have a material impact on pharmaceutical companies. These include the EU AI Act, EU Data Act, and the EU Health Data Space Regulation, among others. Moreover, the EU is currently discussing the Digital Omnibus Package, which comprises a series of technical amendments to a wide body of EU digital legislation.",substantive,yes,focal_firm,current,NA,NA,unclear_or_other,unspecified_ai,NA,no,yes,2,NA,NA,NA,no,no,yes,no,NA,NA,NA,high,no,EU AI regulation may affect pharmaceutical operations.,NA,no,no,NA,NA,no,regulatory,yes,PFE_10K_2026-02-26.txt:L795 (full parent/context),130602,131170,795,795,NA,claim,expanded_2026_10_08_v2
PFE_claim_d7b87bab42b315859fb7,PFE_10K_2026-02-26:L811:15ad0d9ef4564b5c,PFE,2025-12-31,PFE_10K_2026-02-26.txt,811,We also anticipate continued and new uses of data as we explore the use of AI tools both internally and externally.,substantive,yes,focal_firm,current,NA,NA,unclear_or_other,unspecified_ai,NA,no,yes,2,NA,NA,NA,no,no,yes,no,NA,NA,NA,high,no,"Repeated data privacy discussion includes exploring AI uses, not actual test evidence.",NA,no,no,NA,NA,no,privacy|regulatory,no,NA,138400,138515,811,811,PFE_privacy_ai_exploration,claim,expanded_2026_10_08_v2
PFE_claim_8ff3e4c5fd568c2714fe,PFE_10K_2026-02-26:L843:b61ed6067c661677,PFE,2025-12-31,PFE_10K_2026-02-26.txt,843,"Such opportunities are designed to equip colleagues with the skills to tackle new challenges and seize emerging opportunities, including related to AI and technology innovation.",substantive,yes,focal_firm,current,NA,NA,unclear_or_other,unspecified_ai,workforce_productivity,no,no,2,1,NA,NA,no,no,no,no,no,NA,NA,high,no,"AI learning opportunity is workforce capability strategy, not operational AI adoption.",NA,no,yes,1,NA,yes,NA,no,NA,146171,146348,843,843,NA,claim,expanded_2026_10_08_v2
PFE_claim_5efef99637239e66fa6a,PFE_10K_2026-02-26:L1008:b54304be6be28a6e,PFE,2025-12-31,PFE_10K_2026-02-26.txt,1008,"These risks may be heightened by the use of AI in our operations as well as in our digital marketing, including social media, mobile applications and blogger outreach, as well as direct-to-consumer marketing and digital platform offerings.",substantive,yes,focal_firm,hypothetical,NA,NA,unclear_or_other,unspecified_ai,NA,no,yes,2,NA,NA,NA,no,no,yes,no,NA,NA,NA,high,no,AI in operations/digital marketing may heighten compliance/communication risk.,NA,no,no,NA,NA,no,regulatory|reputational,no,NA,201405,201644,1008,1008,NA,claim,expanded_2026_10_08_v2
PFE_claim_cd0726556ff646dd9c33,PFE_10K_2026-02-26:L1040:249e8fc1428566fc,PFE,2025-12-31,PFE_10K_2026-02-26.txt,1040,"Such cyber-attacks are of ever-increasing levels of sophistication, including the use of adversarial AI techniques (for example, AI may be used to automate phishing attacks and other forms of social engineering, and accelerate vulnerability exploitation), and are made by groups and individuals with a wide range of motives (including, but not limited to, industrial espionage, extortion, property destruction and personal information theft) and expertise,",substantive,yes,other,current,NA,NA,unclear_or_other,unspecified_ai,NA,no,yes,3,NA,NA,NA,no,no,yes,no,NA,NA,NA,high,no,Adversarial AI phishing/exploitation techniques threaten pharmaceutical systems.,NA,no,no,NA,NA,no,cybersecurity,no,NA,213008,213464,1040,1040,NA,claim,expanded_2026_10_08_v2
PFE_claim_b1a0b135f316d703737b,PFE_10K_2026-02-26:L1042:a4c4f2e52b18a192,PFE,2025-12-31,PFE_10K_2026-02-26.txt,1042,"We have begun deploying AI in various parts of our internal and external operations, including in R&D, and continue to explore further use cases for AI, and our investments in AI may not yield anticipated benefits.",substantive,yes,focal_firm,current,NA,AI deployment across operations/R&D; individual tasks unspecified,internal_operations|research_and_development,unspecified_ai,NA,no,no,2,4,yes,no,yes,no,no,no,no,NA,NA,medium,yes,Actual begun AI deployment in internal/external operations including R&D; tasks unspecified.,No named R&D task; industry-level GenAI/ML list cannot determine technology of own deployments.,no,yes,4,not_identified,no,NA,no,NA,214902,215116,1042,1042,NA,claim,expanded_2026_10_08_v2
PFE_claim_5a40622a8337f6f3c9dd,PFE_10K_2026-02-26:L1042:a4c4f2e52b18a192,PFE,2025-12-31,PFE_10K_2026-02-26.txt,1042,"For example, existing regulatory frameworks governing the use, development, and deployment of AI, including regulatory guidance on the use of AI in medical products, remain uncertain and subject to significant change. New regulatory requirements could impose significant compliance costs, limit our ability to deploy AI, require changes to our practices (including documentation, risk management, testing, or transparency measures), or increase litigation and enforcement risk. In addition, AI may be used by payors to limit access to care or to deny prior authorization requests, which could impact Pfizer’s business results.",substantive,yes,focal_firm,hypothetical,NA,NA,unclear_or_other,unspecified_ai,NA,no,yes,2,NA,NA,NA,no,no,yes,no,NA,NA,NA,high,no,AI regulatory change and payor AI access denial could harm business.,NA,no,no,NA,NA,no,financial|regulatory,no,NA,215189,215815,1042,1042,NA,claim,expanded_2026_10_08_v2
PFE_claim_aaec5e5d2b2b4c08172d,PFE_10K_2026-02-26:L1042:a4c4f2e52b18a192,PFE,2025-12-31,PFE_10K_2026-02-26.txt,1042,"Further, AI technology itself can give rise to risks. Generative AI output is probabilistic in nature and may not be reproducible or generate consistent results over time. AI can generate outputs that are false, misleading, incomplete, or inconsistent, and may be difficult to monitor, explain, or reproduce. AI performance may also degrade over time due to changes in inputs, data drift, updates by vendors, or adversarial manipulation. AI design or training may be flawed, including as a result of external vendors or others training AI models on content without the necessary intellectual property rights or other legal rights or permissions or using data sets that may not be appropriate for the intended use, of poor quality, contain biased information, or that become corrupted during a cyber-attack; and flawed or inappropriate data practices by data scientists, engineers, and end-users could impair results. If the output that AI produces or assists in producing is deficient or inaccurate, we could be subjected to competitive harm, regulatory scrutiny, potential legal liability and brand or reputational harm.",substantive,yes,focal_firm,hypothetical,NA,NA,unclear_or_other,genai,NA,no,yes,3,NA,NA,NA,no,no,yes,no,NA,NA,NA,high,no,"GenAI output, data drift, training/IP and quality risks.",NA,no,no,NA,NA,no,bias|intellectual_property|model_quality|privacy|regulatory|reputational,no,NA,215816,216937,1042,1042,NA,claim,expanded_2026_10_08_v2
PFE_claim_4645ec61cc5d2adefc99,PFE_10K_2026-02-26:L1046:5597482f7dbf2614,PFE,2025-12-31,PFE_10K_2026-02-26.txt,1046,"may also lead to the unauthorized release of confidential or proprietary information which may impact our ability to realize the benefits of our data, including intellectual property. Further, reliance on third-party AI tools or services that incorporate AI may expose our organization to compliance gaps that are outside of our control. In addition, we could face risks related to our reliance on a small number of AI models or service providers.",substantive,yes,focal_firm,hypothetical,NA,NA,unclear_or_other,unspecified_ai,NA,no,yes,2,NA,NA,NA,no,no,yes,no,NA,NA,NA,high,no,AI data-release/provider-concentration risks in continuation.,NA,no,no,NA,NA,no,intellectual_property|privacy|regulatory|third_party,yes,PFE_10K_2026-02-26.txt:L1046 (full parent/context),217000,217447,1046,1046,NA,claim,expanded_2026_10_08_v2
PFE_claim_d159202f1b1993172a40,PFE_10K_2026-02-26:L1096:16134cf80a822b16,PFE,2025-12-31,PFE_10K_2026-02-26.txt,1096,"In the EU, several recently adopted or proposed legislative initiatives may affect our business, including the EU Pharma Package, the EU HTA -R, the EU Critical Medicines Act, and the EU Biotech Act, as well as legislation such as the EU AI Act, EU Data Act, and the EU Health Data Space Regulation, among others.",substantive,yes,focal_firm,current,NA,NA,unclear_or_other,unspecified_ai,NA,no,yes,2,NA,NA,NA,no,no,yes,no,NA,NA,NA,high,no,EU AI legislation may affect pharmaceutical operations.,NA,no,no,NA,NA,no,regulatory,yes,PFE_10K_2026-02-26.txt:L1096 (full parent/context),235189,235502,1096,1096,NA,claim,expanded_2026_10_08_v2
PFE_claim_d35d9c375acc04d78637,PFE_10K_2026-02-26:L1258:c5bd61a75315c4a0,PFE,2025-12-31,PFE_10K_2026-02-26.txt,1258,"One way we believe we will be more efficient, effective and able to execute on these strategic priorities is through digital enablement. This includes expanding automation, data‑driven decision making, and enterprise AI solutions that strengthen productivity and accelerate innovation.",substantive,yes,focal_firm,current,NA,NA,internal_operations,unspecified_ai,efficiency|innovation|workforce_productivity,no,yes,2,1,NA,NA,no,no,no,no,no,NA,NA,high,no,"Enterprise AI digital-enablement objective seeks productivity and innovation, without an identified task.",NA,no,yes,1,NA,yes,NA,no,NA,258504,258789,1258,1258,NA,claim,expanded_2026_10_08_v2
PFE_claim_b7b070aa1c3a827eee2c,PFE_10K_2026-02-26:L1266:87cc40eb057a6b14,PFE,2025-12-31,PFE_10K_2026-02-26.txt,1266,"In the second quarter of 2025, we identified additional productivity opportunities to further reduce costs primarily in SI&A, driven in large part by enhanced digital enablement, including automation and AI, and simplification of business processes.",substantive,yes,focal_firm,planned,PFE_uc_sia_ai_cost_realignment,AI-enabled SI&A business-process cost realignment,internal_operations,unspecified_ai,efficiency,no,yes,4,2,no,no,no,no,no,no,no,NA,NA,medium,yes,Cost-realignment program identifies intended AI-enabled SI&A process productivity opportunities.,"Identified opportunities within an announced program, not actual AI deployment or attributable realized savings.",no,yes,2,resolved,yes,NA,no,NA,259819,260068,1266,1266,PFE_sia_ai_realignment,claim,expanded_2026_10_08_v2
PFE_claim_dbb59c1fedb91cd7957d,PFE_10K_2026-02-26:L1268:ba79f346f9fcfc73,PFE,2025-12-31,PFE_10K_2026-02-26.txt,1268,"• In connection with our efforts to simplify the structure and sharpen the focus of our R&D organization, in the first quarter of 2025, we expanded this program after having identified additional opportunities to drive improvements in productivity and operational efficiencies through enhanced digital enablement, including automation and AI, and simplification of business processes.",substantive,yes,focal_firm,planned,PFE_uc_rd_ai_cost_realignment,AI-enabled R&D organizational process cost realignment,internal_operations,unspecified_ai,efficiency,no,yes,4,2,no,no,no,no,no,no,no,NA,NA,medium,yes,Expanded R&D cost-program intends AI-enabled process efficiency; no actual AI test or deployment.,R&D organizational cost program is not experimental AI application testing.,no,yes,2,resolved,yes,NA,no,NA,260072,260456,1268,1268,PFE_rd_ai_realignment,claim,expanded_2026_10_08_v2
PFE_claim_19073faaa7ec3e5e5b23,PFE_10K_2026-02-26:L2884:c7eab1fc6554b327,PFE,2025-12-31,PFE_10K_2026-02-26.txt,2884,"In the second quarter of 2025, we identified additional productivity opportunities to further reduce costs primarily in SI&A, driven in large part by enhanced digital enablement, including automation and AI, and simplification of business processes.",substantive,yes,focal_firm,planned,PFE_uc_sia_ai_cost_realignment,AI-enabled SI&A business-process cost realignment,internal_operations,unspecified_ai,efficiency,no,yes,4,2,no,no,no,no,no,no,no,NA,NA,medium,yes,Repeated intended AI-enabled SI&A productivity cost program.,Repeated program description; AI-specific realized result not quantified.,no,yes,2,resolved,yes,NA,no,NA,543572,543821,2884,2884,PFE_sia_ai_realignment,claim,expanded_2026_10_08_v2
PFE_claim_ae1b58a811b418efea4d,PFE_10K_2026-02-26:L2894:b2a0a75cec182305,PFE,2025-12-31,PFE_10K_2026-02-26.txt,2894,"Additionally, in connection with our efforts to simplify the structure and sharpen the focus of our R&D organization, in the first quarter of 2025, we expanded this program after having identified additional opportunities to drive improvements in productivity and operational efficiencies through enhanced digital enablement, including automation and AI, and simplification of business processes.",substantive,yes,focal_firm,planned,PFE_uc_rd_ai_cost_realignment,AI-enabled R&D organizational process cost realignment,internal_operations,unspecified_ai,efficiency,no,yes,4,2,no,no,no,no,no,no,no,NA,NA,medium,yes,Repeated AI-enabled R&D efficiency program with shared severance/digital implementation cost.,Broad program costs do not establish AI-attributable benefits.,no,yes,2,resolved,yes,NA,no,NA,544304,544700,2894,2894,PFE_rd_ai_realignment,claim,expanded_2026_10_08_v2
PFE_claim_efd3a933d4f656e6e78a,PFE_10K_2026-02-26:L2894:b2a0a75cec182305,PFE,2025-12-31,PFE_10K_2026-02-26.txt,2894,"We expect costs to implement these initiatives to be incurred through 2026 and to total approximately $ 600 million, primarily representing cash expenditures for severance, digital enablement and implementation, all of which is associated with our Biopharma segment.",substantive,yes,focal_firm,planned,NA,NA,internal_operations,unspecified_ai,NA,no,yes,4,NA,NA,NA,NA,no,no,no,no,shared_drivers,expected_program_implementation_cost,high,no,"Approximately $600 million is estimated shared program implementation expense, not realized AI benefit.",NA,no,no,NA,NA,no,NA,no,NA,544701,544967,2894,2894,NA,claim,expanded_2026_10_08_v2
MRK_claim_80a3e3adec782f2c3e03,MRK_10K_2026-02-24:L917:ede66a101b39b2b1,MRK,2025-12-31,MRK_10K_2026-02-24.txt,917,"• The Company is increasing its use of artificial intelligence (AI) systems to automate processes, analyze data, and support decision-making, which poses inherent risks.",substantive,yes,focal_firm,current,NA,AI process automation/data analysis/decision support; tasks pooled,internal_operations,unspecified_ai,NA,no,no,2,4,yes,no,no,no,yes,no,no,NA,NA,medium,yes,Increasing current AI use in process automation/data/decisions; individual workflow not identified.,Broad task categories lack named workflow; do not count three separate applications.,no,yes,4,not_identified,no,operational,no,NA,153487,153656,917,917,MRK_current_ai_use,claim,expanded_2026_10_08_v2
MRK_claim_d34e581dff2c33289bb2,MRK_10K_2026-02-24:L1193:e382cfa16f059f9c,MRK,2025-12-31,MRK_10K_2026-02-24.txt,1193,"The Company is increasing its use of artificial intelligence (AI) systems to automate processes, analyze data, and support decision-making, which poses inherent risks.",substantive,yes,focal_firm,current,NA,AI process automation/data analysis/decision support; tasks pooled,internal_operations,unspecified_ai,NA,no,no,2,4,yes,no,no,no,yes,no,no,NA,NA,medium,yes,Repeated current AI operational-use assertion.,"Repeated wording, not additional application.",no,yes,4,not_identified,no,operational,no,NA,218442,218609,1193,1193,MRK_current_ai_use,claim,expanded_2026_10_08_v2
MRK_claim_d22c6f3e31deaaea5f9f,MRK_10K_2026-02-24:L1195:998a7c97fd6cbcfd,MRK,2025-12-31,MRK_10K_2026-02-24.txt,1195,"The Company’s growing use of artificial intelligence (AI) systems to automate processes, analyze data, and support decision-making poses inherent risks. Flaws, biases, or malfunctions in these systems could lead to operational disruptions, data loss, or erroneous decision-making, impacting the Company’s business operations, financial condition, and reputation. Ethical and legal challenges may arise, including biases or discrimination in AI outcomes, non-compliance with data protection regulations and emerging laws specifically governing AI systems and tools, such as the European Union AI Act and NIS2 Directive. Unauthorized use of open-source AI tools or generative AI platforms by employees or third parties could result in inadvertent disclosure of confidential information, intellectual property leakage, or regulatory violations.",substantive,yes,focal_firm,current,NA,NA,unclear_or_other,unspecified_ai,NA,no,yes,3,NA,NA,NA,no,no,yes,no,NA,NA,NA,high,no,"AI data/decision operational, bias, privacy/IP and regulatory risks.",NA,no,no,NA,NA,no,bias|intellectual_property|model_quality|operational|privacy|regulatory,no,NA,218613,219454,1195,1195,NA,claim,expanded_2026_10_08_v2
MRK_claim_d3da7d2bb1f90af65dec,MRK_10K_2026-02-24:L1197:a861f62df46c104f,MRK,2025-12-31,MRK_10K_2026-02-24.txt,1197,"Furthermore, the deployment of AI systems could expose the Company to increased cybersecurity threats, such as data breaches and unauthorized access leading to financial losses, legal liabilities, and reputational damage. The Company also faces competitive risks if it fails to adopt AI or other machine learning technologies in a timely fashion.",substantive,yes,focal_firm,hypothetical,NA,NA,unclear_or_other,unspecified_ai,NA,no,yes,2,NA,NA,NA,no,no,yes,no,NA,NA,NA,high,no,AI cyber risks and delayed AI/ML competitive adoption exposure.,NA,no,no,NA,NA,no,competitive|cybersecurity,no,NA,219458,219804,1197,1197,NA,claim,expanded_2026_10_08_v2
CAT_claim_7f9b2d232c1aa391b298,CAT_10K_2026-02-13:L819:d226ee645e688678,CAT,2025-12-31,CAT_10K_2026-02-13.txt,819,"In Power & Energy, we anticipate growth in Power Generation for both reciprocating engines and turbines and turbine-related services in 2026, driven by increasing energy demand to support data center build-out related to cloud computing and generative Artificial Intelligence (AI). Additionally, we are starting to see orders for prime power trend higher as data center customers look for alternative power solutions to keep pace with their growth.",context_only,no,industry,planned,NA,NA,infrastructure_or_platform,genai,NA,NA,yes,NA,NA,NA,NA,NA,NA,NA,NA,NA,NA,NA,high,no,"GenAI datacentre energy demand drives power-equipment market outlook, not Caterpillar's AI adoption.",NA,no,no,NA,NA,NA,NA,no,NA,139753,140201,819,819,NA,screening,expanded_2026_10_08_v2
DE_claim_421786d9fa8e430f8195,DE_10K_2025-12-18:L161:5be41308d22079d9,DE,2025-11-02,DE_10K_2025-12-18.txt,161,"Technology Stack. Investments in technology, as well as research and development, which deliver intelligent solutions to our customers through hardware and devices, embedded software, connectivity, data platforms, and applications. The technology stack leverages these core technologies across the enterprise, including digital capabilities, automation and machine learning, and autonomy. The stack has the potential to unlock economic and sustainable value for customers by optimizing jobs, strengthening decision-making, and better connecting the steps of a production system.",substantive,yes,focal_firm,current,NA,NA,research_and_development,traditional_ml,innovation,no,no,2,1,NA,NA,yes,no,no,no,no,NA,NA,high,no,ML technology-stack investment and intelligent-product direction; no specific application.,NA,no,yes,1,NA,yes,NA,no,NA,18339,18917,161,161,NA,claim,expanded_2026_10_08_v2
DE_claim_dbd55bab09c79e5d056f,DE_10K_2025-12-18:L186:9ef383e5069e6142,DE,2025-11-02,DE_10K_2025-12-18.txt,186,"For example, cameras, obstacle detection, radars, and machine learning have been applied to our CF Smart Detect™ tool to identify obstacles on jobsites.",substantive,yes,focal_firm,current,DE_uc_smartdetect_obstacles,SmartDetect machine-learning jobsite obstacle detection,customer_facing_product,traditional_ml,security,no,no,3,4,yes,no,no,no,no,no,no,NA,NA,medium,yes,"Smart Detect obstacle detection uses ML, with current portfolio confirmation.",Past application statement confirmed by current product description at L245.,no,yes,4,resolved,no,NA,yes,DE_10K_2025-12-18.txt:L186|DE_10K_2025-12-18.txt:L245,23542,23694,186,186,NA,claim,expanded_2026_10_08_v2
DE_claim_76649a19100000420a83,DE_10K_2025-12-18:L245:7415649567e0410b,DE,2025-11-02,DE_10K_2025-12-18.txt,245,"Obstacle detection solutions such as SmartDetect™ supplement operator visibility on the jobsite through a combination of cameras, radar, and machine learning.",substantive,yes,focal_firm,current,DE_uc_smartdetect_obstacles,SmartDetect machine-learning jobsite obstacle detection,customer_facing_product,traditional_ml,security,no,no,3,4,yes,no,no,no,no,no,no,NA,NA,high,no,Currently delivered SmartDetect portfolio supplements operator visibility through ML.,NA,no,yes,4,resolved,no,NA,yes,DE_10K_2025-12-18.txt:L245 (full parent/context),34046,34204,245,245,NA,claim,expanded_2026_10_08_v2
DE_claim_6f2b4d5c4be3f4b57edd,DE_10K_2025-12-18:L290:3adab8f61c88c6dd,DE,2025-11-02,DE_10K_2025-12-18.txt,290,We are also integrating emerging technologies such as artificial intelligence driven analytics and advanced robotics into our manufacturing processes where appropriate.,substantive,yes,focal_firm,planned,DE_uc_manufacturing_ai_analytics,AI analytics integration in manufacturing processes,internal_operations,unspecified_ai,efficiency,no,yes,3,2,no,no,no,no,no,no,no,NA,NA,medium,yes,"Manufacturing AI-driven analytics integration underway, not an explicit production-use milestone.",In-progress integration establishes intended application; routine use/testing not reported.,no,yes,2,resolved,yes,NA,no,NA,41675,41843,290,290,NA,claim,expanded_2026_10_08_v2
DE_claim_71dc34e4503f66567326,DE_10K_2025-12-18:L703:51cb15143625c1a1,DE,2025-11-02,DE_10K_2025-12-18.txt,703,"  compliance requirements regarding data privacy and artificial intelligence, and",substantive,yes,focal_firm,hypothetical,NA,NA,unclear_or_other,unspecified_ai,NA,no,yes,2,NA,NA,NA,no,no,yes,no,NA,NA,NA,high,no,AI privacy compliance requirements in regulatory risk list.,NA,no,no,NA,NA,no,privacy|regulatory,yes,DE_10K_2025-12-18.txt:L703 (full parent/context),106849,106930,703,703,NA,claim,expanded_2026_10_08_v2
DE_claim_2d24dd8af2dbf4986be5,DE_10K_2025-12-18:L711:3df0506ec3c10149,DE,2025-11-02,DE_10K_2025-12-18.txt,711,"In addition, artificial intelligence technologies have rapidly developed, and our business may be adversely affected if we cannot successfully integrate the technology into our internal business processes, products, and services in a timely, cost-effective, compliant, and responsible manner.",substantive,yes,focal_firm,hypothetical,NA,NA,unclear_or_other,unspecified_ai,NA,no,yes,2,NA,NA,NA,no,no,yes,no,NA,NA,NA,high,no,Failure to integrate AI may harm business; conditional generic use is not plan evidence.,NA,no,no,NA,NA,no,competitive|operational|regulatory,no,NA,108081,108373,711,711,NA,claim,expanded_2026_10_08_v2
DE_claim_92887d085402ceb72b34,DE_10K_2025-12-18:L776:1eb3218673f7d06f,DE,2025-11-02,DE_10K_2025-12-18.txt,776,"This data is used to assist and support our customers’ operations and machines, and to enhance and develop our product offerings, including the development of machine learning, large language models and SaaS products.",substantive,yes,focal_firm,current,NA,NA,research_and_development,mixed,NA,no,no,2,NA,NA,NA,no,no,no,no,NA,NA,NA,high,no,Customer operational data used to develop ML/LLM offerings; no specific pilot identified.,NA,no,no,NA,NA,no,NA,no,NA,120919,121136,776,776,NA,claim,expanded_2026_10_08_v2
DE_claim_6fb081631ebc709fd9c5,DE_10K_2025-12-18:L793:847ebb5941e8da06,DE,2025-11-02,DE_10K_2025-12-18.txt,793,"Technical or regulatory limitations may impact our ability to effectively implement automation, autonomy, and artificial intelligence solutions.",substantive,yes,focal_firm,hypothetical,NA,NA,unclear_or_other,unspecified_ai,NA,no,yes,2,NA,NA,NA,no,no,yes,no,NA,NA,NA,high,no,Technical/regulatory limitations may impair AI/autonomy implementation.,NA,no,no,NA,NA,no,operational|regulatory,no,NA,124926,125070,793,793,NA,claim,expanded_2026_10_08_v2
DE_claim_ad0b3545de9e42dea13d,DE_10K_2025-12-18:L795:f78f44d27b32e490,DE,2025-11-02,DE_10K_2025-12-18.txt,795,"We utilize and intend to expand our use of automation and machine learning in many of our products, including consumer-facing features, and we leverage generative artificial intelligence in our business processes.",substantive,yes,focal_firm,current,NA,GenAI in internal business processes; tasks unspecified,internal_operations,genai,NA,no,no,2,4,yes,no,no,no,no,no,no,NA,NA,medium,yes,Firm currently leverages GenAI in internal business processes; task identity unspecified.,Sentence pools customer ML and internal GenAI; internal GenAI use is explicit but workflows unnamed.,no,yes,4,not_identified,no,NA,no,NA,125074,125287,795,795,NA,claim,expanded_2026_10_08_v2
DE_claim_5eb61ee2255a5576b6f5,DE_10K_2025-12-18:L795:f78f44d27b32e490,DE,2025-11-02,DE_10K_2025-12-18.txt,795,"For example, we use automation software, digital tools, applications, and analytics on the S7 Series Combines and our See & Spray™ targeted spraying solution.",substantive,yes,focal_firm,current,NA,S7 Series/See & Spray automation and analytics,customer_facing_product,traditional_ml,NA,no,no,3,NA,NA,NA,no,no,no,no,NA,NA,NA,medium,yes,Named agricultural automation tools illustrate ML product use but task-method linkage remains pooled.,Examples combine automation/digital/analytics methods; cannot independently assign AI deployment to each product.,no,uncertain,NA,not_identified,no,NA,yes,DE_10K_2025-12-18.txt:L795 (full parent/context),125288,125446,795,795,NA,claim,expanded_2026_10_08_v2
DE_claim_6c652b8b5b96c99d749e,DE_10K_2025-12-18:L797:8b091b169e3a891f,DE,2025-11-02,DE_10K_2025-12-18.txt,797,"While we believe the use of these emerging technologies can present significant benefits, they also create risks and challenges. Data sourcing, technology, integration and process issues, bias in decision-making algorithms, concerns over intellectual property, reputational implications if use becomes controversial, system security concerns, or the protection of privacy could impair the adoption and acceptance of autonomous machine solutions. Additionally, if we are unable to match or surpass the advances of artificial intelligence that our competitors implement for their products or for internal operations, our competitive position could be impacted.",substantive,yes,focal_firm,hypothetical,NA,NA,customer_facing_product,unspecified_ai,NA,no,yes,2,NA,NA,NA,no,no,yes,no,NA,NA,NA,high,no,"AI/autonomy data, bias, privacy/IP, reputational and competition risks.",NA,no,no,NA,NA,no,bias|competitive|intellectual_property|privacy|reputational,no,NA,125683,126341,797,797,NA,claim,expanded_2026_10_08_v2
DE_claim_1bafc4b3ffb187805324,DE_10K_2025-12-18:L799:ba377a588870bae3,DE,2025-11-02,DE_10K_2025-12-18.txt,799,"Furthermore, any confidential information that is disclosed to a third-party generative artificial intelligence platform could be leaked or disclosed to others, including sensitive information that is used to train the third parties’ model. Additionally, if the data used to train the solution or the content, analyses, or recommendations that the machine learning and intelligence applications assist in producing is deemed to be inaccurate, incomplete, biased or questionable, our brand and reputation may be harmed, and we may be subject to legal liability claims. The development of our own artificial intelligence applications will require additional investment in the development of proprietary systems, models, or datasets, which are complex, costly and could impact the results of our operations. Developing, testing, and deploying these technologies may also increase the cost profile of our products due to the level of investment needed to enable such initiatives. In addition, there is no guarantee that we will be able to develop such applications and execute on the longer-term aspects of our business strategy.",substantive,yes,focal_firm,hypothetical,NA,NA,unclear_or_other,mixed,NA,no,yes,3,NA,NA,NA,NA,no,yes,no,NA,NA,NA,high,no,GenAI data leakage/ML model quality risks and potential AI development costs.,NA,no,no,NA,NA,no,bias|financial|intellectual_property|model_quality|privacy,no,NA,126345,127470,799,799,NA,claim,expanded_2026_10_08_v2
DE_claim_15e3bf7ec2ae04e00949,DE_10K_2025-12-18:L812:59bc1ade124c664c,DE,2025-11-02,DE_10K_2025-12-18.txt,812,"These laws, regulations, and executive orders cover a variety of subjects, including advertising, anti-money laundering, antitrust, autonomy systems, consumer finance, environmental, climate-related, health and safety, foreign exchange controls and cash repatriation restrictions, foreign ownership and investment, import/export and trade, human rights, labor and employment, product liability reporting, cybersecurity, data privacy, encryption, artificial intelligence, telecommunications, and drones. Changes to existing laws, regulations, executive orders, and enforcement priorities, changes to how they are interpreted, or the implementation of new, more stringent laws, regulations, and executive orders, could adversely affect our business by increasing compliance costs, limiting our ability to offer a product or service, requiring changes to our business practices, or otherwise making our products and services less attractive to customers. Failure to comply with these laws, regulations, and executive orders could result in fines and penalties.",substantive,yes,focal_firm,current,NA,NA,unclear_or_other,unspecified_ai,NA,no,yes,2,NA,NA,NA,no,no,yes,no,NA,NA,NA,high,no,AI regulated subject matter and compliance penalties.,NA,no,no,NA,NA,no,financial|regulatory,no,NA,128883,129940,812,812,NA,claim,expanded_2026_10_08_v2
DE_claim_fd57611c0e19dfa7adb8,DE_10K_2025-12-18:L1168:924b9ccef1f29d6f,DE,2025-11-02,DE_10K_2025-12-18.txt,1168,"  our ability to strengthen our digital capabilities, artificial intelligence, automation, and autonomy",context_only,yes,focal_firm,planned,NA,NA,NA,NA,NA,NA,yes,NA,NA,NA,NA,NA,NA,NA,NA,NA,NA,NA,high,no,"Safe-harbor factor lists ability to strengthen AI, not substantive action.",NA,no,no,NA,NA,NA,NA,yes,DE_10K_2025-12-18.txt:L1153-L1177,169831,169934,1168,1168,NA,screening,expanded_2026_10_08_v2
DE_claim_384b97b4616f72d04455,DE_10K_2025-12-18:L1739:739d1bbc3af37a04,DE,2025-11-02,DE_10K_2025-12-18.txt,1739,  leveraging artificial intelligence and machine learning within our business processes,context_only,yes,focal_firm,hypothetical,NA,NA,NA,NA,NA,NA,yes,NA,NA,NA,NA,NA,NA,NA,NA,NA,NA,NA,high,no,"Forward-looking risk-factor list, not a standalone current AI-use claim.",NA,no,no,NA,NA,NA,NA,yes,DE_10K_2025-12-18.txt:L1720-L1750,210975,211062,1739,1739,NA,screening,expanded_2026_10_08_v2
DE_claim_b1f7a65c295472f4b24a,DE_10K_2025-12-18:L2491:953438d0e0f792d4,DE,2025-11-02,DE_10K_2025-12-18.txt,2491,"In 2023, we acquired SparkAI Inc. (Spark AI) and Smart Apply, Inc. (Smart Apply) to accelerate the integration of smart technology innovation in our products. The combined cost of these acquisitions was $ 82, net of cash acquired of $ 2. Spark AI was assigned to the PPA segment, while Smart Apply was assigned to the SAT segment. Most of the purchase price for these acquisitions was allocated to goodwill.",uncertain,yes,focal_firm,historical,NA,NA,partnership_or_investment,NA,NA,NA,NA,NA,NA,NA,NA,NA,NA,NA,NA,NA,NA,NA,low,yes,2023 smart-technology acquisitions include SparkAI; AI identity not proven by brand alone.,Company name SparkAI is retrieval cue; text calls technology smart rather than explicitly AI.,no,uncertain,NA,NA,NA,NA,no,NA,321560,321967,2491,2491,NA,screening,expanded_2026_10_08_v2
HON_claim_648b428a62916a790379,HON_10K_2026-02-17:L1037:2eb62360fe2323b0,HON,2025-12-31,HON_10K_2026-02-17.txt,1037,"Emerging technology, such as generative and agentic artificial intelligence, is complex and rapidly evolving, and while we aim to develop and use artificial intelligence responsibly, we may ultimately be unsuccessful in identifying or resolving all problems, and the technologies that we develop or use may ultimately be flawed, which could harm our reputation and expose us to risks related to potential infringement of others' intellectual property, biases, inaccuracies or errors in outputs from these technologies. Furthermore, any integration of third-party artificial intelligence models with our products and solutions relies on certain safeguards implemented by the third-party developers of the models, and there can be no guarantee that those safeguards are adequate to protect against the risks associated with their deployment.",substantive,yes,focal_firm,hypothetical,NA,NA,unclear_or_other,genai,NA,no,yes,3,NA,NA,NA,no,no,yes,no,NA,NA,NA,high,no,AI/ML competitive innovation and flawed GenAI/third-party model risks.,NA,no,no,NA,NA,no,bias|intellectual_property|model_quality|reputational|third_party,no,NA,114580,115419,1037,1037,NA,claim,expanded_2026_10_08_v2
HON_claim_0169a137fa435368c8a6,HON_10K_2026-02-17:L1037:2eb62360fe2323b0,HON,2025-12-31,HON_10K_2026-02-17.txt,1037,while we aim to develop and use artificial intelligence responsibly,substantive,yes,focal_firm,planned,NA,NA,unclear_or_other,unspecified_ai,responsible_ai,no,yes,1,1,NA,NA,no,no,no,no,no,NA,NA,high,no,"Explicit aim to develop/use AI responsibly is strategic direction, not concrete application.",NA,no,yes,1,NA,yes,NA,yes,HON_10K_2026-02-17.txt:L1037 (full parent/context),114694,114761,1037,1037,NA,claim,expanded_2026_10_08_v2
HON_claim_7a2442acab854f4318c9,HON_10K_2026-02-17:L1063:7d598d70f77be796,HON,2025-12-31,HON_10K_2026-02-17.txt,1063,"Furthermore, to the extent artificial intelligence capabilities continue to improve and are increasingly adopted, they may be used to identify vulnerabilities and craft increasingly sophisticated cybersecurity attacks, including the use of generative artificial intelligence to conduct more sophisticated social engineering attacks on the Company, suppliers, or customers. In addition, vulnerabilities may be introduced from the use of artificial intelligence by us, our financial services providers and other vendors and third-party providers.",substantive,yes,other,hypothetical,NA,NA,unclear_or_other,genai,NA,no,yes,2,NA,NA,NA,no,no,yes,no,NA,NA,NA,high,no,Adversarial GenAI attack and potential own/vendor AI vulnerabilities.,NA,no,no,NA,NA,no,cybersecurity|third_party,no,NA,124309,124853,1063,1063,NA,claim,expanded_2026_10_08_v2
HON_claim_e09bf7df80ec7c17d686,HON_10K_2026-02-17:L1071:fc3635494c464c58,HON,2025-12-31,HON_10K_2026-02-17.txt,1071,"An increasing number of our products, services, and technologies are delivered with IoT capabilities and the accompanying interconnected device networks, which include sensors, data, and advanced computing capabilities. We have developed product software designs that we believe are less susceptible to cyber-attacks, but despite these efforts, if our products and services that include IoT solutions, inclusive of artificial intelligence and machine learning technologies, do not work as intended or are compromised, the possible consequences include financial loss, reputational damage, exposure to legal claims or enforcement actions, theft of intellectual property, and diminution in the value of our investment in research, development, and engineering, which in turn could adversely affect our competitiveness and results of operations. Additionally, our ability to continue to develop or use certain technologies may depend on our access to technology offered by third-party software and infrastructure providers, including those that provide hardware or artificial intelligence models, and we cannot control the quality, availability, or cost of these offerings.",substantive,yes,focal_firm,current,NA,NA,customer_facing_product,unspecified_ai,NA,no,yes,2,NA,NA,NA,no,no,yes,no,NA,NA,NA,high,no,"AI/ML IoT product reliability, cybersecurity and model-supplier dependence risks.",NA,no,no,NA,NA,no,cybersecurity|financial|intellectual_property|model_quality|third_party,no,NA,127229,128399,1071,1071,NA,claim,expanded_2026_10_08_v2
HON_claim_5aaf0d005289f468ef7f,HON_10K_2026-02-17:L1079:b104d7664a3074b3,HON,2025-12-31,HON_10K_2026-02-17.txt,1079,"Moreover, beyond the regulations generally applicable to data collection and use, technologies such as artificial intelligence and machine learning may introduce novel compliance, security, and operational risks due to the rapidly evolving legal and regulatory environment, both in the United States and internationally, surrounding the development, sale and use of these technologies. Governments globally - including through frameworks such as the EU AI Act, the Colorado Artificial Intelligence Act, and the California AI Transparency Act - are adopting rules that impose heightened transparency, risk‑management, monitoring, and human‑oversight obligations. As these frameworks develop, we may be required to modify our practices, contracts, or products. Their ultimate impact is uncertain, and additional jurisdictions may adopt similar requirements. Failure to comply could result in regulatory scrutiny, fines, or reputational harm.",substantive,yes,focal_firm,hypothetical,NA,NA,unclear_or_other,unspecified_ai,NA,no,yes,2,NA,NA,NA,no,no,yes,no,NA,NA,NA,high,no,AI/ML regulation may require transparency/oversight changes; legal requirements not current installed controls.,NA,no,no,NA,NA,no,operational|regulatory,no,NA,129214,130153,1079,1079,NA,claim,expanded_2026_10_08_v2
HON_claim_34c019e96ac1bdbb5711,HON_10K_2026-02-17:L1083:6ecad17952030817,HON,2025-12-31,HON_10K_2026-02-17.txt,1083,"We collect, store, have access to, and otherwise process certain confidential or sensitive data, including proprietary business information, personal data, or other information that is subject to data privacy and security laws, regulations, and/or contractual obligations with third parties. Despite our efforts to protect such data, we may be vulnerable to material security breaches, theft, misplaced or lost data, artificial intelligence-related data leaks, programming errors, or human errors that could potentially lead to the compromise of such data, improper use of our products, systems, software solutions, or networks, unauthorized access, use, disclosure, modification, or destruction of data, defective products, production downtimes, and operational disruptions. A significant actual or perceived risk of theft, loss, fraudulent use or misuse of customer, employee, or other data, including misuse of artificial intelligence features, whether by us, our suppliers, channel partners, customers, or other third parties, as a result of employee error or malfeasance, or as a result of the imaging, software, security, and other products we incorporate into our products, as well as non-compliance with applicable industry standards or our contractual or other legal obligations or privacy and information security policies regarding such data, could result in costs, fines, litigation, or regulatory actions, or could lead customers to select the products and services of our competitors. In addition, we operate in an environment in which there are different and potentially conflicting laws in effect in the U.S. and foreign jurisdictions in which we operate, and we must understand and comply with each law and standard in these jurisdictions while also ensuring the data is secure. Many of these laws impose stringent requirements as to how we collect, store, maintain, transfer, and otherwise process personal data and provide significant or material penalties for noncompliance. Many jurisdictions have passed or are considering laws that require personal data relating to their residents or citizens to be maintained or replicated on local servers or impose specific obligations related to extraterritorial data transfers. Government enforcement actions can be costly and interrupt the regular operation of our business, and actual or alleged violations of such laws, including in relation to the Company’s processing of personal data or adoption of emerging technologies such as artificial intelligence and machine learning, can result in fines, reputational damage, and civil lawsuits, any of which may adversely affect our business, reputation, and financial statements.",substantive,yes,focal_firm,hypothetical,NA,NA,unclear_or_other,unspecified_ai,NA,no,yes,2,NA,NA,NA,no,no,yes,no,NA,NA,NA,high,no,"AI data leaks/misuse/processing create privacy, cybersecurity and liability exposure.",NA,no,no,NA,NA,no,cybersecurity|misuse|operational|privacy|regulatory,no,NA,130277,132967,1083,1083,NA,claim,expanded_2026_10_08_v2
HON_claim_81c9d050da4a0b80d8d8,HON_10K_2026-02-17:L1137:d932c6d39daa4553,HON,2025-12-31,HON_10K_2026-02-17.txt,1137,"We are currently, and may in the future become, subject to lawsuits, fines, investigations, and disputes (some of which involve substantial amounts claimed) arising out of the conduct of our business, or those of previously-owned entities, including matters relating to commercial transactions, government contracts, product liability, the integration of emerging technologies (such as, but not limited to, artificial intelligence and machine learning), prior acquisitions and divestitures, employment, employee benefits plans, intellectual property, antitrust, anti-corruption, accounting, import and export, and environmental, health, and safety matters. Our potential liabilities are subject to change over time due to new developments, changes in settlement strategy or the impact of evidentiary requirements, and we may become subject to or be required to pay damage awards or settlements that could have a material adverse effect on our results of operations, reputation, cash flows, and financial condition. While we maintain insurance for certain risks, the amount of our insurance coverage may not be adequate to cover the total amount of all insured claims and liabilities. The incurrence of significant liabilities for which there is no or insufficient insurance coverage could adversely affect our results of operations, cash flows, liquidity, and financial condition.",substantive,yes,focal_firm,current,NA,NA,unclear_or_other,unspecified_ai,NA,no,yes,2,NA,NA,NA,no,no,yes,no,NA,NA,NA,high,no,AI/ML product integration included within current/future litigation contingencies.,NA,no,no,NA,NA,no,financial|regulatory,no,NA,148322,149702,1137,1137,HON_ai_litigation_contingencies,claim,expanded_2026_10_08_v2
HON_claim_2edd5eec98fee3cf6827,HON_10K_2026-02-17:L1460:7b97ee98aad15b2c,HON,2025-12-31,HON_10K_2026-02-17.txt,1460,"Contingent Liabilities - We are subject to, and in the future may become subject to, a number of lawsuits, investigations, and claims (some of which involve substantial dollar amounts) arising out of the conduct of our business operations or those of previously owned entities, including matters relating to commercial transactions, government contracts, product liability, the integration of emerging technologies (such as, but not limited to, artificial intelligence and machine learning), prior acquisitions and divestitures, employment, employee benefit plans, intellectual property, legal, and environmental, health, and safety matters. We continually assess the likelihood of any adverse judgments or outcomes to our contingencies, as well as potential amounts or ranges of probable losses, and recognize a liability, if any, for these contingencies based on a careful analysis of each matter with the assistance of outside legal counsel and, if applicable, other experts. Such analysis includes making judgments concerning matters such as the costs associated with environmental matters, the outcome of negotiations, and the impact of evidentiary requirements. Because most contingencies are resolved over long periods of time, liabilities may change in the future due to new developments (including new discovery of facts, changes in legislation, and outcomes of similar cases through the judicial system), changes in assumptions, or changes in our settlement strategy. See Note 19 Commitments and Contingencies of Notes to Consolidated Financial Statements for a discussion of management’s judgment applied in the recognition and measurement of our environmental and asbestos liabilities, which represent our most significant contingencies.",substantive,yes,focal_firm,current,NA,NA,unclear_or_other,unspecified_ai,NA,no,yes,2,NA,NA,NA,no,no,yes,no,NA,NA,NA,high,no,"Repeated AI/ML litigation/contingency disclosure, not a new application.",NA,no,no,NA,NA,no,financial|regulatory,no,NA,197452,199201,1460,1460,HON_ai_litigation_contingencies,claim,expanded_2026_10_08_v2
HON_claim_e1c55d997464922d8e03,HON_10K_2026-02-17:L2413:7bba0d32cae58431,HON,2025-12-31,HON_10K_2026-02-17.txt,2413,"Industrial Automation combines these products and services with proprietary machine learning and artificial intelligence algorithms in products and projects which are digitally enabled through the Company's industry leading industrial IoT platform, Honeywell Forge.",substantive,yes,focal_firm,current,HON_uc_forge_industrial_ai,Honeywell Forge-enabled industrial AI optimization,customer_facing_product,traditional_ml,efficiency|workforce_productivity,no,no,3,4,yes,no,no,no,no,no,no,NA,NA,medium,yes,Industrial Automation currently combines ML/AI algorithms in delivered Forge-enabled products/projects.,Product/project family rather than specific plant workflow; no internal Honeywell adoption inference.,no,yes,4,resolved,no,NA,yes,HON_10K_2026-02-17.txt:L2413 (full parent/context),313021,313286,2413,2413,NA,claim,expanded_2026_10_08_v2
HON_claim_05ef4305a77e9262b938,HON_10K_2026-02-17:L4006:a4222be226935e90,HON,2025-12-31,HON_10K_2026-02-17.txt,4006,"The Company is subject to a number of other lawsuits, investigations, and claims (some of which involve substantial dollar amounts) arising out of the conduct of the its business operations or those of previously owned entities, including matters relating to commercial transactions, government contracts, product liability, the integration of emerging technologies (such as, but not limited to, artificial intelligence and machine learning), prior acquisitions and divestitures, employment, employee benefit plans, intellectual property, legal, and environmental, health, and safety matters. The Company recognizes liabilities for any contingency that is probable of occurrence and reasonably estimable. The Company continually assesses the likelihood of adverse judgments or outcomes in such matters, as well as potential ranges of probable losses (taking into consideration any insurance recoveries), based on a careful analysis of each matter with the assistance of outside legal counsel and, if applicable, other experts.",substantive,yes,focal_firm,current,NA,NA,unclear_or_other,unspecified_ai,NA,no,yes,2,NA,NA,NA,no,no,yes,no,NA,NA,NA,high,no,Repeated AI/ML litigation accounting contingency.,NA,no,no,NA,NA,no,financial|regulatory,no,NA,490170,491196,4006,4006,HON_ai_litigation_contingencies,claim,expanded_2026_10_08_v2
XOM_claim_9fba3db1b15aec56464e,XOM_10K_2026-02-18:L168:ef7270d425417996,XOM,2025-12-31,XOM_10K_2026-02-18.txt,168,"increased demand for artificial intelligence (AI), including the construction and expansion of AI data centers;",context_only,no,industry,hypothetical,NA,NA,infrastructure_or_platform,NA,NA,NA,yes,NA,NA,NA,NA,NA,NA,NA,NA,NA,NA,NA,high,no,"AI datacentre demand is an energy-market determinant, not focal AI adoption.",NA,no,no,NA,NA,NA,NA,no,NA,21155,21266,168,168,NA,screening,expanded_2026_10_08_v2
XOM_claim_0128e6579059df43522c,XOM_10K_2026-02-18:L242:5fabef96d47d247e,XOM,2025-12-31,XOM_10K_2026-02-18.txt,242,"To remain competitive, we must also continuously adapt and capture the benefits of new and emerging technologies, such as AI, including successfully applying advances in the ability to process and integrate large amounts of data to our businesses and decision-making processes.",substantive,yes,focal_firm,current,NA,NA,internal_operations,unspecified_ai,competitive_positioning|efficiency,no,yes,2,1,NA,NA,no,no,no,no,no,NA,NA,medium,yes,"AI/data decision benefits as a competitive success objective, without explicit implementation plan.","Must adapt/apply is normative objective, not a named intended application.",no,yes,1,NA,yes,NA,no,NA,44868,45145,242,242,NA,claim,expanded_2026_10_08_v2
XOM_claim_23ccf9716a6d61b34148,XOM_10K_2026-02-18:L254:64e4b6c83aa9e42c,XOM,2025-12-31,XOM_10K_2026-02-18.txt,254,Technology and expertise provided by industry service companies or AI may also enhance the competitiveness of firms that may not have the internal resources and capabilities of ExxonMobil or reduce the need for resource-owning countries to partner with private-sector oil and gas companies in order to monetize national resources.,substantive,yes,competitor,hypothetical,NA,NA,unclear_or_other,unspecified_ai,NA,no,yes,2,NA,NA,NA,no,no,yes,no,NA,NA,NA,high,no,AI could improve rivals' competitiveness or disintermediate partnerships.,NA,no,no,NA,NA,no,competitive,no,NA,49883,50213,254,254,NA,claim,expanded_2026_10_08_v2
CVX_claim_057c060d831288000e5a,CVX_10K_2026-02-24:L743:ed961f62cbfa1aca,CVX,2025-12-31,CVX_10K_2026-02-24.txt,743,"Chevron is applying artificial intelligence (AI) to drive productivity, efficiency and value to its global operations. The company is building high-impact use cases leveraging its extensive data and insights and collaborating with others to access AI solutions to help unlock value.",substantive,yes,focal_firm,current,NA,AI use across processes/systems/operations; tasks unspecified,internal_operations,unspecified_ai,efficiency|workforce_productivity,no,no,2,4,yes,no,no,no,no,no,no,NA,NA,medium,yes,Current applying-AI statement corroborated by explicit ongoing AI use in processes/operations; tasks remain unidentified.,Broad current operational use is explicit; no reliable application inventory.,no,yes,4,not_identified,yes,NA,yes,CVX_10K_2026-02-24.txt:L743|CVX_10K_2026-02-24.txt:L781,122669,122951,743,743,NA,claim,expanded_2026_10_08_v2
CVX_claim_85e5530b5bc9bc9754ea,CVX_10K_2026-02-24:L743:ed961f62cbfa1aca,CVX,2025-12-31,CVX_10K_2026-02-24.txt,743,"In an effort to ensure its AI systems are reliable and effective, the company is employing processes to assess its capabilities, limitations and readiness. Chevron is a member of the Responsible AI institute, a consortium focused on integrating AI responsibly while safeguarding human values.",substantive,yes,focal_firm,current,NA,NA,unclear_or_other,unspecified_ai,NA,no,no,3,NA,NA,NA,no,yes,no,yes,NA,NA,NA,high,no,AI capability/readiness assessments and responsible-AI consortium membership.,NA,no,no,NA,NA,no,NA,no,NA,122952,123244,743,743,NA,claim,expanded_2026_10_08_v2
CVX_claim_7579bf99ebf3c23950a2,CVX_10K_2026-02-24:L781:db256fd1841be56f,CVX,2025-12-31,CVX_10K_2026-02-24.txt,781,"The company is increasingly utilizing artificial intelligence (“AI”) technologies in certain of its processes, information systems and various operations, and expects that AI will assume a more critical role in its operations over time.",substantive,yes,focal_firm,current,NA,AI use across processes/systems/operations; tasks unspecified,internal_operations,unspecified_ai,NA,no,yes,2,4,yes,no,no,no,no,no,no,NA,NA,medium,yes,Explicit current AI use in internal processes/operations without named tasks.,Routine task identity and enterprise breadth unspecified.,no,yes,4,not_identified,no,NA,no,NA,135838,136074,781,781,NA,claim,expanded_2026_10_08_v2
CVX_claim_465d45d56c6605a2b8cd,CVX_10K_2026-02-24:L781:db256fd1841be56f,CVX,2025-12-31,CVX_10K_2026-02-24.txt,781,"The use of AI technologies introduces certain risks to the company, including potential dependency on biased or incorrect AI outputs, new or enhanced regulatory requirements, litigation, privacy risks, cybersecurity risks, reputational harm, liability or other adverse consequences, any of which could adversely affect its business, financial condition and results of operations.",substantive,yes,focal_firm,hypothetical,NA,NA,unclear_or_other,unspecified_ai,NA,no,yes,2,NA,NA,NA,no,no,yes,no,NA,NA,NA,high,no,"AI outputs, privacy/cyber liability, third-party and competition risks.",NA,no,no,NA,NA,no,bias|competitive|cybersecurity|model_quality|privacy|regulatory|reputational|third_party,no,NA,136075,136454,781,781,NA,claim,expanded_2026_10_08_v2
CVX_claim_c163b2705f86080382cc,CVX_10K_2026-02-24:L991:a6f43a1483419005,CVX,2025-12-31,CVX_10K_2026-02-24.txt,991,"                                   Vice President, Midcontinent (Aug 2021 - Jun 2025)
  Jeff B. Gustavson*       53      President, New Energies (since Aug 2021)                                                                            Lower Carbon Solutions; Power for Data Centers; Artificial Intelligence",substantive,yes,focal_firm,current,NA,NA,unclear_or_other,unspecified_ai,NA,no,no,2,NA,NA,NA,no,no,no,NA,NA,NA,NA,medium,yes,AI is listed as an executive responsibility; strategic task/implementation absent.,"Role portfolio is organizational evidence, not a concrete adoption or governance framework.",no,no,NA,NA,no,NA,no,NA,181374,181683,991,992,NA,claim,expanded_2026_10_08_v2
COP_claim_2d90f7b510cd0a7ce255,COP_10K_2026-02-17:L902:55b3e43f53a152b0,COP,2025-12-31,COP_10K_2026-02-17.txt,902,"We also face increased risk with the increased sophistication of generative artificial intelligence capabilities, which may improve or expand the existing capabilities of cybercriminals described above in a manner we cannot predict at this time.",substantive,yes,other,hypothetical,NA,NA,unclear_or_other,genai,NA,no,yes,2,NA,NA,NA,no,no,yes,no,NA,NA,NA,high,no,GenAI advances may enhance cybercriminal capabilities.,NA,no,no,NA,NA,no,cybersecurity|third_party,no,NA,105700,105945,902,902,NA,claim,expanded_2026_10_08_v2
